/**
 * generated by fontconvert.py
 * name: ubuntu_10_regular
 * size: 10
 * mode: 1-bit
 * Command used: fontconvert.py ubuntu_10_regular 10 ../builtinFonts/source/Ubuntu/Ubuntu-Regular.ttf ../builtinFonts/source/NotoSansHebrew/NotoSansHebrew-Regular.ttf ../builtinFonts/source/NotoSansArabic/NotoSansArabic-Regular.ttf ../builtinFonts/source/Ubuntu/Ubuntu-Vietnamese-Regular.ttf /tmp/tmp.542KGByGpV/NotoSans-UiVietnamese-Regular.ttf --additional-intervals 0x05D0,0x05EA --additional-intervals 0x060C,0x060C --additional-intervals 0x061B,0x061B --additional-intervals 0x061F,0x061F --additional-intervals 0x0621,0x0621 --additional-intervals 0x0640,0x0640 --additional-intervals 0x0660,0x0669 --additional-intervals 0x06BA,0x06BA --additional-intervals 0x06D4,0x06D4 --additional-intervals 0x06F0,0x06F9 --additional-intervals 0xFB56,0xFB59 --additional-intervals 0xFB66,0xFB69 --additional-intervals 0xFB7A,0xFB7D --additional-intervals 0xFB88,0xFB95 --additional-intervals 0xFB9E,0xFB9F --additional-intervals 0xFBA6,0xFBB1 --additional-intervals 0xFBFC,0xFBFF --additional-intervals 0xFE80,0xFEFC --additional-intervals 0x0250,0x02AF --additional-intervals 0x02C8,0x02D0 --additional-intervals 0x03B8,0x03B8
 */
#pragma once
#include "EpdFontData.h"

static const uint8_t ubuntu_10_regularBitmaps[25827] = {
    0xEE, 0xEE, 0xE6, 0x66, 0x66, 0x00, 0xEF, 0xE0, 0xEF, 0xDF, 0xBF, 0x6E, 0xC0, 0x1C, 0x61, 0xCE,
    0x1C, 0xE1, 0x8E, 0xFF, 0xFF, 0xFF, 0x38, 0xC3, 0x9C, 0x31, 0xCF, 0xFF, 0xFF, 0xF7, 0x18, 0x73,
    0x87, 0x38, 0x63, 0x80, 0x0C, 0x03, 0x03, 0xF9, 0xFE, 0xF1, 0xB8, 0x0E, 0x01, 0xE0, 0x7E, 0x07,
    0xE0, 0x78, 0x07, 0x01, 0xF8, 0xFF, 0xFB, 0xFC, 0x0C, 0x03, 0x00, 0xC0, 0x7C, 0x38, 0xEE, 0x38,
    0xC6, 0x70, 0xC6, 0x70, 0xC6, 0xE0, 0xEE, 0xC0, 0x7D, 0xC0, 0x01, 0x80, 0x03, 0xBE, 0x03, 0x77,
    0x07, 0x63, 0x0E, 0x63, 0x0E, 0x63, 0x1C, 0x77, 0x1C, 0x3E, 0x0F, 0x80, 0x7F, 0x03, 0xDC, 0x0E,
    0x30, 0x39, 0xC0, 0x6E, 0x01, 0xF8, 0x07, 0x80, 0x3F, 0x19, 0xCE, 0xE6, 0x1F, 0x18, 0x3C, 0x78,
    0xF1, 0xFF, 0xE3, 0xF9, 0xC0, 0xFF, 0xFE, 0x1C, 0x73, 0x8C, 0x71, 0xC6, 0x38, 0xE3, 0x8E, 0x38,
    0xE1, 0x87, 0x1C, 0x30, 0xE1, 0xC7, 0xC3, 0x87, 0x1C, 0x38, 0xE3, 0x86, 0x18, 0x71, 0xC6, 0x18,
    0xE3, 0x8E, 0x71, 0xCE, 0x30, 0x0C, 0x03, 0x06, 0xD9, 0xFE, 0x1E, 0x07, 0x83, 0xF0, 0xCC, 0x0C,
    0x03, 0x00, 0xC0, 0x30, 0xFF, 0xFF, 0xF0, 0xC0, 0x30, 0x0C, 0x03, 0x00, 0x77, 0x76, 0x60, 0xFF,
    0xF0, 0xFF, 0x80, 0x01, 0xC0, 0x60, 0x38, 0x0E, 0x03, 0x01, 0xC0, 0x70, 0x18, 0x0E, 0x03, 0x81,
    0xC0, 0x70, 0x1C, 0x0E, 0x03, 0x80, 0xC0, 0x70, 0x1C, 0x06, 0x03, 0x80, 0x3F, 0x1F, 0xE7, 0x3B,
    0x87, 0xE1, 0xF8, 0x7E, 0x1F, 0x07, 0xE1, 0xF8, 0x7E, 0x1F, 0x87, 0x73, 0x9F, 0xE3, 0xF0, 0x0E,
    0x3D, 0xFB, 0xF7, 0xE1, 0xC3, 0x87, 0x0E, 0x1C, 0x38, 0x70, 0xE1, 0xC3, 0x80, 0x7E, 0x3F, 0xCE,
    0x78, 0x0E, 0x03, 0x80, 0xE0, 0x70, 0x3C, 0x1E, 0x0F, 0x03, 0x81, 0xC0, 0xE0, 0x3F, 0xFF, 0xFC,
    0x7E, 0x3F, 0xC6, 0x78, 0x0E, 0x03, 0x81, 0xE3, 0xF0, 0xFC, 0x07, 0x80, 0x60, 0x1C, 0x07, 0xC7,
    0xBF, 0xEF, 0xE0, 0x03, 0xC0, 0x78, 0x1F, 0x07, 0xE1, 0xDC, 0x3B, 0x8E, 0x73, 0x8E, 0x61, 0xDF,
    0xFF, 0xFF, 0x80, 0xE0, 0x1C, 0x03, 0x80, 0x70, 0x7F, 0x9F, 0xE7, 0x01, 0xC0, 0x70, 0x1F, 0x87,
    0xF0, 0x7E, 0x03, 0x80, 0x70, 0x1C, 0x07, 0xE7, 0xBF, 0xEF, 0xE0, 0x07, 0x87, 0xE3, 0xF1, 0xC0,
    0x60, 0x3F, 0xCF, 0xFB, 0xCF, 0xE1, 0xF8, 0x7E, 0x1F, 0x87, 0x73, 0xDF, 0xE3, 0xF0, 0xFF, 0xFF,
    0xF0, 0x1C, 0x0E, 0x07, 0x01, 0xC0, 0xE0, 0x38, 0x0C, 0x07, 0x01, 0xC0, 0x60, 0x38, 0x0E, 0x03,
    0x80, 0x3F, 0x1F, 0xEF, 0x3B, 0x87, 0xE1, 0xFC, 0xE7, 0xF8, 0xFC, 0x7F, 0xB8, 0xFE, 0x1F, 0x87,
    0xF3, 0xDF, 0xE3, 0xF0, 0x3F, 0x1F, 0xEF, 0x7B, 0x87, 0xE1, 0xF8, 0x7F, 0x3D, 0xFF, 0x3F, 0xC0,
    0x60, 0x38, 0x1E, 0x1F, 0x1F, 0x87, 0x80, 0xFF, 0x80, 0x00, 0xFF, 0x80, 0x77, 0x70, 0x00, 0x00,
    0x07, 0x77, 0x66, 0x01, 0xC3, 0xF7, 0xFB, 0xF0, 0xF0, 0x3F, 0x07, 0xF8, 0x3F, 0x01, 0xC0, 0xFF,
    0xFF, 0xF0, 0x00, 0x00, 0x00, 0x3F, 0xFF, 0xFC, 0xE0, 0x3F, 0x07, 0xF8, 0x3F, 0x03, 0xC3, 0xF7,
    0xFB, 0xF0, 0xE0, 0x00, 0xFE, 0xFF, 0x6F, 0x07, 0x07, 0x06, 0x0E, 0x1C, 0x38, 0x38, 0x00, 0x00,
    0x38, 0x38, 0x38, 0x07, 0xF8, 0x03, 0xFF, 0x81, 0xF3, 0xF0, 0xE0, 0x1C, 0x70, 0x03, 0x9C, 0x7E,
    0x6E, 0x7F, 0x9F, 0x9E, 0xE7, 0xE6, 0x19, 0xFB, 0x86, 0x7E, 0xE1, 0x9F, 0xB8, 0x67, 0xE7, 0xBB,
    0xB9, 0xFF, 0xE7, 0x3F, 0xF1, 0xC0, 0x00, 0x38, 0x00, 0x07, 0xC6, 0x00, 0xFF, 0x80, 0x1F, 0xE0,
    0x07, 0x00, 0x1E, 0x00, 0x78, 0x03, 0xF0, 0x0D, 0xC0, 0x73, 0x01, 0xCE, 0x06, 0x18, 0x38, 0x70,
    0xFF, 0xC7, 0xFF, 0x1C, 0x0E, 0x60, 0x3B, 0x80, 0x7E, 0x01, 0xC0, 0x7F, 0x8F, 0xFC, 0xE3, 0xEE,
    0x0E, 0xE0, 0xEE, 0x3E, 0xFF, 0xCF, 0xFE, 0xE1, 0xEE, 0x07, 0xE0, 0x7E, 0x07, 0xE1, 0xEF, 0xFE,
    0x7F, 0x80, 0x0F, 0xE3, 0xFF, 0x7C, 0x67, 0x00, 0xE0, 0x0E, 0x00, 0xE0, 0x0E, 0x00, 0xE0, 0x0E,
    0x00, 0xE0, 0x07, 0x00, 0x7C, 0x63, 0xFF, 0x0F, 0xE0, 0x7F, 0x87, 0xFF, 0x38, 0xFD, 0xC0, 0xEE,
    0x07, 0xF0, 0x1F, 0x80, 0xFC, 0x07, 0xE0, 0x3F, 0x01, 0xF8, 0x0F, 0xC0, 0xEE, 0x3F, 0x7F, 0xF1,
    0xFE, 0x00, 0xFF, 0xDF, 0xFB, 0x80, 0x70, 0x0E, 0x01, 0xC0, 0x3F, 0xE7, 0xFC, 0xE0, 0x1C, 0x03,
    0x80, 0x70, 0x0E, 0x01, 0xFF, 0xFF, 0xF8, 0xFF, 0xFF, 0xFE, 0x03, 0x80, 0xE0, 0x38, 0x0F, 0xFB,
    0xFE, 0xE0, 0x38, 0x0E, 0x03, 0x80, 0xE0, 0x38, 0x0E, 0x00, 0x0F, 0xE3, 0xFF, 0x7C, 0x77, 0x00,
    0xE0, 0x0E, 0x00, 0xE0, 0x0E, 0x00, 0xE0, 0x7E, 0x07, 0xE0, 0x77, 0x07, 0x7C, 0x73, 0xFF, 0x0F,
    0xF0, 0xE0, 0x3E, 0x03, 0xE0, 0x3E, 0x03, 0xE0, 0x3E, 0x03, 0xFF, 0xFF, 0xFF, 0xE0, 0x3E, 0x03,
    0xE0, 0x3E, 0x03, 0xE0, 0x3E, 0x03, 0xE0, 0x30, 0xFF, 0xFF, 0xFF, 0xFF, 0xFF, 0xF8, 0x03, 0x81,
    0xC0, 0xE0, 0x70, 0x38, 0x1C, 0x0E, 0x07, 0x03, 0x81, 0xC0, 0xE0, 0x7E, 0x7F, 0xF9, 0xF8, 0xE0,
    0xF7, 0x07, 0x38, 0x71, 0xC7, 0x0E, 0x70, 0x77, 0x03, 0xF0, 0x1F, 0x80, 0xFE, 0x07, 0x78, 0x39,
    0xE1, 0xC7, 0x8E, 0x1E, 0x70, 0x7B, 0x81, 0xC0, 0xE0, 0x38, 0x0E, 0x03, 0x80, 0xE0, 0x38, 0x0E,
    0x03, 0x80, 0xE0, 0x38, 0x0E, 0x03, 0x80, 0xE0, 0x3F, 0xFF, 0xFC, 0x70, 0x0E, 0x70, 0x0E, 0x78,
    0x1E, 0x78, 0x1F, 0x6C, 0x3F, 0x6C, 0x37, 0x66, 0x37, 0xE6, 0x67, 0xE7, 0x67, 0xE3, 0xE7, 0xE3,
    0xC7, 0xE3, 0xC7, 0xE1, 0xC7, 0xE0, 0x07, 0xE0, 0x03, 0xE0, 0x3F, 0x81, 0xFE, 0x0F, 0xF8, 0x7F,
    0xC3, 0xF7, 0x1F, 0x9C, 0xFC, 0x77, 0xE3, 0xBF, 0x0F, 0xF8, 0x3F, 0xC1, 0xFE, 0x07, 0xF0, 0x3F,
    0x80, 0xE0, 0x0F, 0xE0, 0x7F, 0xE1, 0xF3, 0xE3, 0x81, 0xEE, 0x01, 0xDC, 0x03, 0xB8, 0x07, 0x70,
    0x06, 0xE0, 0x1D, 0xC0, 0x3B, 0x80, 0x73, 0x81, 0xE7, 0xCF, 0x87, 0xFE, 0x03, 0xF8, 0x00, 0x7F,
    0x8F, 0xFC, 0xE3, 0xEE, 0x0E, 0xE0, 0xEE, 0x0E, 0xE3, 0xEF, 0xFC, 0xFF, 0x8E, 0x00, 0xE0, 0x0E,
    0x00, 0xE0, 0x0E, 0x00, 0xE0, 0x00, 0x0F, 0xE0, 0x7F, 0xE1, 0xF3, 0xE3, 0x81, 0xEE, 0x01, 0xDC,
    0x03, 0xB8, 0x07, 0x70, 0x06, 0xE0, 0x1D, 0xC0, 0x3B, 0x80, 0x73, 0x81, 0xE7, 0xCF, 0x87, 0xFE,
    0x03, 0xF8, 0x01, 0xC0, 0x01, 0xF0, 0x01, 0xF0, 0x01, 0xE0, 0x7F, 0x8F, 0xFC, 0xE3, 0xEE, 0x0E,
    0xE0, 0xEE, 0x0E, 0xE3, 0xEF, 0xFC, 0xFF, 0x8E, 0x38, 0xE3, 0xCE, 0x1C, 0xE0, 0xEE, 0x0E, 0xE0,
    0x70, 0x1F, 0xCF, 0xF9, 0xE7, 0x38, 0x07, 0x00, 0xE0, 0x1F, 0x80, 0xFC, 0x07, 0xC0, 0x3C, 0x03,
    0x80, 0x77, 0x3F, 0xFF, 0x9F, 0xE0, 0xFF, 0xFF, 0xFF, 0x06, 0x00, 0x60, 0x06, 0x00, 0x60, 0x06,
    0x00, 0x60, 0x06, 0x00, 0x60, 0x06, 0x00, 0x60, 0x06, 0x00, 0x60, 0x06, 0x00, 0xE0, 0x7E, 0x07,
    0xE0, 0x7E, 0x07, 0xE0, 0x7E, 0x07, 0xE0, 0x7E, 0x07, 0xE0, 0x7E, 0x07, 0xE0, 0x77, 0x07, 0x79,
    0xE3, 0xFE, 0x1F, 0xC0, 0xE0, 0x1F, 0x80, 0xE7, 0x03, 0x9C, 0x0E, 0x70, 0x70, 0xE1, 0xC3, 0x87,
    0x0E, 0x38, 0x1C, 0xE0, 0x73, 0x80, 0xFC, 0x03, 0xF0, 0x0F, 0x80, 0x1E, 0x00, 0x70, 0x00, 0xE0,
    0x00, 0xFC, 0x00, 0x1D, 0xC3, 0x83, 0xB8, 0x78, 0x77, 0x0F, 0x0C, 0xE3, 0xE3, 0x9C, 0x7E, 0x71,
    0xCD, 0xCE, 0x3B, 0x99, 0xC7, 0x73, 0xB0, 0xEC, 0x7E, 0x0F, 0x87, 0xC1, 0xF0, 0xF8, 0x3C, 0x1E,
    0x03, 0x81, 0xC0, 0x70, 0x7B, 0x83, 0x8E, 0x38, 0x3B, 0xC1, 0xDC, 0x07, 0xC0, 0x1E, 0x00, 0xE0,
    0x0F, 0x80, 0x7E, 0x07, 0x70, 0x71, 0xC3, 0x87, 0x38, 0x3B, 0x80, 0xE0, 0xE0, 0x3B, 0x83, 0x9C,
    0x38, 0x71, 0xC3, 0x9C, 0x0E, 0xE0, 0x7E, 0x01, 0xF0, 0x07, 0x00, 0x38, 0x01, 0xC0, 0x0E, 0x00,
    0x70, 0x03, 0x80, 0x1C, 0x00, 0x7F, 0xE7, 0xFE, 0x00, 0xE0, 0x1C, 0x03, 0x80, 0x78, 0x07, 0x00,
    0xE0, 0x1C, 0x01, 0xC0, 0x38, 0x07, 0x00, 0x70, 0x0F, 0xFF, 0xFF, 0xF0, 0xFF, 0xF1, 0x8C, 0x63,
    0x18, 0xC6, 0x31, 0x8C, 0x63, 0x18, 0xC6, 0x3F, 0xF0, 0xE0, 0x18, 0x07, 0x01, 0xC0, 0x30, 0x0E,
    0x03, 0x80, 0x60, 0x1C, 0x07, 0x00, 0xE0, 0x38, 0x06, 0x01, 0xC0, 0x70, 0x0C, 0x03, 0x80, 0xE0,
    0x18, 0x07, 0xFF, 0xC6, 0x31, 0x8C, 0x63, 0x18, 0xC6, 0x31, 0x8C, 0x63, 0x18, 0xFF, 0xF0, 0x0E,
    0x01, 0xE0, 0x7E, 0x0D, 0xC3, 0x9C, 0x63, 0x9C, 0x3B, 0x03, 0x7F, 0xF7, 0xFF, 0xC7, 0x1C, 0x60,
    0x3F, 0x0F, 0xE3, 0x3C, 0x07, 0x3F, 0xDF, 0xF7, 0x9D, 0x87, 0x71, 0xDF, 0xF3, 0xFC, 0xE0, 0x1C,
    0x03, 0x80, 0x70, 0x0E, 0x01, 0xFE, 0x3F, 0xE7, 0x9E, 0xE1, 0xDC, 0x1F, 0x83, 0xF0, 0x7E, 0x1D,
    0xC7, 0xBF, 0xE7, 0xF8, 0x3F, 0x3F, 0xBE, 0x5C, 0x0E, 0x07, 0x03, 0x81, 0xC0, 0xF9, 0x3F, 0xCF,
    0xE0, 0x01, 0xC0, 0x70, 0x1C, 0x07, 0x01, 0xCF, 0xF7, 0xFF, 0xCF, 0xE1, 0xF8, 0x7E, 0x1F, 0x87,
    0xE1, 0xFE, 0x77, 0xFC, 0xFF, 0x3F, 0x1F, 0xEF, 0x3F, 0x87, 0xFF, 0xFF, 0xFE, 0x03, 0x80, 0xF9,
    0x9F, 0xE3, 0xF8, 0x3F, 0x7E, 0x72, 0xE0, 0xE0, 0xFE, 0xFE, 0xE0, 0xE0, 0xE0, 0xE0, 0xE0, 0xE0,
    0xE0, 0xE0, 0xE0, 0x3F, 0xDF, 0xFF, 0x9F, 0x87, 0xE1, 0xF8, 0x7E, 0x1F, 0x87, 0xF3, 0xDF, 0xF3,
    0xFC, 0x07, 0x63, 0xBF, 0xEF, 0xF0, 0xE0, 0x38, 0x0E, 0x03, 0x80, 0xE0, 0x3F, 0xCF, 0xFB, 0xCF,
    0xE1, 0xF8, 0x7E, 0x1F, 0x87, 0xE1, 0xF8, 0x7E, 0x1F, 0x87, 0xFC, 0x01, 0xFF, 0xFF, 0xFF, 0xFF,
    0x1C, 0x70, 0x00, 0x00, 0x71, 0xC7, 0x1C, 0x71, 0xC7, 0x1C, 0x71, 0xC7, 0x1C, 0xFF, 0xBE, 0xE0,
    0x38, 0x0E, 0x03, 0x80, 0xE0, 0x38, 0xEE, 0x73, 0xBC, 0xEE, 0x3F, 0x0F, 0x83, 0xF0, 0xEE, 0x39,
    0xCE, 0x3B, 0x87, 0xE7, 0x39, 0xCE, 0x73, 0x9C, 0xE7, 0x39, 0xCE, 0x79, 0xEE, 0xFF, 0xFC, 0xFF,
    0xFE, 0xE7, 0xCF, 0xE3, 0x87, 0xE1, 0x87, 0xE1, 0x87, 0xE1, 0x87, 0xE1, 0x87, 0xE1, 0x87, 0xE1,
    0x87, 0xE1, 0x87, 0xFF, 0x3F, 0xEE, 0x3F, 0x87, 0xE1, 0xF8, 0x7E, 0x1F, 0x87, 0xE1, 0xF8, 0x7E,
    0x1C, 0x3F, 0x0F, 0xF3, 0xEF, 0x70, 0xEE, 0x0F, 0xC1, 0xF8, 0x3F, 0x0E, 0xF3, 0xCF, 0xF0, 0xFC,
    0x00, 0xFF, 0x1F, 0xF3, 0x8F, 0x70, 0xEE, 0x0F, 0xC1, 0xF8, 0x3F, 0x0E, 0xF3, 0xDF, 0xF3, 0xFC,
    0x70, 0x0E, 0x01, 0xC0, 0x38, 0x00, 0x3F, 0xDF, 0xFF, 0x9F, 0x87, 0xE1, 0xF8, 0x7E, 0x1F, 0x87,
    0xF3, 0xDF, 0xF3, 0xFC, 0x07, 0x01, 0xC0, 0x70, 0x1C, 0x7F, 0xFF, 0x8F, 0x0E, 0x1C, 0x38, 0x70,
    0xE1, 0xC3, 0x80, 0x3F, 0x3F, 0x9C, 0xCE, 0x07, 0xC1, 0xF8, 0x3E, 0x07, 0x47, 0xBF, 0xDF, 0xC0,
    0xE0, 0xE0, 0xE0, 0xFE, 0xFE, 0xE0, 0xE0, 0xE0, 0xE0, 0xE0, 0xE0, 0xF2, 0x7E, 0x7E, 0xE1, 0xF8,
    0x7E, 0x1F, 0x87, 0xE1, 0xF8, 0x7E, 0x1F, 0x87, 0x71, 0xDF, 0xF3, 0xFC, 0xE0, 0xDC, 0x39, 0x87,
    0x38, 0xE7, 0x38, 0x67, 0x0E, 0xC0, 0xF8, 0x1F, 0x03, 0xC0, 0x38, 0x00, 0xE1, 0xC7, 0xE1, 0xC7,
    0x63, 0xC7, 0x73, 0xC6, 0x73, 0xEE, 0x33, 0xEE, 0x3F, 0x6C, 0x3E, 0x7C, 0x1E, 0x7C, 0x1E, 0x38,
    0x1C, 0x38, 0xE1, 0xCE, 0x70, 0xEE, 0x0F, 0x81, 0xE0, 0x1C, 0x07, 0xC1, 0xF8, 0x73, 0x8E, 0x3B,
    0x83, 0x00, 0xE0, 0xDC, 0x39, 0xC7, 0x38, 0xC7, 0x18, 0x77, 0x0E, 0xE0, 0xD8, 0x1F, 0x01, 0xC0,
    0x38, 0x07, 0x01, 0xC1, 0xF8, 0x3E, 0x00, 0x7F, 0x9F, 0xE0, 0x38, 0x1C, 0x0E, 0x07, 0x03, 0x81,
    0xE0, 0x70, 0x3F, 0xEF, 0xF8, 0x0E, 0x3C, 0x71, 0xC3, 0x87, 0x0E, 0x1C, 0x79, 0xE3, 0xE3, 0xC3,
    0x87, 0x0E, 0x1C, 0x38, 0x38, 0x78, 0x70, 0xFF, 0xFF, 0xFF, 0xFF, 0xFF, 0xE1, 0xE1, 0xC1, 0xC3,
    0x87, 0x0E, 0x1C, 0x3C, 0x3C, 0xF9, 0xE3, 0x87, 0x0E, 0x1C, 0x38, 0xE3, 0xC7, 0x00, 0x3C, 0x6F,
    0xFD, 0xBF, 0xB1, 0xE0, 0xEF, 0xE0, 0x06, 0x66, 0x66, 0xEE, 0xEE, 0xE0, 0x0E, 0x03, 0x80, 0xE0,
    0x7E, 0x3F, 0x9E, 0x67, 0x01, 0x80, 0xE0, 0x18, 0x07, 0x01, 0xE2, 0x3F, 0x87, 0xE0, 0xE0, 0x38,
    0x0E, 0x00, 0x0F, 0xC7, 0xF3, 0xC8, 0xE0, 0x38, 0x0E, 0x03, 0x83, 0xFE, 0xFF, 0x8E, 0x03, 0x00,
    0xC0, 0x30, 0x1F, 0xF7, 0xFC, 0x60, 0x6F, 0xFC, 0xFF, 0x1C, 0xE3, 0x0C, 0x61, 0x8E, 0x71, 0xFE,
    0x7F, 0xEC, 0x0C, 0xE0, 0x77, 0x0E, 0x70, 0xE3, 0x9C, 0x1B, 0x81, 0xF8, 0x0F, 0x07, 0xFE, 0x7F,
    0xE0, 0x60, 0x06, 0x07, 0xFE, 0x7F, 0xE0, 0x60, 0x06, 0x00, 0xFF, 0xFF, 0x00, 0xFF, 0xFF, 0x1F,
    0x8F, 0xE7, 0x99, 0xC0, 0x38, 0x0F, 0x87, 0xF9, 0x8F, 0x61, 0xD8, 0x77, 0x98, 0xFE, 0x1F, 0x00,
    0xE0, 0x19, 0x8E, 0x7F, 0x9F, 0xC0, 0x66, 0x66, 0x0F, 0xE0, 0x3F, 0xF0, 0xF1, 0xE3, 0x80, 0xE6,
    0x7E, 0xFD, 0xC9, 0xF3, 0x01, 0xEE, 0x03, 0xCC, 0x07, 0xDC, 0x9D, 0x9F, 0xBB, 0x80, 0xE3, 0xC7,
    0x83, 0xFF, 0x03, 0xF8, 0x00, 0x7C, 0x2E, 0x06, 0x7E, 0x66, 0xE6, 0x66, 0x7E, 0x19, 0xCE, 0x73,
    0xB9, 0xDC, 0xE7, 0x1D, 0xC3, 0xB8, 0xE7, 0x19, 0xC0, 0xFF, 0xFF, 0xF0, 0x0C, 0x03, 0x00, 0xC0,
    0x30, 0x0C, 0x03, 0xFF, 0xF0, 0x0F, 0xE0, 0x3F, 0xF0, 0xF1, 0xE3, 0x80, 0xE6, 0xFC, 0xFD, 0x9D,
    0xF3, 0x39, 0xE7, 0xE3, 0xCD, 0xC7, 0xD9, 0xDD, 0xB1, 0xBB, 0x80, 0xE3, 0xC7, 0x83, 0xFF, 0x03,
    0xF8, 0x00, 0x7E, 0xFC, 0x7C, 0xFB, 0xBF, 0x77, 0xCF, 0x80, 0x0C, 0x03, 0x00, 0xC0, 0x30, 0xFF,
    0xFF, 0xF0, 0xC0, 0x30, 0x0C, 0x03, 0x00, 0x03, 0xFF, 0xFF, 0xC0, 0x7C, 0xD8, 0x38, 0xE3, 0xCF,
    0x18, 0x3F, 0x7C, 0xD8, 0x31, 0xE0, 0xE0, 0xD3, 0xFE, 0x39, 0xDC, 0xC0, 0xE1, 0xF8, 0x7E, 0x1F,
    0x87, 0xE1, 0xF8, 0x7E, 0x1F, 0x87, 0xF9, 0xFF, 0xFF, 0xFF, 0x80, 0xE0, 0x38, 0x0E, 0x00, 0x1F,
    0xF3, 0xF7, 0x7F, 0x77, 0xF7, 0x7F, 0x77, 0xF7, 0x7F, 0x77, 0xF7, 0x3F, 0x70, 0xF7, 0x07, 0x70,
    0x77, 0x07, 0x70, 0x77, 0x07, 0x70, 0x77, 0x07, 0x70, 0x77, 0x07, 0x70, 0xFF, 0x80, 0x33, 0x8F,
    0xE0, 0x3F, 0xF3, 0x33, 0x33, 0x3E, 0x3B, 0x98, 0xEC, 0x76, 0x3B, 0x1D, 0xDC, 0x7C, 0x66, 0x1D,
    0xC3, 0x38, 0xE7, 0x1D, 0xCE, 0x73, 0x39, 0xDC, 0x66, 0x00, 0x30, 0x18, 0x78, 0x1C, 0x3C, 0x0C,
    0x06, 0x0E, 0x03, 0x0E, 0x01, 0x87, 0x00, 0xC7, 0x00, 0x63, 0x0E, 0x03, 0x87, 0x01, 0x87, 0x81,
    0xC6, 0xC0, 0xC7, 0x60, 0xE3, 0xF8, 0x60, 0x18, 0x70, 0x0C, 0x30, 0x38, 0x78, 0x18, 0x3C, 0x1C,
    0x06, 0x0C, 0x03, 0x0E, 0x01, 0x8E, 0x00, 0xC7, 0x00, 0x67, 0x3E, 0x03, 0x3B, 0x03, 0x81, 0x81,
    0x81, 0xC1, 0xC1, 0xC0, 0xC1, 0xC0, 0xE0, 0xC0, 0x60, 0xFE, 0x7C, 0x0E, 0x1B, 0x07, 0x00, 0xC1,
    0xC0, 0xF0, 0xE0, 0x0E, 0x30, 0x01, 0x9C, 0x04, 0xE6, 0x03, 0xF3, 0x8E, 0x00, 0xC3, 0x80, 0x71,
    0xE0, 0x38, 0xD8, 0x0E, 0x76, 0x07, 0x1F, 0xC1, 0x80, 0x60, 0xE0, 0x18, 0x1C, 0x0F, 0x07, 0x00,
    0x00, 0x00, 0x60, 0x30, 0x38, 0x38, 0x38, 0x18, 0x1C, 0x0F, 0x33, 0xF8, 0xFC, 0x06, 0x00, 0x3C,
    0x00, 0x70, 0x00, 0xC0, 0x00, 0x00, 0x1C, 0x00, 0x78, 0x01, 0xE0, 0x0F, 0xC0, 0x37, 0x01, 0xCC,
    0x07, 0x38, 0x18, 0x60, 0xE1, 0xC3, 0xFF, 0x1F, 0xFC, 0x70, 0x39, 0x80, 0xEE, 0x01, 0xF8, 0x07,
    0x01, 0xC0, 0x07, 0x00, 0x38, 0x00, 0xC0, 0x00, 0x00, 0x1C, 0x00, 0x78, 0x01, 0xE0, 0x0F, 0xC0,
    0x37, 0x01, 0xCC, 0x07, 0x38, 0x18, 0x60, 0xE1, 0xC3, 0xFF, 0x1F, 0xFC, 0x70, 0x39, 0x80, 0xEE,
    0x01, 0xF8, 0x07, 0x03, 0x00, 0x1E, 0x00, 0xFC, 0x03, 0x30, 0x00, 0x00, 0x1C, 0x00, 0x78, 0x01,
    0xE0, 0x0F, 0xC0, 0x37, 0x01, 0xCC, 0x07, 0x38, 0x18, 0x60, 0xE1, 0xC3, 0xFF, 0x1F, 0xFC, 0x70,
    0x39, 0x80, 0xEE, 0x01, 0xF8, 0x07, 0x0F, 0x60, 0x3F, 0x01, 0xBC, 0x00, 0x00, 0x07, 0x00, 0x1E,
    0x00, 0x78, 0x03, 0xF0, 0x0D, 0xC0, 0x73, 0x01, 0xCE, 0x06, 0x18, 0x38, 0x70, 0xFF, 0xC7, 0xFF,
    0x1C, 0x0E, 0x60, 0x3B, 0x80, 0x7E, 0x01, 0xC0, 0x0C, 0xC0, 0x33, 0x00, 0x00, 0x01, 0xC0, 0x07,
    0x80, 0x1E, 0x00, 0xFC, 0x03, 0x70, 0x1C, 0xC0, 0x73, 0x81, 0x86, 0x0E, 0x1C, 0x3F, 0xF1, 0xFF,
    0xC7, 0x03, 0x98, 0x0E, 0xE0, 0x1F, 0x80, 0x70, 0x07, 0x80, 0x1E, 0x00, 0xD8, 0x01, 0xE0, 0x07,
    0x80, 0x1E, 0x00, 0xFC, 0x03, 0xF0, 0x1C, 0xC0, 0x73, 0x81, 0x8E, 0x0E, 0x1C, 0x3F, 0xF1, 0xFF,
    0xC7, 0x03, 0x98, 0x0E, 0xE0, 0x1F, 0x80, 0x70, 0x00, 0xFF, 0xE0, 0x1F, 0xFC, 0x07, 0xC0, 0x01,
    0xD8, 0x00, 0x3B, 0x00, 0x0E, 0x60, 0x01, 0x8F, 0xF0, 0x71, 0xFE, 0x1C, 0x30, 0x03, 0xFE, 0x00,
    0xFF, 0xC0, 0x18, 0x18, 0x07, 0x03, 0x00, 0xC0, 0x7F, 0xF8, 0x0F, 0xF8, 0x0F, 0xE3, 0xFF, 0x7C,
    0x67, 0x00, 0xE0, 0x0E, 0x00, 0xE0, 0x0E, 0x00, 0xE0, 0x0E, 0x00, 0xE0, 0x07, 0x00, 0x7C, 0x63,
    0xFF, 0x1F, 0xE0, 0x70, 0x03, 0x80, 0xF0, 0x18, 0x03, 0x80, 0x38, 0x03, 0x00, 0x01, 0xFF, 0xBF,
    0xF7, 0x00, 0xE0, 0x1C, 0x03, 0x80, 0x7F, 0xCF, 0xF9, 0xC0, 0x38, 0x07, 0x00, 0xE0, 0x1C, 0x03,
    0xFF, 0xFF, 0xF0, 0x03, 0x00, 0xE0, 0x38, 0x06, 0x00, 0x01, 0xFF, 0xBF, 0xF7, 0x00, 0xE0, 0x1C,
    0x03, 0x80, 0x7F, 0xCF, 0xF9, 0xC0, 0x38, 0x07, 0x00, 0xE0, 0x1C, 0x03, 0xFF, 0xFF, 0xF0, 0x0C,
    0x03, 0xC0, 0xFC, 0x19, 0x80, 0x01, 0xFF, 0xBF, 0xF7, 0x00, 0xE0, 0x1C, 0x03, 0x80, 0x7F, 0xCF,
    0xF9, 0xC0, 0x38, 0x07, 0x00, 0xE0, 0x1C, 0x03, 0xFF, 0xFF, 0xF0, 0x3B, 0x87, 0x70, 0x00, 0x7F,
    0xEF, 0xFD, 0xC0, 0x38, 0x07, 0x00, 0xE0, 0x1F, 0xF3, 0xFE, 0x70, 0x0E, 0x01, 0xC0, 0x38, 0x07,
    0x00, 0xFF, 0xFF, 0xFC, 0xC7, 0x1C, 0x60, 0x39, 0xCE, 0x73, 0x9C, 0xE7, 0x39, 0xCE, 0x73, 0x9C,
    0xE0, 0x33, 0xB9, 0x80, 0x73, 0x9C, 0xE7, 0x39, 0xCE, 0x73, 0x9C, 0xE7, 0x39, 0xC0, 0x18, 0x79,
    0xFB, 0x30, 0x07, 0x0E, 0x1C, 0x38, 0x70, 0xE1, 0xC3, 0x87, 0x0E, 0x1C, 0x38, 0x70, 0xE1, 0xC0,
    0xEE, 0xEE, 0x00, 0x38, 0x38, 0x38, 0x38, 0x38, 0x38, 0x38, 0x38, 0x38, 0x38, 0x38, 0x38, 0x38,
    0x38, 0x38, 0x3F, 0xC0, 0x7F, 0xE0, 0xE3, 0xE1, 0x81, 0xC3, 0x01, 0xC6, 0x03, 0xBF, 0x87, 0x7F,
    0x0E, 0x30, 0x1C, 0x60, 0x38, 0xC0, 0x71, 0x81, 0xC3, 0x8F, 0x87, 0xFE, 0x0F, 0xF0, 0x00, 0x0F,
    0xC0, 0xFE, 0x06, 0xE0, 0x00, 0x0E, 0x03, 0xF8, 0x1F, 0xE0, 0xFF, 0x87, 0xFC, 0x3F, 0x71, 0xF9,
    0xCF, 0xC7, 0x7E, 0x3B, 0xF0, 0xFF, 0x83, 0xFC, 0x1F, 0xE0, 0x7F, 0x03, 0xF8, 0x0E, 0x06, 0x00,
    0x0E, 0x00, 0x0E, 0x00, 0x0C, 0x00, 0x00, 0x01, 0xFC, 0x0F, 0xFC, 0x3E, 0x7C, 0x70, 0x3D, 0xC0,
    0x3B, 0x80, 0x77, 0x00, 0xEE, 0x00, 0xDC, 0x03, 0xB8, 0x07, 0x70, 0x0E, 0x70, 0x3C, 0xF9, 0xF0,
    0xFF, 0xC0, 0x7F, 0x00, 0x00, 0xC0, 0x03, 0x80, 0x0E, 0x00, 0x18, 0x00, 0x00, 0x01, 0xFC, 0x0F,
    0xFC, 0x3E, 0x7C, 0x70, 0x3D, 0xC0, 0x3B, 0x80, 0x77, 0x00, 0xEE, 0x00, 0xDC, 0x03, 0xB8, 0x07,
    0x70, 0x0E, 0x70, 0x3C, 0xF9, 0xF0, 0xFF, 0xC0, 0x7F, 0x00, 0x03, 0x00, 0x0F, 0x00, 0x3F, 0x00,
    0x66, 0x00, 0x00, 0x01, 0xFC, 0x0F, 0xFC, 0x3E, 0x7C, 0x70, 0x3D, 0xC0, 0x3B, 0x80, 0x77, 0x00,
    0xEE, 0x00, 0xDC, 0x03, 0xB8, 0x07, 0x70, 0x0E, 0x70, 0x3C, 0xF9, 0xF0, 0xFF, 0xC0, 0x7F, 0x00,
    0x0F, 0x60, 0x1F, 0xC0, 0x3F, 0x00, 0x00, 0x00, 0xFE, 0x07, 0xFE, 0x1F, 0x3E, 0x38, 0x1E, 0xE0,
    0x1D, 0xC0, 0x3B, 0x80, 0x77, 0x00, 0x6E, 0x01, 0xDC, 0x03, 0xB8, 0x07, 0x38, 0x1E, 0x7C, 0xF8,
    0x7F, 0xE0, 0x3F, 0x80, 0x0E, 0xE0, 0x1D, 0xC0, 0x00, 0x00, 0x7F, 0x03, 0xFF, 0x0F, 0x9F, 0x1C,
    0x0F, 0x70, 0x0E, 0xE0, 0x1D, 0xC0, 0x3B, 0x80, 0x37, 0x00, 0xEE, 0x01, 0xDC, 0x03, 0x9C, 0x0F,
    0x3E, 0x7C, 0x3F, 0xF0, 0x1F, 0xC0, 0x41, 0x18, 0xE7, 0xF8, 0xFC, 0x1E, 0x0F, 0xC7, 0xF9, 0x8E,
    0x41, 0x00, 0x0F, 0xFC, 0x7F, 0xF9, 0xF3, 0xE3, 0x83, 0xEE, 0x0F, 0xDC, 0x3B, 0xB8, 0x77, 0x71,
    0xC6, 0xE7, 0x0D, 0xDC, 0x3B, 0xF0, 0x73, 0xC1, 0xE7, 0xCF, 0x8F, 0xFE, 0x1B, 0xF8, 0x00, 0x0C,
    0x00, 0xE0, 0x07, 0x00, 0x30, 0x00, 0x0E, 0x07, 0xE0, 0x7E, 0x07, 0xE0, 0x7E, 0x07, 0xE0, 0x7E,
    0x07, 0xE0, 0x7E, 0x07, 0xE0, 0x7E, 0x07, 0x70, 0x77, 0x9E, 0x3F, 0xE1, 0xFC, 0x01, 0x80, 0x38,
    0x07, 0x00, 0x60, 0x00, 0x0E, 0x07, 0xE0, 0x7E, 0x07, 0xE0, 0x7E, 0x07, 0xE0, 0x7E, 0x07, 0xE0,
    0x7E, 0x07, 0xE0, 0x7E, 0x07, 0x70, 0x77, 0x9E, 0x3F, 0xE1, 0xFC, 0x06, 0x00, 0xF0, 0x1F, 0x81,
    0x98, 0x00, 0x0E, 0x07, 0xE0, 0x7E, 0x07, 0xE0, 0x7E, 0x07, 0xE0, 0x7E, 0x07, 0xE0, 0x7E, 0x07,
    0xE0, 0x7E, 0x07, 0x70, 0x77, 0x9E, 0x3F, 0xE1, 0xFC, 0x1D, 0xC1, 0xDC, 0x00, 0x0E, 0x07, 0xE0,
    0x7E, 0x07, 0xE0, 0x7E, 0x07, 0xE0, 0x7E, 0x07, 0xE0, 0x7E, 0x07, 0xE0, 0x7E, 0x07, 0x70, 0x77,
    0x9E, 0x3F, 0xE1, 0xFC, 0x01, 0x80, 0x1C, 0x01, 0xC0, 0x0C, 0x00, 0x00, 0x70, 0x1D, 0xC1, 0xCE,
    0x1C, 0x38, 0xE1, 0xCE, 0x07, 0x70, 0x3F, 0x00, 0xF8, 0x03, 0x80, 0x1C, 0x00, 0xE0, 0x07, 0x00,
    0x38, 0x01, 0xC0, 0x0E, 0x00, 0xE0, 0x0E, 0x00, 0xFF, 0x8F, 0xFC, 0xE3, 0xEE, 0x0E, 0xE0, 0xEE,
    0x0E, 0xE0, 0xEE, 0x3E, 0xFF, 0xCF, 0xF8, 0xE0, 0x0E, 0x00, 0xE0, 0x00, 0x3F, 0x07, 0xF8, 0x7B,
    0xCE, 0x1C, 0xE1, 0x8E, 0x38, 0xE7, 0x0E, 0x60, 0xEF, 0x0E, 0x7C, 0xE3, 0xEE, 0x1E, 0xE0, 0x7E,
    0xCF, 0xEF, 0xEE, 0xFC, 0x18, 0x07, 0x00, 0xE0, 0x18, 0x00, 0x0F, 0xC3, 0xF8, 0xCF, 0x01, 0xCF,
    0xF7, 0xFD, 0xE7, 0x61, 0xDC, 0x77, 0xFC, 0xFF, 0x03, 0x01, 0xC0, 0xE0, 0x30, 0x00, 0x0F, 0xC3,
    0xF8, 0xCF, 0x01, 0xCF, 0xF7, 0xFD, 0xE7, 0x61, 0xDC, 0x77, 0xFC, 0xFF, 0x04, 0x03, 0x81, 0xF0,
    0x64, 0x00, 0x0F, 0xC3, 0xF8, 0xCF, 0x01, 0xCF, 0xF7, 0xFD, 0xE7, 0x61, 0xDC, 0x77, 0xFC, 0xFF,
    0x1D, 0x8F, 0xE3, 0x70, 0x00, 0x00, 0x0F, 0xC3, 0xF8, 0xCF, 0x01, 0xCF, 0xF7, 0xFD, 0xE7, 0x61,
    0xDC, 0x77, 0xFC, 0xFF, 0x3B, 0x8E, 0xE0, 0x00, 0x00, 0x3F, 0x0F, 0xE3, 0x3C, 0x07, 0x3F, 0xDF,
    0xF7, 0x9D, 0x87, 0x71, 0xDF, 0xF3, 0xFC, 0x0E, 0x06, 0xC1, 0xB0, 0x38, 0x00, 0x0F, 0xC3, 0xF8,
    0xCF, 0x01, 0xCF, 0xF7, 0xFD, 0xE7, 0x61, 0xDC, 0x77, 0xFC, 0xFF, 0x3F, 0x3E, 0x1F, 0xFF, 0x8C,
    0xFD, 0xE0, 0x38, 0x73, 0xFF, 0xFB, 0xFF, 0xFD, 0xE7, 0x00, 0xC3, 0x80, 0x71, 0xF1, 0x3F, 0xFF,
    0x8F, 0xFF, 0xC0, 0x3F, 0x3F, 0xBE, 0x5C, 0x0E, 0x07, 0x03, 0x81, 0xC0, 0xF9, 0x3F, 0xCF, 0xE1,
    0x80, 0xE0, 0x70, 0xF8, 0x18, 0x0F, 0x01, 0xC0, 0x30, 0x00, 0x0F, 0xC7, 0xFB, 0xCF, 0xE1, 0xFF,
    0xFF, 0xFF, 0x80, 0xE0, 0x3E, 0x67, 0xF8, 0xFE, 0x06, 0x03, 0xC0, 0xE0, 0x30, 0x00, 0x0F, 0xC7,
    0xFB, 0xCF, 0xE1, 0xFF, 0xFF, 0xFF, 0x80, 0xE0, 0x3E, 0x67, 0xF8, 0xFE, 0x0C, 0x07, 0x83, 0xF0,
    0xCC, 0x00, 0x0F, 0xC7, 0xFB, 0xCF, 0xE1, 0xFF, 0xFF, 0xFF, 0x80, 0xE0, 0x3E, 0x67, 0xF8, 0xFE,
    0x33, 0x0C, 0xC0, 0x00, 0x00, 0x3F, 0x1F, 0xEF, 0x3F, 0x87, 0xFF, 0xFF, 0xFE, 0x03, 0x80, 0xF9,
    0x9F, 0xE3, 0xF8, 0xC7, 0x1C, 0x60, 0x39, 0xCE, 0x73, 0x9C, 0xE7, 0x39, 0xCE, 0x33, 0xB9, 0x80,
    0x73, 0x9C, 0xE7, 0x39, 0xCE, 0x73, 0x9C, 0x18, 0x79, 0xF3, 0x30, 0x07, 0x0E, 0x1C, 0x38, 0x70,
    0xE1, 0xC3, 0x87, 0x0E, 0x1C, 0xEF, 0xDC, 0x00, 0x03, 0x87, 0x0E, 0x1C, 0x38, 0x70, 0xE1, 0xC3,
    0x87, 0x0E, 0x00, 0x07, 0xE1, 0xFC, 0x3E, 0x07, 0xE0, 0x1C, 0x7F, 0x9F, 0xF7, 0x9E, 0xE0, 0xFC,
    0x1B, 0x03, 0x70, 0xEE, 0x1D, 0xE7, 0x9F, 0xE1, 0xF8, 0x3D, 0x8F, 0xE7, 0xF0, 0x00, 0x00, 0x3F,
    0xCF, 0xFB, 0x8F, 0xE1, 0xF8, 0x7E, 0x1F, 0x87, 0xE1, 0xF8, 0x7E, 0x1F, 0x87, 0x18, 0x03, 0x80,
    0x38, 0x03, 0x00, 0x00, 0x7E, 0x1F, 0xE7, 0xDE, 0xE1, 0xDC, 0x1F, 0x83, 0xF0, 0x7E, 0x1D, 0xE7,
    0x9F, 0xE1, 0xF8, 0x03, 0x00, 0xE0, 0x38, 0x06, 0x00, 0x00, 0x7E, 0x1F, 0xE7, 0xDE, 0xE1, 0xDC,
    0x1F, 0x83, 0xF0, 0x7E, 0x1D, 0xE7, 0x9F, 0xE1, 0xF8, 0x0C, 0x03, 0xC0, 0xFC, 0x19, 0x80, 0x00,
    0x7E, 0x1F, 0xE7, 0xDE, 0xE1, 0xDC, 0x1F, 0x83, 0xF0, 0x7E, 0x1D, 0xE7, 0x9F, 0xE1, 0xF8, 0x3D,
    0x87, 0xF0, 0xFC, 0x00, 0x00, 0x00, 0x7E, 0x1F, 0xE7, 0xDE, 0xE1, 0xDC, 0x1F, 0x83, 0xF0, 0x7E,
    0x1D, 0xE7, 0x9F, 0xE1, 0xF8, 0x3B, 0x87, 0x70, 0x00, 0x00, 0x03, 0xF0, 0xFF, 0x3E, 0xF7, 0x0E,
    0xE0, 0xFC, 0x1F, 0x83, 0xF0, 0xEF, 0x3C, 0xFF, 0x0F, 0xC0, 0x0C, 0x07, 0x80, 0xC0, 0x00, 0x00,
    0x3F, 0xFF, 0xFC, 0x00, 0x00, 0x03, 0x01, 0xE0, 0x30, 0x3F, 0xCF, 0xFB, 0xCF, 0x71, 0xEE, 0x7F,
    0x9D, 0xFF, 0x3F, 0xCE, 0x73, 0xDF, 0xF3, 0xFC, 0x00, 0x18, 0x0F, 0x01, 0xC0, 0x30, 0x00, 0x38,
    0x7E, 0x1F, 0x87, 0xE1, 0xF8, 0x7E, 0x1F, 0x87, 0xE1, 0xDC, 0x77, 0xFC, 0xFF, 0x06, 0x03, 0xC0,
    0xE0, 0x30, 0x00, 0x38, 0x7E, 0x1F, 0x87, 0xE1, 0xF8, 0x7E, 0x1F, 0x87, 0xE1, 0xDC, 0x77, 0xFC,
    0xFF, 0x0C, 0x07, 0x83, 0xF0, 0xCC, 0x00, 0x38, 0x7E, 0x1F, 0x87, 0xE1, 0xF8, 0x7E, 0x1F, 0x87,
    0xE1, 0xDC, 0x77, 0xFC, 0xFF, 0x33, 0x0C, 0xC0, 0x00, 0x00, 0xE1, 0xF8, 0x7E, 0x1F, 0x87, 0xE1,
    0xF8, 0x7E, 0x1F, 0x87, 0x71, 0xDF, 0xF3, 0xFC, 0x03, 0x00, 0xE0, 0x38, 0x06, 0x00, 0x01, 0xC1,
    0xB8, 0x73, 0x8E, 0x71, 0x8E, 0x30, 0xEE, 0x1D, 0xC1, 0xB0, 0x3E, 0x03, 0x80, 0x70, 0x0E, 0x03,
    0x83, 0xF0, 0x7C, 0x00, 0xE0, 0x1C, 0x03, 0x80, 0x70, 0x0E, 0x01, 0xFE, 0x3F, 0xE7, 0x9E, 0xE1,
    0xDC, 0x1F, 0x83, 0xF0, 0x7E, 0x1D, 0xE7, 0xBF, 0xE7, 0xF8, 0xE0, 0x1C, 0x03, 0x80, 0x70, 0x00,
    0x3B, 0x87, 0x70, 0x00, 0x00, 0x0E, 0x0D, 0xC3, 0x9C, 0x73, 0x8C, 0x71, 0x87, 0x70, 0xEE, 0x0D,
    0x81, 0xF0, 0x1C, 0x03, 0x80, 0x70, 0x1C, 0x1F, 0x83, 0xE0, 0x00, 0x0F, 0xC0, 0x3F, 0x00, 0x00,
    0x01, 0xC0, 0x07, 0x80, 0x1E, 0x00, 0xFC, 0x03, 0x70, 0x1C, 0xC0, 0x73, 0x81, 0x86, 0x0E, 0x1C,
    0x3F, 0xF1, 0xFF, 0xC7, 0x03, 0x98, 0x0E, 0xE0, 0x1F, 0x80, 0x70, 0x3F, 0x8F, 0xE0, 0x00, 0x00,
    0x3F, 0x0F, 0xE3, 0x3C, 0x07, 0x3F, 0xDF, 0xF7, 0x9D, 0x87, 0x71, 0xDF, 0xF3, 0xFC, 0x0C, 0xC0,
    0x3F, 0x00, 0x78, 0x00, 0x00, 0x07, 0x00, 0x1E, 0x00, 0x78, 0x03, 0xF0, 0x0D, 0xC0, 0x73, 0x01,
    0xCE, 0x06, 0x18, 0x38, 0x70, 0xFF, 0xC7, 0xFF, 0x1C, 0x0E, 0x60, 0x3B, 0x80, 0x7E, 0x01, 0xC0,
    0x3B, 0x87, 0xC1, 0xF0, 0x00, 0x00, 0x0F, 0xC3, 0xF8, 0xCF, 0x01, 0xCF, 0xF7, 0xFD, 0xE7, 0x61,
    0xDC, 0x77, 0xFC, 0xFF, 0x07, 0x00, 0x1E, 0x00, 0x78, 0x03, 0xF0, 0x0D, 0xC0, 0x73, 0x01, 0xCE,
    0x06, 0x18, 0x38, 0x70, 0xFF, 0xC7, 0xFF, 0x1C, 0x0E, 0x60, 0x3B, 0x80, 0x7E, 0x01, 0xC0, 0x07,
    0x00, 0x38, 0x00, 0xE0, 0x03, 0xC0, 0x3F, 0x0F, 0xE3, 0x3C, 0x07, 0x3F, 0xDF, 0xF7, 0x9D, 0x87,
    0x71, 0xDF, 0xF3, 0xFC, 0x0E, 0x07, 0x00, 0xF0, 0x01, 0x80, 0x38, 0x07, 0x00, 0x60, 0x00, 0x00,
    0xFE, 0x3F, 0xF7, 0xC6, 0x70, 0x0E, 0x00, 0xE0, 0x0E, 0x00, 0xE0, 0x0E, 0x00, 0xE0, 0x0E, 0x00,
    0x70, 0x07, 0xC6, 0x3F, 0xF0, 0xFE, 0x07, 0x07, 0x83, 0x81, 0x80, 0x01, 0xF9, 0xFD, 0xF2, 0xE0,
    0x70, 0x38, 0x1C, 0x0E, 0x07, 0xC9, 0xFE, 0x7F, 0x03, 0x00, 0x78, 0x0F, 0xC0, 0xCC, 0x00, 0x00,
    0xFE, 0x3F, 0xF7, 0xC6, 0x70, 0x0E, 0x00, 0xE0, 0x0E, 0x00, 0xE0, 0x0E, 0x00, 0xE0, 0x0E, 0x00,
    0x70, 0x07, 0xC6, 0x3F, 0xF0, 0xFE, 0x0C, 0x0F, 0x0F, 0xC6, 0x60, 0x01, 0xF9, 0xFD, 0xF2, 0xE0,
    0x70, 0x38, 0x1C, 0x0E, 0x07, 0xC9, 0xFE, 0x7F, 0x07, 0x00, 0x70, 0x07, 0x00, 0x00, 0x0F, 0xE3,
    0xFF, 0x7C, 0x67, 0x00, 0xE0, 0x0E, 0x00, 0xE0, 0x0E, 0x00, 0xE0, 0x0E, 0x00, 0xE0, 0x07, 0x00,
    0x7C, 0x63, 0xFF, 0x0F, 0xE0, 0x0C, 0x0F, 0x03, 0x00, 0x00, 0x01, 0xF9, 0xFD, 0xF2, 0xE0, 0x70,
    0x38, 0x1C, 0x0E, 0x07, 0xC9, 0xFE, 0x7F, 0x0C, 0xC0, 0xFC, 0x07, 0x80, 0x30, 0x00, 0x00, 0xFE,
    0x3F, 0xF7, 0xC6, 0x70, 0x0E, 0x00, 0xE0, 0x0E, 0x00, 0xE0, 0x0E, 0x00, 0xE0, 0x0E, 0x00, 0x70,
    0x07, 0xC6, 0x3F, 0xF0, 0xFE, 0x33, 0x1F, 0x87, 0x81, 0x80, 0x01, 0xF9, 0xFD, 0xF2, 0xE0, 0x70,
    0x38, 0x1C, 0x0E, 0x07, 0xC9, 0xFE, 0x7F, 0x19, 0x80, 0xFC, 0x03, 0xC0, 0x0C, 0x00, 0x00, 0x3F,
    0xC3, 0xFF, 0x9C, 0x7E, 0xE0, 0x77, 0x03, 0xF8, 0x0F, 0xC0, 0x7E, 0x03, 0xF0, 0x1F, 0x80, 0xFC,
    0x07, 0xE0, 0x77, 0x1F, 0xBF, 0xF8, 0xFF, 0x00, 0x01, 0xD8, 0x07, 0x60, 0x1D, 0x80, 0x76, 0x01,
    0xD8, 0xFF, 0x07, 0xFC, 0x3C, 0xF0, 0xE1, 0xC3, 0x87, 0x0E, 0x1C, 0x38, 0x70, 0xE1, 0xC3, 0xE7,
    0x07, 0xFC, 0x0F, 0xF0, 0x3F, 0xC0, 0x7F, 0xE0, 0xE3, 0xE1, 0x81, 0xC3, 0x01, 0xC6, 0x03, 0xBF,
    0x87, 0x7F, 0x0E, 0x30, 0x1C, 0x60, 0x38, 0xC0, 0x71, 0x81, 0xC3, 0x8F, 0x87, 0xFE, 0x0F, 0xF0,
    0x00, 0x01, 0xC0, 0xFF, 0x0F, 0xF0, 0x1C, 0x01, 0xC3, 0xFC, 0x7F, 0xCF, 0x3C, 0xE1, 0xCE, 0x1C,
    0xE1, 0xCE, 0x1C, 0xE1, 0xCF, 0x9C, 0x7F, 0xC3, 0xFC, 0x3F, 0x87, 0xF0, 0x00, 0x7F, 0xEF, 0xFD,
    0xC0, 0x38, 0x07, 0x00, 0xE0, 0x1F, 0xF3, 0xFE, 0x70, 0x0E, 0x01, 0xC0, 0x38, 0x07, 0x00, 0xFF,
    0xFF, 0xFC, 0x7F, 0x1F, 0xC0, 0x00, 0x00, 0x3F, 0x1F, 0xEF, 0x3F, 0x87, 0xFF, 0xFF, 0xFE, 0x03,
    0x80, 0xF9, 0x9F, 0xE3, 0xF8, 0x33, 0x07, 0xE0, 0x78, 0x00, 0x0F, 0xFD, 0xFF, 0xB8, 0x07, 0x00,
    0xE0, 0x1C, 0x03, 0xFE, 0x7F, 0xCE, 0x01, 0xC0, 0x38, 0x07, 0x00, 0xE0, 0x1F, 0xFF, 0xFF, 0x80,
    0x33, 0x0F, 0xC1, 0xE0, 0x00, 0x00, 0x0F, 0xC7, 0xFB, 0xCF, 0xE1, 0xFF, 0xFF, 0xFF, 0x80, 0xE0,
    0x3E, 0x67, 0xF8, 0xFE, 0x0E, 0x01, 0xC0, 0x38, 0x00, 0x0F, 0xFD, 0xFF, 0xB8, 0x07, 0x00, 0xE0,
    0x1C, 0x03, 0xFE, 0x7F, 0xCE, 0x01, 0xC0, 0x38, 0x07, 0x00, 0xE0, 0x1F, 0xFF, 0xFF, 0x80, 0x0C,
    0x07, 0x80, 0xC0, 0x00, 0x00, 0x0F, 0xC7, 0xFB, 0xCF, 0xE1, 0xFF, 0xFF, 0xFF, 0x80, 0xE0, 0x3E,
    0x67, 0xF8, 0xFE, 0xFF, 0xDF, 0xFB, 0x80, 0x70, 0x0E, 0x01, 0xC0, 0x3F, 0xE7, 0xFC, 0xE0, 0x1C,
    0x03, 0x80, 0x70, 0x0E, 0x01, 0xFF, 0xFF, 0xF8, 0x0E, 0x03, 0x80, 0x70, 0x07, 0x80, 0x3F, 0x1F,
    0xEF, 0x3F, 0x87, 0xFF, 0xFF, 0xFE, 0x03, 0x80, 0xF9, 0x9F, 0xE3, 0xF8, 0x1C, 0x06, 0x01, 0xE0,
    0x33, 0x07, 0xE0, 0x78, 0x06, 0x00, 0x01, 0xFF, 0xBF, 0xF7, 0x00, 0xE0, 0x1C, 0x03, 0x80, 0x7F,
    0xCF, 0xF9, 0xC0, 0x38, 0x07, 0x00, 0xE0, 0x1C, 0x03, 0xFF, 0xFF, 0xF0, 0x33, 0x0F, 0xC1, 0xE0,
    0x30, 0x00, 0x00, 0x03, 0xF1, 0xFE, 0xF3, 0xF8, 0x7F, 0xFF, 0xFF, 0xE0, 0x38, 0x0F, 0x99, 0xFE,
    0x3F, 0x80, 0x03, 0x00, 0x78, 0x0F, 0xC0, 0xCC, 0x00, 0x00, 0xFE, 0x3F, 0xF7, 0xC7, 0x70, 0x0E,
    0x00, 0xE0, 0x0E, 0x00, 0xE0, 0x0E, 0x07, 0xE0, 0x7E, 0x07, 0x70, 0x77, 0xC7, 0x3F, 0xF0, 0xFF,
    0x0C, 0x07, 0x81, 0xF0, 0xCC, 0x00, 0x0F, 0xF7, 0xFF, 0xE7, 0xE1, 0xF8, 0x7E, 0x1F, 0x87, 0xE1,
    0xFC, 0xF7, 0xFC, 0xFF, 0x01, 0xD8, 0xEF, 0xFB, 0xFC, 0x0C, 0xC0, 0xFC, 0x07, 0x80, 0x00, 0x0F,
    0xE3, 0xFF, 0x7C, 0x77, 0x00, 0xE0, 0x0E, 0x00, 0xE0, 0x0E, 0x00, 0xE0, 0x7E, 0x07, 0xE0, 0x77,
    0x07, 0x7C, 0x73, 0xFF, 0x0F, 0xF0, 0x3B, 0x07, 0xC1, 0xF0, 0x00, 0x00, 0x0F, 0xF7, 0xFF, 0xE7,
    0xE1, 0xF8, 0x7E, 0x1F, 0x87, 0xE1, 0xFC, 0xF7, 0xFC, 0xFF, 0x01, 0xD8, 0xEF, 0xFB, 0xFC, 0x03,
    0x00, 0x70, 0x03, 0x00, 0x00, 0x0F, 0xE3, 0xFF, 0x7C, 0x77, 0x00, 0xE0, 0x0E, 0x00, 0xE0, 0x0E,
    0x00, 0xE0, 0x7E, 0x07, 0xE0, 0x77, 0x07, 0x7C, 0x73, 0xFF, 0x0F, 0xF0, 0x0E, 0x03, 0x80, 0xE0,
    0x00, 0x00, 0x0F, 0xF7, 0xFF, 0xE7, 0xE1, 0xF8, 0x7E, 0x1F, 0x87, 0xE1, 0xFC, 0xF7, 0xFC, 0xFF,
    0x01, 0xD8, 0xEF, 0xFB, 0xFC, 0x0F, 0xE3, 0xFF, 0x7C, 0x77, 0x00, 0xE0, 0x0E, 0x00, 0xE0, 0x0E,
    0x00, 0xE0, 0x7E, 0x07, 0xE0, 0x77, 0x07, 0x7C, 0x73, 0xFF, 0x0F, 0xF0, 0x00, 0x07, 0x00, 0xF0,
    0x0F, 0x00, 0x07, 0x03, 0x80, 0xE0, 0x38, 0x00, 0x00, 0x03, 0xFD, 0xFF, 0xF9, 0xF8, 0x7E, 0x1F,
    0x87, 0xE1, 0xF8, 0x7F, 0x3D, 0xFF, 0x3F, 0xC0, 0x76, 0x3B, 0xFE, 0xFF, 0x00, 0x06, 0x00, 0x70,
    0x0F, 0x81, 0x98, 0x00, 0x0E, 0x03, 0xE0, 0x3E, 0x03, 0xE0, 0x3E, 0x03, 0xE0, 0x3F, 0xFF, 0xFF,
    0xFE, 0x03, 0xE0, 0x3E, 0x03, 0xE0, 0x3E, 0x03, 0xE0, 0x3E, 0x03, 0x30, 0x3E, 0x0D, 0x80, 0x00,
    0xE0, 0x38, 0x0E, 0x03, 0x80, 0xE0, 0x3F, 0xCF, 0xFB, 0xCF, 0xE1, 0xF8, 0x7E, 0x1F, 0x87, 0xE1,
    0xF8, 0x7E, 0x1F, 0x87, 0x30, 0x1D, 0xFF, 0xFF, 0xFF, 0xF9, 0x80, 0xE3, 0x01, 0xC6, 0x03, 0x8F,
    0xFF, 0x1F, 0xFE, 0x30, 0x1C, 0x60, 0x38, 0xC0, 0x71, 0x80, 0xE3, 0x01, 0xC6, 0x03, 0x8C, 0x07,
    0x00, 0x70, 0x1F, 0xE3, 0xFC, 0x38, 0x07, 0x00, 0xFF, 0x1F, 0xF3, 0xCF, 0x70, 0xEE, 0x1D, 0xC3,
    0xB8, 0x77, 0x0E, 0xE1, 0xDC, 0x3B, 0x87, 0x7E, 0xFE, 0xDE, 0x00, 0x38, 0x38, 0x38, 0x38, 0x38,
    0x38, 0x38, 0x38, 0x38, 0x38, 0x38, 0x38, 0x38, 0x38, 0x38, 0x7E, 0xFE, 0xDC, 0x00, 0x00, 0x38,
    0x38, 0x38, 0x38, 0x38, 0x38, 0x38, 0x38, 0x38, 0x38, 0x38, 0xFF, 0xFC, 0x01, 0xC3, 0x87, 0x0E,
    0x1C, 0x38, 0x70, 0xE1, 0xC3, 0x87, 0x0E, 0x1C, 0x38, 0x70, 0xFF, 0xFC, 0x00, 0x03, 0x87, 0x0E,
    0x1C, 0x38, 0x70, 0xE1, 0xC3, 0x87, 0x0E, 0x00, 0xCF, 0xF7, 0x80, 0x71, 0xC7, 0x1C, 0x71, 0xC7,
    0x1C, 0x71, 0xC7, 0x1C, 0x71, 0xC7, 0x00, 0x6E, 0xFD, 0xF0, 0x00, 0x07, 0x0E, 0x1C, 0x38, 0x70,
    0xE1, 0xC3, 0x87, 0x0E, 0x1C, 0x73, 0x9C, 0xE7, 0x39, 0xCE, 0x73, 0x9C, 0xE7, 0x39, 0xCE, 0xE7,
    0x3C, 0x77, 0x00, 0x07, 0x77, 0x77, 0x77, 0x77, 0x77, 0x7E, 0xEF, 0xEE, 0xE0, 0xEE, 0xEE, 0xEE,
    0xEE, 0xEE, 0xEE, 0xEE, 0xE0, 0xFF, 0xFF, 0xFF, 0xFF, 0x80, 0xE0, 0x1F, 0x80, 0x7E, 0x01, 0xF8,
    0x07, 0xE0, 0x1F, 0x80, 0x7E, 0x01, 0xF8, 0x07, 0xE0, 0x1F, 0x80, 0x7E, 0x01, 0xF8, 0x07, 0xE7,
    0x7B, 0x9F, 0xEE, 0x7F, 0x00, 0xE3, 0x71, 0xC0, 0x00, 0x00, 0x07, 0x1B, 0x8D, 0xC6, 0xE3, 0x71,
    0xB8, 0xDC, 0x6E, 0x37, 0x1B, 0x8D, 0xC6, 0x03, 0x03, 0x87, 0xC3, 0xC0, 0x01, 0x80, 0x78, 0x1F,
    0x83, 0x30, 0x00, 0x07, 0x00, 0xE0, 0x1C, 0x03, 0x80, 0x70, 0x0E, 0x01, 0xC0, 0x38, 0x07, 0x00,
    0xE0, 0x1C, 0x03, 0x9C, 0xF3, 0xFC, 0x3F, 0x00, 0x0C, 0x1E, 0x3E, 0x33, 0x00, 0x1C, 0x1C, 0x1C,
    0x1C, 0x1C, 0x1C, 0x1C, 0x1C, 0x1C, 0x1C, 0x1C, 0x1C, 0x3C, 0xF8, 0xF8, 0xE0, 0xF7, 0x07, 0x38,
    0x71, 0xC7, 0x0E, 0x70, 0x77, 0x03, 0xF0, 0x1F, 0x80, 0xFE, 0x07, 0x78, 0x39, 0xE1, 0xC7, 0x8E,
    0x1E, 0x70, 0x7B, 0x81, 0xC0, 0x00, 0x06, 0x00, 0xF0, 0x07, 0x80, 0xE0, 0x38, 0x0E, 0x03, 0x80,
    0xE0, 0x38, 0xEE, 0x73, 0xBC, 0xEE, 0x3F, 0x0F, 0x83, 0xF0, 0xEE, 0x39, 0xCE, 0x3B, 0x87, 0x00,
    0x07, 0x03, 0xC0, 0xE0, 0xE3, 0xF9, 0xEE, 0x73, 0xB8, 0xFC, 0x3E, 0x0F, 0xE3, 0xBC, 0xE7, 0xB8,
    0xEE, 0x1C, 0x18, 0x0E, 0x07, 0x01, 0x80, 0x00, 0x38, 0x0E, 0x03, 0x80, 0xE0, 0x38, 0x0E, 0x03,
    0x80, 0xE0, 0x38, 0x0E, 0x03, 0x80, 0xE0, 0x38, 0x0F, 0xFF, 0xFF, 0x37, 0xBC, 0x0E, 0x73, 0x9C,
    0xE7, 0x39, 0xCE, 0x73, 0x9C, 0xE7, 0x9E, 0xE0, 0xE0, 0x38, 0x0E, 0x03, 0x80, 0xE0, 0x38, 0x0E,
    0x03, 0x80, 0xE0, 0x38, 0x0E, 0x03, 0x80, 0xE0, 0x3F, 0xFF, 0xFC, 0x00, 0x0E, 0x07, 0x01, 0xC0,
    0x71, 0xC7, 0x1C, 0x71, 0xC7, 0x1C, 0x71, 0xC7, 0x1C, 0x71, 0xE3, 0xCE, 0x00, 0xCF, 0x3C, 0xEE,
    0x3B, 0x8E, 0xE3, 0xB8, 0xEC, 0x38, 0x0E, 0x03, 0x80, 0xE0, 0x38, 0x0E, 0x03, 0x80, 0xE0, 0x3F,
    0xFF, 0xFC, 0xEF, 0xBE, 0xFB, 0xEF, 0x8E, 0x38, 0xE3, 0x8E, 0x38, 0xE3, 0xC7, 0x9C, 0xE0, 0x38,
    0x0E, 0x03, 0x80, 0xE0, 0x38, 0x0E, 0x3B, 0x8E, 0xE3, 0xB8, 0x0E, 0x03, 0x80, 0xE0, 0x3F, 0xFF,
    0xFC, 0xE1, 0xC3, 0x87, 0x0E, 0x1C, 0x38, 0x77, 0xEF, 0xDF, 0x87, 0x0E, 0x1E, 0x1E, 0x38, 0x1C,
    0x01, 0xC0, 0x1C, 0x01, 0xC0, 0x1D, 0x01, 0xF0, 0x1F, 0x03, 0xC0, 0x7C, 0x07, 0xC0, 0x1C, 0x01,
    0xC0, 0x1C, 0x01, 0xFF, 0x1F, 0xF0, 0x30, 0x60, 0xC1, 0x83, 0x06, 0x8F, 0x3C, 0xF1, 0xE0, 0xC1,
    0x83, 0x07, 0x0F, 0x1E, 0x01, 0x80, 0x1C, 0x01, 0xC0, 0x0C, 0x00, 0x00, 0x70, 0x1F, 0xC0, 0xFF,
    0x07, 0xFC, 0x3F, 0xE1, 0xFB, 0x8F, 0xCE, 0x7E, 0x3B, 0xF1, 0xDF, 0x87, 0xFC, 0x1F, 0xE0, 0xFF,
    0x03, 0xF8, 0x1F, 0xC0, 0x70, 0x07, 0x01, 0xC0, 0xE0, 0x30, 0x00, 0x3F, 0xCF, 0xFB, 0x8F, 0xE1,
    0xF8, 0x7E, 0x1F, 0x87, 0xE1, 0xF8, 0x7E, 0x1F, 0x87, 0xE0, 0x3F, 0x81, 0xFE, 0x0F, 0xF8, 0x7F,
    0xC3, 0xF7, 0x1F, 0x9C, 0xFC, 0x77, 0xE3, 0xBF, 0x0F, 0xF8, 0x3F, 0xC1, 0xFE, 0x07, 0xF0, 0x3F,
    0x80, 0xE0, 0x00, 0x07, 0x00, 0x78, 0x03, 0x80, 0xFF, 0x3F, 0xEE, 0x3F, 0x87, 0xE1, 0xF8, 0x7E,
    0x1F, 0x87, 0xE1, 0xF8, 0x7E, 0x1C, 0x00, 0x0C, 0x0F, 0x01, 0xC0, 0x0C, 0xC0, 0x7C, 0x01, 0xE0,
    0x06, 0x00, 0x00, 0x70, 0x1F, 0xC0, 0xFF, 0x07, 0xFC, 0x3F, 0xE1, 0xFB, 0x8F, 0xCE, 0x7E, 0x3B,
    0xF1, 0xDF, 0x87, 0xFC, 0x1F, 0xE0, 0xFF, 0x03, 0xF8, 0x1F, 0xC0, 0x70, 0x33, 0x0F, 0xC1, 0xE0,
    0x30, 0x00, 0x3F, 0xCF, 0xFB, 0x8F, 0xE1, 0xF8, 0x7E, 0x1F, 0x87, 0xE1, 0xF8, 0x7E, 0x1F, 0x87,
    0x60, 0x1C, 0x03, 0x80, 0x60, 0x00, 0x00, 0xFF, 0x1F, 0xF3, 0x8F, 0x70, 0xEE, 0x1D, 0xC3, 0xB8,
    0x77, 0x0E, 0xE1, 0xDC, 0x3B, 0x87, 0xE0, 0x3F, 0x81, 0xFE, 0x0F, 0xF8, 0x7F, 0xC3, 0xF7, 0x1F,
    0x9C, 0xFC, 0x77, 0xE3, 0xBF, 0x0F, 0xF8, 0x3F, 0xC1, 0xFE, 0x07, 0xF0, 0x1F, 0x80, 0xE0, 0x07,
    0x00, 0x38, 0x07, 0x80, 0x3C, 0xFF, 0x3F, 0xEE, 0x3F, 0x87, 0xE1, 0xF8, 0x7E, 0x1F, 0x87, 0xE1,
    0xF8, 0x7E, 0x1C, 0x07, 0x01, 0xC1, 0xE0, 0x78, 0x0F, 0xE0, 0x1F, 0xC0, 0x00, 0x00, 0x7F, 0x03,
    0xFF, 0x0F, 0x9F, 0x1C, 0x0F, 0x70, 0x0E, 0xE0, 0x1D, 0xC0, 0x3B, 0x80, 0x37, 0x00, 0xEE, 0x01,
    0xDC, 0x03, 0x9C, 0x0F, 0x3E, 0x7C, 0x3F, 0xF0, 0x1F, 0xC0, 0x3F, 0x87, 0xF0, 0x00, 0x00, 0x03,
    0xF0, 0xFF, 0x3E, 0xF7, 0x0E, 0xE0, 0xFC, 0x1F, 0x83, 0xF0, 0xEF, 0x3C, 0xFF, 0x0F, 0xC0, 0x0C,
    0xC0, 0x1F, 0x80, 0x1E, 0x00, 0x00, 0x00, 0xFE, 0x07, 0xFE, 0x1F, 0x3E, 0x38, 0x1E, 0xE0, 0x1D,
    0xC0, 0x3B, 0x80, 0x77, 0x00, 0x6E, 0x01, 0xDC, 0x03, 0xB8, 0x07, 0x38, 0x1E, 0x7C, 0xF8, 0x7F,
    0xE0, 0x3F, 0x80, 0x3B, 0x07, 0xE0, 0x78, 0x00, 0x00, 0x00, 0x7E, 0x1F, 0xE7, 0xDE, 0xE1, 0xDC,
    0x1F, 0x83, 0xF0, 0x7E, 0x1D, 0xE7, 0x9F, 0xE1, 0xF8, 0x03, 0x30, 0x0E, 0xE0, 0x3B, 0x80, 0x26,
    0x00, 0x00, 0x01, 0xFC, 0x0F, 0xFC, 0x3E, 0x7C, 0x70, 0x3D, 0xC0, 0x3B, 0x80, 0x77, 0x00, 0xEE,
    0x00, 0xDC, 0x03, 0xB8, 0x07, 0x70, 0x0E, 0x70, 0x3C, 0xF9, 0xF0, 0xFF, 0xC0, 0x7F, 0x00, 0x0C,
    0xC3, 0xB8, 0xEE, 0x09, 0x80, 0x00, 0x7E, 0x1F, 0xE7, 0xDE, 0xE1, 0xDC, 0x1F, 0x83, 0xF0, 0x7E,
    0x1D, 0xE7, 0x9F, 0xE1, 0xF8, 0x0F, 0xFF, 0xE3, 0xFF, 0xFE, 0x7E, 0x30, 0x07, 0x03, 0x00, 0xF0,
    0x30, 0x0E, 0x03, 0x00, 0xE0, 0x3F, 0xCE, 0x03, 0xFC, 0xE0, 0x30, 0x0E, 0x03, 0x00, 0xF0, 0x30,
    0x07, 0x03, 0x00, 0x7E, 0x30, 0x03, 0xFF, 0xFE, 0x0F, 0xFF, 0xE0, 0x3F, 0x3F, 0x1F, 0xFF, 0xEF,
    0xBF, 0x3F, 0x87, 0x87, 0xE0, 0xFF, 0xF8, 0x3F, 0xFE, 0x0E, 0x03, 0x87, 0x80, 0xF3, 0xF9, 0x9F,
    0xFF, 0xE3, 0xF1, 0xF8, 0x03, 0x00, 0x70, 0x0E, 0x00, 0xC0, 0x00, 0x07, 0xF8, 0xFF, 0xCE, 0x3E,
    0xE0, 0xEE, 0x0E, 0xE0, 0xEE, 0x3E, 0xFF, 0xCF, 0xF8, 0xE3, 0x8E, 0x3C, 0xE1, 0xCE, 0x0E, 0xE0,
    0xEE, 0x07, 0x0C, 0x38, 0xE1, 0x80, 0x0F, 0xFF, 0xF1, 0xE1, 0xC3, 0x87, 0x0E, 0x1C, 0x38, 0x70,
    0x7F, 0x8F, 0xFC, 0xE3, 0xEE, 0x0E, 0xE0, 0xEE, 0x0E, 0xE3, 0xEF, 0xFC, 0xFF, 0x8E, 0x38, 0xE3,
    0xCE, 0x1C, 0xE0, 0xEE, 0x0E, 0xE0, 0x70, 0x00, 0x0E, 0x01, 0xE0, 0x1E, 0x00, 0x3F, 0x7F, 0x71,
    0x70, 0x70, 0x70, 0x70, 0x70, 0x70, 0x70, 0x70, 0x00, 0x70, 0xF0, 0xE0, 0x33, 0x03, 0xF0, 0x1E,
    0x00, 0xC0, 0x00, 0x07, 0xF8, 0xFF, 0xCE, 0x3E, 0xE0, 0xEE, 0x0E, 0xE0, 0xEE, 0x3E, 0xFF, 0xCF,
    0xF8, 0xE3, 0x8E, 0x3C, 0xE1, 0xCE, 0x0E, 0xE0, 0xEE, 0x07, 0x66, 0xFC, 0xF0, 0xC0, 0x0F, 0xFF,
    0xF1, 0xE1, 0xC3, 0x87, 0x0E, 0x1C, 0x38, 0x70, 0x03, 0x00, 0xE0, 0x38, 0x06, 0x00, 0x00, 0x3F,
    0x9F, 0xF3, 0xCE, 0x70, 0x0E, 0x01, 0xC0, 0x3F, 0x01, 0xF8, 0x0F, 0x80, 0x78, 0x07, 0x00, 0xEE,
    0x7F, 0xFF, 0x3F, 0xC0, 0x06, 0x07, 0x07, 0x03, 0x00, 0x01, 0xF9, 0xFC, 0xE6, 0x70, 0x3E, 0x0F,
    0xC1, 0xF0, 0x3A, 0x3D, 0xFE, 0xFE, 0x06, 0x01, 0xE0, 0x7E, 0x0C, 0xC0, 0x00, 0x3F, 0x9F, 0xF3,
    0xCE, 0x70, 0x0E, 0x01, 0xC0, 0x3F, 0x01, 0xF8, 0x0F, 0x80, 0x78, 0x07, 0x00, 0xEE, 0x7F, 0xFF,
    0x3F, 0xC0, 0x0C, 0x0F, 0x0F, 0xC6, 0x60, 0x01, 0xF9, 0xFC, 0xE6, 0x70, 0x3E, 0x0F, 0xC1, 0xF0,
    0x3A, 0x3D, 0xFE, 0xFE, 0x1F, 0xCF, 0xF9, 0xE7, 0x38, 0x07, 0x00, 0xE0, 0x1F, 0x80, 0xFC, 0x07,
    0xC0, 0x3C, 0x03, 0x80, 0x77, 0x3F, 0xFF, 0x9F, 0xE0, 0x70, 0x06, 0x03, 0xC0, 0x3F, 0x3F, 0x9C,
    0xCE, 0x07, 0xC1, 0xF8, 0x3E, 0x07, 0x47, 0xBF, 0x9F, 0xC3, 0x80, 0xC1, 0xE0, 0x19, 0x83, 0xF0,
    0x3C, 0x03, 0x00, 0x00, 0x3F, 0x9F, 0xF3, 0xCE, 0x70, 0x0E, 0x01, 0xC0, 0x3F, 0x01, 0xF8, 0x0F,
    0x80, 0x78, 0x07, 0x00, 0xEE, 0x7F, 0xFF, 0x3F, 0xC0, 0x33, 0x1F, 0x07, 0x81, 0x80, 0x01, 0xF9,
    0xFC, 0xE6, 0x70, 0x3E, 0x0F, 0xC1, 0xF0, 0x3A, 0x3D, 0xFE, 0xFE, 0xFF, 0xFF, 0xFF, 0x06, 0x00,
    0x60, 0x06, 0x00, 0x60, 0x06, 0x00, 0x60, 0x06, 0x00, 0x60, 0x06, 0x00, 0x60, 0x06, 0x00, 0x60,
    0x06, 0x00, 0xE0, 0x07, 0x01, 0xE0, 0xE0, 0xE0, 0xE0, 0xFE, 0xFE, 0xE0, 0xE0, 0xE0, 0xE0, 0xE0,
    0xE0, 0xF2, 0x7E, 0x7E, 0x18, 0x1C, 0x3C, 0x19, 0x81, 0xF8, 0x0F, 0x00, 0x60, 0x00, 0x0F, 0xFF,
    0xFF, 0xF0, 0x60, 0x06, 0x00, 0x60, 0x06, 0x00, 0x60, 0x06, 0x00, 0x60, 0x06, 0x00, 0x60, 0x06,
    0x00, 0x60, 0x06, 0x00, 0x60, 0x0C, 0x0C, 0xEC, 0xEC, 0xE0, 0xFE, 0xFE, 0xE0, 0xE0, 0xE0, 0xE0,
    0xE0, 0xE0, 0xF2, 0x7E, 0x7E, 0xFF, 0xFF, 0xFF, 0x06, 0x00, 0x60, 0x06, 0x00, 0x60, 0x06, 0x03,
    0xFC, 0x3F, 0xC0, 0x60, 0x06, 0x00, 0x60, 0x06, 0x00, 0x60, 0x06, 0x00, 0xE0, 0xE0, 0xE0, 0xFE,
    0xFE, 0xE0, 0xE0, 0xE0, 0xFE, 0xFE, 0xE0, 0xF2, 0x7E, 0x7E, 0x1E, 0xC1, 0xFC, 0x1F, 0x80, 0x00,
    0xE0, 0x7E, 0x07, 0xE0, 0x7E, 0x07, 0xE0, 0x7E, 0x07, 0xE0, 0x7E, 0x07, 0xE0, 0x7E, 0x07, 0xE0,
    0x77, 0x07, 0x79, 0xE3, 0xFE, 0x1F, 0xC0, 0x3D, 0x8F, 0xC6, 0xF0, 0x00, 0x00, 0x38, 0x7E, 0x1F,
    0x87, 0xE1, 0xF8, 0x7E, 0x1F, 0x87, 0xE1, 0xDC, 0x77, 0xFC, 0xFF, 0x1F, 0xC1, 0xFC, 0x00, 0x0E,
    0x07, 0xE0, 0x7E, 0x07, 0xE0, 0x7E, 0x07, 0xE0, 0x7E, 0x07, 0xE0, 0x7E, 0x07, 0xE0, 0x7E, 0x07,
    0x70, 0x77, 0x9E, 0x3F, 0xE1, 0xFC, 0x3F, 0x0F, 0xC0, 0x00, 0x00, 0xE1, 0xF8, 0x7E, 0x1F, 0x87,
    0xE1, 0xF8, 0x7E, 0x1F, 0x87, 0x71, 0xDF, 0xF3, 0xFC, 0x1D, 0x81, 0xF8, 0x0F, 0x00, 0x00, 0xE0,
    0x7E, 0x07, 0xE0, 0x7E, 0x07, 0xE0, 0x7E, 0x07, 0xE0, 0x7E, 0x07, 0xE0, 0x7E, 0x07, 0xE0, 0x77,
    0x07, 0x79, 0xE3, 0xFE, 0x1F, 0xC0, 0x33, 0x0F, 0xC1, 0xE0, 0x00, 0x00, 0x38, 0x7E, 0x1F, 0x87,
    0xE1, 0xF8, 0x7E, 0x1F, 0x87, 0xE1, 0xDC, 0x77, 0xFC, 0xFF, 0x0F, 0x00, 0xD8, 0x0D, 0x80, 0xF0,
    0xE0, 0x7E, 0x07, 0xE0, 0x7E, 0x07, 0xE0, 0x7E, 0x07, 0xE0, 0x7E, 0x07, 0xE0, 0x7E, 0x07, 0xE0,
    0x77, 0x07, 0x79, 0xE3, 0xFE, 0x1F, 0xC0, 0x1E, 0x07, 0x81, 0xE0, 0x78, 0x00, 0x38, 0x7E, 0x1F,
    0x87, 0xE1, 0xF8, 0x7E, 0x1F, 0x87, 0xE1, 0xDC, 0x77, 0xFC, 0xFF, 0x06, 0x60, 0xEE, 0x0D, 0xC0,
    0x98, 0x00, 0x0E, 0x07, 0xE0, 0x7E, 0x07, 0xE0, 0x7E, 0x07, 0xE0, 0x7E, 0x07, 0xE0, 0x7E, 0x07,
    0xE0, 0x7E, 0x07, 0x70, 0x77, 0x9E, 0x3F, 0xE1, 0xFC, 0x0D, 0x87, 0x63, 0xB8, 0xCC, 0x00, 0x38,
    0x7E, 0x1F, 0x87, 0xE1, 0xF8, 0x7E, 0x1F, 0x87, 0xE1, 0xDC, 0x77, 0xFC, 0xFF, 0xE0, 0x7E, 0x07,
    0xE0, 0x7E, 0x07, 0xE0, 0x7E, 0x07, 0xE0, 0x7E, 0x07, 0xE0, 0x7E, 0x07, 0xE0, 0x77, 0x07, 0x79,
    0xE3, 0xFE, 0x1F, 0x80, 0x70, 0x07, 0x00, 0x78, 0xE1, 0xF8, 0x7E, 0x1F, 0x87, 0xE1, 0xF8, 0x7E,
    0x1F, 0x87, 0x71, 0xDF, 0xF3, 0xFC, 0x0E, 0x07, 0x00, 0xF0, 0x00, 0x60, 0x00, 0x1E, 0x00, 0x07,
    0xE0, 0x00, 0xCC, 0x00, 0x00, 0x01, 0xC0, 0x01, 0xF8, 0x00, 0x3B, 0x87, 0x07, 0x70, 0xF0, 0xEE,
    0x1E, 0x19, 0xC7, 0xC7, 0x38, 0xFC, 0xE3, 0x9B, 0x9C, 0x77, 0x33, 0x8E, 0xE7, 0x61, 0xD8, 0xFC,
    0x1F, 0x0F, 0x83, 0xE1, 0xF0, 0x78, 0x3C, 0x07, 0x03, 0x80, 0x01, 0x80, 0x03, 0xC0, 0x07, 0xE0,
    0x06, 0x60, 0x00, 0x00, 0xE1, 0xC7, 0xE1, 0xC7, 0x63, 0xC7, 0x73, 0xC6, 0x73, 0xEE, 0x33, 0xEE,
    0x3F, 0x6C, 0x3E, 0x7C, 0x1E, 0x7C, 0x1E, 0x38, 0x1C, 0x38, 0x06, 0x00, 0x78, 0x07, 0xE0, 0x33,
    0x00, 0x00, 0x70, 0x1D, 0xC1, 0xCE, 0x1C, 0x38, 0xE1, 0xCE, 0x07, 0x70, 0x3F, 0x00, 0xF8, 0x03,
    0x80, 0x1C, 0x00, 0xE0, 0x07, 0x00, 0x38, 0x01, 0xC0, 0x0E, 0x00, 0x04, 0x01, 0xC0, 0x7C, 0x08,
    0x80, 0x01, 0xC1, 0xB8, 0x73, 0x8E, 0x71, 0x8E, 0x30, 0xEE, 0x1D, 0xC1, 0xB0, 0x3E, 0x03, 0x80,
    0x70, 0x0E, 0x03, 0x83, 0xF0, 0x7C, 0x00, 0x1D, 0xC0, 0xEE, 0x00, 0x01, 0xC0, 0x77, 0x07, 0x38,
    0x70, 0xE3, 0x87, 0x38, 0x1D, 0xC0, 0xFC, 0x03, 0xE0, 0x0E, 0x00, 0x70, 0x03, 0x80, 0x1C, 0x00,
    0xE0, 0x07, 0x00, 0x38, 0x00, 0x03, 0x80, 0x38, 0x07, 0x00, 0x60, 0x00, 0x07, 0xFE, 0x7F, 0xE0,
    0x0E, 0x01, 0xC0, 0x38, 0x07, 0x80, 0x70, 0x0E, 0x01, 0xC0, 0x1C, 0x03, 0x80, 0x70, 0x07, 0x00,
    0xFF, 0xFF, 0xFF, 0x06, 0x03, 0x81, 0xC0, 0x60, 0x00, 0x1F, 0xE7, 0xF8, 0x0E, 0x07, 0x03, 0x81,
    0xC0, 0xE0, 0x78, 0x1C, 0x0F, 0xFB, 0xFE, 0x06, 0x00, 0x70, 0x06, 0x00, 0x00, 0x7F, 0xE7, 0xFE,
    0x00, 0xE0, 0x1C, 0x03, 0x80, 0x78, 0x07, 0x00, 0xE0, 0x1C, 0x01, 0xC0, 0x38, 0x07, 0x00, 0x70,
    0x0F, 0xFF, 0xFF, 0xF0, 0x1C, 0x07, 0x01, 0xC0, 0x00, 0x00, 0x1F, 0xE7, 0xF8, 0x0E, 0x07, 0x03,
    0x81, 0xC0, 0xE0, 0x78, 0x1C, 0x0F, 0xFB, 0xFE, 0x19, 0x81, 0xF8, 0x0F, 0x00, 0x60, 0x00, 0x07,
    0xFE, 0x7F, 0xE0, 0x0E, 0x01, 0xC0, 0x38, 0x07, 0x80, 0x70, 0x0E, 0x01, 0xC0, 0x1C, 0x03, 0x80,
    0x70, 0x07, 0x00, 0xFF, 0xFF, 0xFF, 0x33, 0x0F, 0xC1, 0xE0, 0x30, 0x00, 0x1F, 0xE7, 0xF8, 0x0E,
    0x07, 0x03, 0x81, 0xC0, 0xE0, 0x78, 0x1C, 0x0F, 0xFB, 0xFE, 0x3F, 0x7E, 0x70, 0xE0, 0xE0, 0xE0,
    0xE0, 0xE0, 0xE0, 0xE0, 0xE0, 0xE0, 0xE0, 0xE0, 0xE0, 0xE0, 0x00, 0x0E, 0x00, 0x18, 0x3F, 0xF1,
    0xFF, 0xE7, 0xCF, 0x8E, 0x07, 0xB8, 0x07, 0x70, 0x0E, 0xE0, 0x1D, 0xC0, 0x1B, 0x80, 0x77, 0x00,
    0xEE, 0x01, 0xCE, 0x07, 0x9F, 0x3E, 0x1F, 0xF8, 0x0F, 0xE0, 0x00, 0x70, 0x06, 0x3F, 0x67, 0xFE,
    0xFB, 0xCE, 0x1C, 0xE0, 0xEE, 0x0E, 0xE0, 0xEE, 0x1C, 0xF3, 0xC7, 0xF8, 0x3F, 0x00, 0x00, 0x0E,
    0x00, 0x1F, 0x81, 0xF7, 0x03, 0x8E, 0x07, 0x1C, 0x0E, 0x38, 0x1C, 0x70, 0x38, 0xE0, 0x71, 0xC0,
    0xE3, 0x81, 0xC7, 0x03, 0x8E, 0x07, 0x0E, 0x0E, 0x1E, 0x78, 0x1F, 0xF0, 0x1F, 0x80, 0x00, 0x30,
    0x07, 0xE1, 0xFE, 0x1E, 0xE1, 0xCE, 0x1C, 0xE1, 0xCE, 0x1C, 0xE1, 0xCE, 0x1C, 0x71, 0xC7, 0xFC,
    0x3F, 0xC0, 0x00, 0x00, 0x66, 0x00, 0x00, 0x1F, 0x80, 0x00, 0x03, 0xC0, 0x00, 0x00, 0x60, 0x7F,
    0x81, 0xFF, 0xBF, 0xF8, 0x7F, 0xEE, 0x3F, 0x00, 0x3B, 0x81, 0xC0, 0x1C, 0xE0, 0x78, 0x0F, 0x38,
    0x0E, 0x03, 0x8E, 0x03, 0x81, 0xC3, 0x80, 0xE0, 0xE0, 0xE0, 0x38, 0x70, 0x38, 0x0E, 0x1C, 0x0E,
    0x03, 0x8E, 0x03, 0x81, 0xC7, 0x00, 0xE3, 0xF1, 0xC0, 0x3F, 0xF8, 0xFF, 0xF7, 0xF8, 0x3F, 0xFC,
    0x00, 0x00, 0xCC, 0x7F, 0x80, 0xFC, 0xFF, 0xE0, 0x78, 0xE3, 0xF0, 0x30, 0xE0, 0x70, 0x00, 0xE0,
    0x79, 0xFE, 0xE0, 0x39, 0xFE, 0xE0, 0x38, 0x0E, 0xE0, 0x38, 0x1C, 0xE0, 0x38, 0x38, 0xE0, 0x38,
    0x70, 0xE0, 0x38, 0xE0, 0xE0, 0x71, 0xE0, 0xE3, 0xF1, 0xC0, 0xFF, 0xE3, 0xFF, 0x7F, 0x83, 0xFF,
    0x01, 0xC6, 0x60, 0x0E, 0x3F, 0x00, 0x70, 0xF0, 0x03, 0x83, 0x00, 0x1C, 0x00, 0x1F, 0xE7, 0xFD,
    0xFF, 0x3F, 0xFE, 0x78, 0x0E, 0xE1, 0xC0, 0xE7, 0x0E, 0x0F, 0x38, 0x70, 0xF1, 0xC3, 0x87, 0x0E,
    0x1C, 0x70, 0x7C, 0xE7, 0x01, 0xFF, 0x3F, 0xE7, 0xF9, 0xFF, 0xE0, 0x00, 0xFC, 0x00, 0x1F, 0x80,
    0x03, 0xF0, 0x00, 0x7E, 0x00, 0x0F, 0xC0, 0x01, 0xF8, 0x00, 0x3F, 0x00, 0x07, 0xE0, 0x00, 0xFC,
    0x00, 0x1F, 0x80, 0x03, 0xF0, 0x00, 0x7E, 0x03, 0x9F, 0xFF, 0xFF, 0xBF, 0xF7, 0xE0, 0x00, 0x1F,
    0x80, 0x7E, 0x00, 0x38, 0x00, 0xE0, 0x03, 0x80, 0x7E, 0x01, 0xF8, 0x07, 0xE0, 0x1F, 0x80, 0x7E,
    0x01, 0xF8, 0x07, 0xE0, 0x1F, 0x80, 0x7F, 0xFD, 0xFF, 0xF7, 0x00, 0x1C, 0x00, 0xF0, 0x0F, 0x80,
    0x3E, 0xE3, 0xF1, 0xF8, 0x1C, 0x0E, 0x07, 0x1F, 0x8F, 0xC7, 0xE3, 0xF1, 0xF8, 0xFC, 0x7E, 0x3F,
    0x9D, 0xEE, 0xE7, 0x03, 0x83, 0xC7, 0xC3, 0xC0, 0xE0, 0x38, 0x07, 0xF0, 0x38, 0x07, 0xF8, 0x38,
    0x07, 0xFC, 0x38, 0x07, 0xFC, 0x38, 0x07, 0xEE, 0x38, 0x07, 0xE7, 0x38, 0x07, 0xE3, 0xB8, 0x07,
    0xE3, 0xB8, 0x07, 0xE1, 0xF8, 0x07, 0xE0, 0xF8, 0x06, 0xE0, 0xF8, 0x0E, 0xE0, 0x79, 0x9E, 0xE0,
    0x7B, 0xFE, 0xE0, 0x39, 0xFC, 0x00, 0x00, 0xDC, 0x07, 0x1B, 0xC0, 0xE0, 0x7C, 0x1C, 0x0F, 0xC3,
    0x81, 0xF8, 0x71, 0xBB, 0x8E, 0x37, 0x39, 0xC6, 0xE3, 0xB8, 0xDC, 0x77, 0x1B, 0x87, 0xE3, 0x70,
    0x7C, 0x6E, 0x0F, 0x8D, 0xC0, 0xF1, 0xB8, 0x1E, 0x37, 0x01, 0xC6, 0x00, 0x00, 0xC0, 0x00, 0x38,
    0x00, 0x1F, 0x00, 0x03, 0xC0, 0x00, 0x0E, 0x00, 0x0E, 0x00, 0x00, 0x00, 0x00, 0x00, 0x00, 0xFF,
    0x0E, 0xFF, 0x8E, 0xE3, 0xCE, 0xE1, 0xCE, 0xE1, 0xCE, 0xE1, 0xCE, 0xE1, 0xCE, 0xE1, 0xCE, 0xE1,
    0xCE, 0xE1, 0xCE, 0xE1, 0xCE, 0x00, 0x0E, 0x00, 0x0E, 0x00, 0x3E, 0x00, 0x7C, 0x0C, 0xC0, 0x3F,
    0x00, 0x78, 0x00, 0xC0, 0x00, 0x00, 0x1C, 0x00, 0x78, 0x01, 0xE0, 0x0F, 0xC0, 0x37, 0x01, 0xCC,
    0x07, 0x38, 0x18, 0x60, 0xE1, 0xC3, 0xFF, 0x1F, 0xFC, 0x70, 0x39, 0x80, 0xEE, 0x01, 0xF8, 0x07,
    0x11, 0x07, 0xC0, 0xE0, 0x10, 0x00, 0x0F, 0xC3, 0xF8, 0xCF, 0x01, 0xCF, 0xF7, 0xFD, 0xE7, 0x61,
    0xDC, 0x77, 0xFC, 0xFF, 0xCF, 0xF7, 0x8C, 0x01, 0xC7, 0x1C, 0x71, 0xC7, 0x1C, 0x71, 0xC7, 0x1C,
    0x71, 0xC7, 0x1C, 0x66, 0xFC, 0xF0, 0xC0, 0x07, 0x0E, 0x1C, 0x38, 0x70, 0xE1, 0xC3, 0x87, 0x0E,
    0x1C, 0x0C, 0xC0, 0x1F, 0x80, 0x1E, 0x00, 0x18, 0x00, 0x00, 0x01, 0xFC, 0x0F, 0xFC, 0x3E, 0x7C,
    0x70, 0x3D, 0xC0, 0x3B, 0x80, 0x77, 0x00, 0xEE, 0x00, 0xDC, 0x03, 0xB8, 0x07, 0x70, 0x0E, 0x70,
    0x3C, 0xF9, 0xF0, 0xFF, 0xC0, 0x7F, 0x00, 0x33, 0x07, 0xE0, 0x78, 0x06, 0x00, 0x00, 0x7E, 0x1F,
    0xE7, 0xDE, 0xE1, 0xDC, 0x1F, 0x83, 0xF0, 0x7E, 0x1D, 0xE7, 0x9F, 0xE1, 0xF8, 0x19, 0x81, 0xF8,
    0x0F, 0x00, 0x60, 0x00, 0x0E, 0x07, 0xE0, 0x7E, 0x07, 0xE0, 0x7E, 0x07, 0xE0, 0x7E, 0x07, 0xE0,
    0x7E, 0x07, 0xE0, 0x7E, 0x07, 0x70, 0x77, 0x9E, 0x3F, 0xE1, 0xFC, 0x33, 0x0F, 0xC1, 0xE0, 0x30,
    0x00, 0x38, 0x7E, 0x1F, 0x87, 0xE1, 0xF8, 0x7E, 0x1F, 0x87, 0xE1, 0xDC, 0x77, 0xFC, 0xFF, 0x1F,
    0x81, 0xF8, 0x00, 0x01, 0x9C, 0x19, 0xC0, 0x00, 0xE0, 0x7E, 0x07, 0xE0, 0x7E, 0x07, 0xE0, 0x7E,
    0x07, 0xE0, 0x7E, 0x07, 0xE0, 0x7E, 0x07, 0xE0, 0x77, 0x07, 0x79, 0xE3, 0xFE, 0x1F, 0xC0, 0x3F,
    0x0F, 0xC0, 0x01, 0xCC, 0x73, 0x00, 0x0E, 0x1F, 0x87, 0xE1, 0xF8, 0x7E, 0x1F, 0x87, 0xE1, 0xF8,
    0x77, 0x1D, 0xFF, 0x3F, 0xC0, 0x03, 0x00, 0x30, 0x07, 0x03, 0xEC, 0x38, 0xC0, 0x00, 0xE0, 0x7E,
    0x07, 0xE0, 0x7E, 0x07, 0xE0, 0x7E, 0x07, 0xE0, 0x7E, 0x07, 0xE0, 0x7E, 0x07, 0xE0, 0x77, 0x07,
    0x79, 0xE3, 0xFE, 0x1F, 0xC0, 0x06, 0x01, 0x80, 0xE0, 0x30, 0x73, 0x9C, 0xE0, 0x03, 0x87, 0xE1,
    0xF8, 0x7E, 0x1F, 0x87, 0xE1, 0xF8, 0x7E, 0x1D, 0xC7, 0x7F, 0xCF, 0xF0, 0x0F, 0x80, 0xF8, 0x3E,
    0xC3, 0x8C, 0x00, 0x0E, 0x07, 0xE0, 0x7E, 0x07, 0xE0, 0x7E, 0x07, 0xE0, 0x7E, 0x07, 0xE0, 0x7E,
    0x07, 0xE0, 0x7E, 0x07, 0x70, 0x77, 0x9E, 0x3F, 0xE1, 0xFC, 0x3F, 0x0F, 0x80, 0xC1, 0xCE, 0x73,
    0x80, 0x0E, 0x1F, 0x87, 0xE1, 0xF8, 0x7E, 0x1F, 0x87, 0xE1, 0xF8, 0x77, 0x1D, 0xFF, 0x3F, 0xC0,
    0x0C, 0x00, 0xE0, 0x06, 0x03, 0xAC, 0x38, 0xC0, 0x00, 0xE0, 0x7E, 0x07, 0xE0, 0x7E, 0x07, 0xE0,
    0x7E, 0x07, 0xE0, 0x7E, 0x07, 0xE0, 0x7E, 0x07, 0xE0, 0x77, 0x07, 0x79, 0xE3, 0xFE, 0x1F, 0xC0,
    0x18, 0x0E, 0x01, 0xC0, 0x30, 0x73, 0x9C, 0xE0, 0x03, 0x87, 0xE1, 0xF8, 0x7E, 0x1F, 0x87, 0xE1,
    0xF8, 0x7E, 0x1D, 0xC7, 0x7F, 0xCF, 0xF0, 0x7E, 0x1F, 0xE4, 0x78, 0x07, 0xFF, 0xFF, 0xFE, 0x1F,
    0x87, 0xF7, 0x9F, 0xE3, 0xF0, 0x0F, 0xC0, 0x3F, 0x00, 0x00, 0x07, 0x30, 0x1C, 0xC0, 0x00, 0x00,
    0x70, 0x01, 0xE0, 0x07, 0x80, 0x3F, 0x00, 0xDC, 0x07, 0x30, 0x1C, 0xE0, 0x61, 0x83, 0x87, 0x0F,
    0xFC, 0x7F, 0xF1, 0xC0, 0xE6, 0x03, 0xB8, 0x07, 0xE0, 0x1C, 0x3F, 0x8F, 0xE0, 0x00, 0xEE, 0x3B,
    0x80, 0x03, 0xF0, 0xFE, 0x33, 0xC0, 0x73, 0xFD, 0xFF, 0x79, 0xD8, 0x77, 0x1D, 0xFF, 0x3F, 0xC0,
    0x0F, 0xC0, 0x3F, 0x00, 0x00, 0x00, 0xC0, 0x03, 0x00, 0x00, 0x00, 0x70, 0x01, 0xE0, 0x07, 0x80,
    0x3F, 0x00, 0xDC, 0x07, 0x30, 0x1C, 0xE0, 0x61, 0x83, 0x87, 0x0F, 0xFC, 0x7F, 0xF1, 0xC0, 0xE6,
    0x03, 0xB8, 0x07, 0xE0, 0x1C, 0x3F, 0x8F, 0xE0, 0x00, 0x38, 0x0E, 0x00, 0x03, 0xF0, 0xFE, 0x33,
    0xC0, 0x73, 0xFD, 0xFF, 0x79, 0xD8, 0x77, 0x1D, 0xFF, 0x3F, 0xC0, 0x00, 0x7F, 0x00, 0x0F, 0xE0,
    0x00, 0x00, 0x00, 0x7F, 0xF0, 0x0F, 0xFE, 0x03, 0xE0, 0x00, 0xEC, 0x00, 0x1D, 0x80, 0x07, 0x30,
    0x00, 0xC7, 0xF8, 0x38, 0xFF, 0x0E, 0x18, 0x01, 0xFF, 0x00, 0x7F, 0xE0, 0x0C, 0x0C, 0x03, 0x81,
    0x80, 0x60, 0x3F, 0xFC, 0x07, 0xFC, 0x03, 0xF0, 0x01, 0xF8, 0x00, 0x00, 0x00, 0x00, 0x03, 0xF3,
    0xE1, 0xFF, 0xF8, 0xCF, 0xDE, 0x03, 0x87, 0x3F, 0xFF, 0xBF, 0xFF, 0xDE, 0x70, 0x0C, 0x38, 0x07,
    0x1F, 0x13, 0xFF, 0xF8, 0xFF, 0xFC, 0x0F, 0xE0, 0xFF, 0xC7, 0xCF, 0x1C, 0x00, 0xE0, 0x03, 0x80,
    0x0E, 0x00, 0x38, 0x1C, 0xE1, 0xFF, 0x87, 0xFE, 0x07, 0x1C, 0x1C, 0x7C, 0x70, 0xFF, 0xC0, 0xFF,
    0x00, 0x3F, 0xC7, 0xFC, 0xF9, 0xCE, 0x1C, 0xE7, 0xEE, 0x7E, 0xE1, 0xCE, 0x1C, 0xF3, 0xC7, 0xFC,
    0x3F, 0xC0, 0x1C, 0x67, 0x8F, 0xF8, 0xFF, 0x00, 0x0C, 0xC0, 0xFC, 0x07, 0x80, 0x30, 0x00, 0x00,
    0xFE, 0x3F, 0xF7, 0xC7, 0x70, 0x0E, 0x00, 0xE0, 0x0E, 0x00, 0xE0, 0x0E, 0x07, 0xE0, 0x7E, 0x07,
    0x70, 0x77, 0xC7, 0x3F, 0xF0, 0xFF, 0x33, 0x0F, 0xC1, 0xE0, 0x30, 0x00, 0x0F, 0xF7, 0xFF, 0xE7,
    0xE1, 0xF8, 0x7E, 0x1F, 0x87, 0xE1, 0xFC, 0xF7, 0xFC, 0xFF, 0x01, 0xD8, 0xEF, 0xFB, 0xFC, 0x19,
    0x80, 0xFC, 0x03, 0xC0, 0x0C, 0x00, 0x00, 0x70, 0x7B, 0x83, 0x9C, 0x38, 0xE3, 0x87, 0x38, 0x3B,
    0x81, 0xF8, 0x0F, 0xC0, 0x7F, 0x03, 0xBC, 0x1C, 0xF0, 0xE3, 0xC7, 0x0F, 0x38, 0x3D, 0xC0, 0xE0,
    0xD8, 0x3E, 0x07, 0x00, 0x00, 0xE0, 0x38, 0x0E, 0x03, 0x80, 0xE0, 0x38, 0xEE, 0x73, 0xBC, 0xEE,
    0x3F, 0x0F, 0x83, 0xF0, 0xEE, 0x39, 0xCE, 0x3B, 0x87, 0x0F, 0xE0, 0x7F, 0xE1, 0xF3, 0xE3, 0x81,
    0xEE, 0x01, 0xDC, 0x03, 0xB8, 0x07, 0x70, 0x06, 0xE0, 0x1D, 0xC0, 0x3B, 0x80, 0x73, 0x81, 0xE7,
    0xCF, 0x87, 0xFE, 0x03, 0xF8, 0x01, 0xC0, 0x03, 0x80, 0x07, 0x80, 0x3F, 0x0F, 0xF3, 0xEF, 0x70,
    0xEE, 0x0F, 0xC1, 0xF8, 0x3F, 0x0E, 0xF3, 0xCF, 0xF0, 0xFC, 0x07, 0x01, 0xC0, 0x1E, 0x00, 0x0F,
    0xE0, 0x1F, 0xC0, 0x00, 0x00, 0x7F, 0x03, 0xFF, 0x0F, 0x9F, 0x1C, 0x0F, 0x70, 0x0E, 0xE0, 0x1D,
    0xC0, 0x3B, 0x80, 0x37, 0x00, 0xEE, 0x01, 0xDC, 0x03, 0x9C, 0x0F, 0x3E, 0x7C, 0x3F, 0xF0, 0x1F,
    0xC0, 0x0E, 0x00, 0x1C, 0x00, 0x3C, 0x00, 0x3F, 0x87, 0xF0, 0x00, 0x00, 0x03, 0xF0, 0xFF, 0x3E,
    0xF7, 0x0E, 0xE0, 0xFC, 0x1F, 0x83, 0xF0, 0xEF, 0x3C, 0xFF, 0x0F, 0xC0, 0x70, 0x1C, 0x01, 0xE0,
    0x19, 0x83, 0xF0, 0x3C, 0x03, 0x00, 0x00, 0xFF, 0xDF, 0xF8, 0x0E, 0x03, 0xC0, 0x70, 0x1C, 0x07,
    0x01, 0xF8, 0x07, 0x80, 0x38, 0x07, 0x00, 0xEE, 0x7F, 0xFF, 0x3F, 0xC0, 0x33, 0x07, 0xE0, 0x78,
    0x06, 0x00, 0x00, 0xFF, 0x9F, 0xF0, 0x1C, 0x03, 0x80, 0xE0, 0x38, 0x07, 0x01, 0xF0, 0x0F, 0x80,
    0x70, 0x06, 0x01, 0xCC, 0x79, 0xFE, 0x3F, 0x80, 0x33, 0x3F, 0x1E, 0x0C, 0x00, 0x1C, 0x1C, 0x1C,
    0x1C, 0x1C, 0x1C, 0x1C, 0x1C, 0x1C, 0x1C, 0x1C, 0x1C, 0x3C, 0xF8, 0xF8, 0x7F, 0x81, 0xFF, 0xBF,
    0xF8, 0x7F, 0xEE, 0x3F, 0x00, 0x3B, 0x81, 0xC0, 0x1C, 0xE0, 0x78, 0x0F, 0x38, 0x0E, 0x03, 0x8E,
    0x03, 0x81, 0xC3, 0x80, 0xE0, 0xE0, 0xE0, 0x38, 0x70, 0x38, 0x0E, 0x1C, 0x0E, 0x03, 0x8E, 0x03,
    0x81, 0xC7, 0x00, 0xE3, 0xF1, 0xC0, 0x3F, 0xF8, 0xFF, 0xF7, 0xF8, 0x3F, 0xFC, 0x7F, 0x80, 0x00,
    0xFF, 0xE0, 0x00, 0xE3, 0xF0, 0x00, 0xE0, 0x70, 0x00, 0xE0, 0x79, 0xFE, 0xE0, 0x39, 0xFE, 0xE0,
    0x38, 0x0E, 0xE0, 0x38, 0x1C, 0xE0, 0x38, 0x38, 0xE0, 0x38, 0x70, 0xE0, 0x38, 0xE0, 0xE0, 0x71,
    0xE0, 0xE3, 0xF1, 0xC0, 0xFF, 0xE3, 0xFF, 0x7F, 0x83, 0xFF, 0x01, 0xC0, 0x00, 0x0E, 0x00, 0x00,
    0x70, 0x00, 0x03, 0x80, 0x00, 0x1C, 0x00, 0x1F, 0xE7, 0xFD, 0xFF, 0x3F, 0xFE, 0x78, 0x0E, 0xE1,
    0xC0, 0xE7, 0x0E, 0x0F, 0x38, 0x70, 0xF1, 0xC3, 0x87, 0x0E, 0x1C, 0x70, 0x7C, 0xE7, 0x01, 0xFF,
    0x3F, 0xE7, 0xF9, 0xFF, 0x01, 0x80, 0x3C, 0x03, 0x80, 0x30, 0x00, 0x00, 0xFE, 0x3F, 0xF7, 0xC7,
    0x70, 0x0E, 0x00, 0xE0, 0x0E, 0x00, 0xE0, 0x0E, 0x07, 0xE0, 0x7E, 0x07, 0x70, 0x77, 0xC7, 0x3F,
    0xF0, 0xFF, 0x03, 0x01, 0xC0, 0xE0, 0x30, 0x00, 0x0F, 0xF7, 0xFF, 0xE7, 0xE1, 0xF8, 0x7E, 0x1F,
    0x87, 0xE1, 0xFC, 0xF7, 0xFC, 0xFF, 0x01, 0xD8, 0xEF, 0xFB, 0xFC, 0xE0, 0x30, 0x0E, 0x03, 0x00,
    0xE0, 0x30, 0x0E, 0x03, 0x00, 0xE0, 0x30, 0x7E, 0x03, 0x07, 0xFF, 0xF0, 0x7F, 0xFF, 0x07, 0xE0,
    0x30, 0x7E, 0x03, 0x07, 0xE0, 0x30, 0x7E, 0x03, 0x87, 0xE0, 0x3C, 0xFE, 0x01, 0xFE, 0xE0, 0x0F,
    0xC0, 0x7F, 0x8F, 0xFC, 0xF3, 0xEE, 0x0F, 0xE0, 0x7E, 0x07, 0xE0, 0x7E, 0x07, 0xE0, 0xEE, 0x0E,
    0xE1, 0xCE, 0x78, 0xFF, 0x0F, 0xE0, 0xF8, 0x0E, 0x00, 0xE0, 0x0E, 0x00, 0xE0, 0x00, 0x0C, 0x00,
    0x70, 0x01, 0xC0, 0x06, 0x00, 0x00, 0x70, 0x1F, 0xC0, 0xFF, 0x07, 0xFC, 0x3F, 0xE1, 0xFB, 0x8F,
    0xCE, 0x7E, 0x3B, 0xF1, 0xDF, 0x87, 0xFC, 0x1F, 0xE0, 0xFF, 0x03, 0xF8, 0x1F, 0xC0, 0x70, 0x18,
    0x07, 0x00, 0xE0, 0x18, 0x00, 0x3F, 0xCF, 0xFB, 0x8F, 0xE1, 0xF8, 0x7E, 0x1F, 0x87, 0xE1, 0xF8,
    0x7E, 0x1F, 0x87, 0x01, 0x80, 0x1E, 0x00, 0x70, 0x01, 0xE0, 0x07, 0x80, 0x1E, 0x00, 0x78, 0x01,
    0xE0, 0x07, 0x80, 0x3F, 0x00, 0xDC, 0x07, 0x38, 0x1C, 0xE0, 0x61, 0x83, 0x87, 0x0F, 0xFC, 0x7F,
    0xF1, 0xC0, 0xE6, 0x03, 0xB8, 0x07, 0xE0, 0x1C, 0x06, 0x03, 0xC0, 0xC0, 0x38, 0x1B, 0x06, 0xC0,
    0xE0, 0x00, 0x3F, 0x0F, 0xE3, 0x3C, 0x07, 0x3F, 0xDF, 0xF7, 0x9D, 0x87, 0x71, 0xDF, 0xF3, 0xFC,
    0x00, 0x0C, 0x00, 0x03, 0x80, 0x00, 0x70, 0x00, 0x0C, 0x00, 0x00, 0x00, 0x01, 0xFF, 0xC0, 0x3F,
    0xF8, 0x0F, 0x80, 0x03, 0xB0, 0x00, 0x76, 0x00, 0x1C, 0xC0, 0x03, 0x1F, 0xE0, 0xE3, 0xFC, 0x38,
    0x60, 0x07, 0xFC, 0x01, 0xFF, 0x80, 0x30, 0x30, 0x0E, 0x06, 0x01, 0x80, 0xFF, 0xF0, 0x1F, 0xF0,
    0x00, 0x60, 0x00, 0x70, 0x00, 0x70, 0x00, 0x30, 0x00, 0x00, 0x01, 0xF9, 0xF0, 0xFF, 0xFC, 0x67,
    0xEF, 0x01, 0xC3, 0x9F, 0xFF, 0xDF, 0xFF, 0xEF, 0x38, 0x06, 0x1C, 0x03, 0x8F, 0x89, 0xFF, 0xFC,
    0x7F, 0xFE, 0x00, 0xC0, 0x03, 0x80, 0x0E, 0x00, 0x18, 0x00, 0x00, 0x01, 0xFF, 0x8F, 0xFF, 0x3E,
    0x7C, 0x70, 0x7D, 0xC1, 0xFB, 0x87, 0x77, 0x0E, 0xEE, 0x38, 0xDC, 0xE1, 0xBB, 0x87, 0x7E, 0x0E,
    0x78, 0x3C, 0xF9, 0xF1, 0xFF, 0xC3, 0x7F, 0x00, 0x03, 0x00, 0xE0, 0x38, 0x06, 0x00, 0x00, 0x7F,
    0x9F, 0xF7, 0x9E, 0xE3, 0xDC, 0xFF, 0x3B, 0xFE, 0x7F, 0x9C, 0xE7, 0xBF, 0xE7, 0xF8, 0x1B, 0x00,
    0x6E, 0x01, 0xDC, 0x03, 0x30, 0x00, 0x00, 0x1C, 0x00, 0x78, 0x01, 0xE0, 0x0F, 0xC0, 0x37, 0x01,
    0xCC, 0x07, 0x38, 0x18, 0x60, 0xE1, 0xC3, 0xFF, 0x1F, 0xFC, 0x70, 0x39, 0x80, 0xEE, 0x01, 0xF8,
    0x07, 0x66, 0x1D, 0x83, 0xF0, 0x6C, 0x00, 0x0F, 0xC3, 0xF8, 0xCF, 0x01, 0xCF, 0xF7, 0xFD, 0xE7,
    0x61, 0xDC, 0x77, 0xFC, 0xFF, 0x07, 0x80, 0x3F, 0x00, 0xCC, 0x00, 0x00, 0x07, 0x00, 0x1E, 0x00,
    0x78, 0x03, 0xF0, 0x0D, 0xC0, 0x73, 0x01, 0xCE, 0x06, 0x18, 0x38, 0x70, 0xFF, 0xC7, 0xFF, 0x1C,
    0x0E, 0x60, 0x3B, 0x80, 0x7E, 0x01, 0xC0, 0x1F, 0x07, 0xC3, 0xB8, 0x00, 0x00, 0x0F, 0xC3, 0xF8,
    0xCF, 0x01, 0xCF, 0xF7, 0xFD, 0xE7, 0x61, 0xDC, 0x77, 0xFC, 0xFF, 0x66, 0x0E, 0xE0, 0xEC, 0x0D,
    0x80, 0x01, 0xFF, 0xBF, 0xF7, 0x00, 0xE0, 0x1C, 0x03, 0x80, 0x7F, 0xCF, 0xF9, 0xC0, 0x38, 0x07,
    0x00, 0xE0, 0x1C, 0x03, 0xFF, 0xFF, 0xF0, 0x6C, 0x1B, 0x87, 0x70, 0xCC, 0x00, 0x0F, 0xC7, 0xFB,
    0xCF, 0xE1, 0xFF, 0xFF, 0xFF, 0x80, 0xE0, 0x3E, 0x67, 0xF8, 0xFE, 0x1E, 0x07, 0xE0, 0xEC, 0x00,
    0x0F, 0xFD, 0xFF, 0xB8, 0x07, 0x00, 0xE0, 0x1C, 0x03, 0xFE, 0x7F, 0xCE, 0x01, 0xC0, 0x38, 0x07,
    0x00, 0xE0, 0x1F, 0xFF, 0xFF, 0x80, 0x1E, 0x0F, 0xC3, 0x30, 0x00, 0x00, 0x0F, 0xC7, 0xFB, 0xCF,
    0xE1, 0xFF, 0xFF, 0xFF, 0x80, 0xE0, 0x3E, 0x67, 0xF8, 0xFE, 0xCC, 0xEE, 0x77, 0x32, 0x00, 0x1C,
    0x1C, 0x1C, 0x1C, 0x1C, 0x1C, 0x1C, 0x1C, 0x1C, 0x1C, 0x1C, 0x1C, 0x1C, 0x1C, 0x1C, 0xCC, 0xEE,
    0x76, 0x36, 0x00, 0x1C, 0x1C, 0x1C, 0x1C, 0x1C, 0x1C, 0x1C, 0x1C, 0x1C, 0x1C, 0x1C, 0x7B, 0xFC,
    0xC0, 0x71, 0xC7, 0x1C, 0x71, 0xC7, 0x1C, 0x71, 0xC7, 0x1C, 0x71, 0xC7, 0x00, 0x3C, 0xFD, 0xB8,
    0x00, 0x07, 0x0E, 0x1C, 0x38, 0x70, 0xE1, 0xC3, 0x87, 0x0E, 0x1C, 0x1B, 0x00, 0x3F, 0x00, 0x37,
    0x00, 0x66, 0x00, 0x00, 0x01, 0xFC, 0x0F, 0xFC, 0x3E, 0x7C, 0x70, 0x3D, 0xC0, 0x3B, 0x80, 0x77,
    0x00, 0xEE, 0x00, 0xDC, 0x03, 0xB8, 0x07, 0x70, 0x0E, 0x70, 0x3C, 0xF9, 0xF0, 0xFF, 0xC0, 0x7F,
    0x00, 0x6C, 0x0F, 0xC0, 0xDC, 0x19, 0x80, 0x00, 0x7E, 0x1F, 0xE7, 0xDE, 0xE1, 0xDC, 0x1F, 0x83,
    0xF0, 0x7E, 0x1D, 0xE7, 0x9F, 0xE1, 0xF8, 0x07, 0x80, 0x1F, 0x80, 0x3B, 0x00, 0x00, 0x00, 0xFE,
    0x07, 0xFE, 0x1F, 0x3E, 0x38, 0x1E, 0xE0, 0x1D, 0xC0, 0x3B, 0x80, 0x77, 0x00, 0x6E, 0x01, 0xDC,
    0x03, 0xB8, 0x07, 0x38, 0x1E, 0x7C, 0xF8, 0x7F, 0xE0, 0x3F, 0x80, 0x1E, 0x07, 0xE0, 0xEC, 0x00,
    0x00, 0x00, 0x7E, 0x1F, 0xE7, 0xDE, 0xE1, 0xDC, 0x1F, 0x83, 0xF0, 0x7E, 0x1D, 0xE7, 0x9F, 0xE1,
    0xF8, 0x6C, 0x07, 0xE0, 0x37, 0x03, 0x30, 0x00, 0x07, 0xF8, 0xFF, 0xCE, 0x3E, 0xE0, 0xEE, 0x0E,
    0xE0, 0xEE, 0x3E, 0xFF, 0xCF, 0xF8, 0xE3, 0x8E, 0x3C, 0xE1, 0xCE, 0x0E, 0xE0, 0xEE, 0x07, 0xCC,
    0xEE, 0x77, 0x32, 0x00, 0x3F, 0x7F, 0x71, 0x70, 0x70, 0x70, 0x70, 0x70, 0x70, 0x70, 0x70, 0x1E,
    0x03, 0xF0, 0x3B, 0x00, 0x00, 0x7F, 0x8F, 0xFC, 0xE3, 0xEE, 0x0E, 0xE0, 0xEE, 0x0E, 0xE3, 0xEF,
    0xFC, 0xFF, 0x8E, 0x38, 0xE3, 0xCE, 0x1C, 0xE0, 0xEE, 0x0E, 0xE0, 0x70, 0x3C, 0xFD, 0xB8, 0x00,
    0x0F, 0xFF, 0xF1, 0xE1, 0xC3, 0x87, 0x0E, 0x1C, 0x38, 0x70, 0x36, 0x03, 0xF0, 0x1B, 0x81, 0x98,
    0x00, 0x0E, 0x07, 0xE0, 0x7E, 0x07, 0xE0, 0x7E, 0x07, 0xE0, 0x7E, 0x07, 0xE0, 0x7E, 0x07, 0xE0,
    0x7E, 0x07, 0x70, 0x77, 0x9E, 0x3F, 0xE1, 0xFC, 0x6C, 0x1B, 0x87, 0x70, 0xCC, 0x00, 0x38, 0x7E,
    0x1F, 0x87, 0xE1, 0xF8, 0x7E, 0x1F, 0x87, 0xE1, 0xDC, 0x77, 0xFC, 0xFF, 0x0F, 0x01, 0xF8, 0x1D,
    0x80, 0x00, 0xE0, 0x7E, 0x07, 0xE0, 0x7E, 0x07, 0xE0, 0x7E, 0x07, 0xE0, 0x7E, 0x07, 0xE0, 0x7E,
    0x07, 0xE0, 0x77, 0x07, 0x79, 0xE3, 0xFE, 0x1F, 0xC0, 0x1E, 0x0F, 0xC3, 0x30, 0x00, 0x00, 0x38,
    0x7E, 0x1F, 0x87, 0xE1, 0xF8, 0x7E, 0x1F, 0x87, 0xE1, 0xDC, 0x77, 0xFC, 0xFF, 0x1F, 0xCF, 0xF9,
    0xE7, 0x38, 0x07, 0x00, 0xE0, 0x1F, 0x80, 0xFC, 0x07, 0xC0, 0x3C, 0x03, 0x80, 0x77, 0x3F, 0xFF,
    0x9F, 0xE0, 0x00, 0x0E, 0x03, 0xC0, 0x70, 0x00, 0x3F, 0x3F, 0x9C, 0xCE, 0x07, 0xC1, 0xF8, 0x3E,
    0x07, 0x47, 0xBF, 0xDF, 0xC0, 0x01, 0xC1, 0xE0, 0xE0, 0xFF, 0xFF, 0xFF, 0x06, 0x00, 0x60, 0x06,
    0x00, 0x60, 0x06, 0x00, 0x60, 0x06, 0x00, 0x60, 0x06, 0x00, 0x60, 0x06, 0x00, 0x60, 0x06, 0x00,
    0x00, 0x06, 0x01, 0xE0, 0x1E, 0x00, 0xE0, 0xE0, 0xE0, 0xFE, 0xFE, 0xE0, 0xE0, 0xE0, 0xE0, 0xE0,
    0xE0, 0xF2, 0x7E, 0x7E, 0x00, 0x38, 0x78, 0x70, 0xFF, 0x1F, 0xF1, 0x9E, 0x00, 0xE0, 0x1C, 0x03,
    0x80, 0xE0, 0x7C, 0x3F, 0x07, 0xF0, 0x3F, 0x00, 0xE0, 0x1C, 0x01, 0x80, 0x70, 0x0E, 0x0F, 0x9F,
    0xE3, 0xF8, 0x00, 0xFE, 0x7F, 0x33, 0xC0, 0xE0, 0x70, 0x70, 0xF0, 0x7E, 0x0F, 0x01, 0xC0, 0xE0,
    0xE3, 0xF7, 0xF3, 0xE0, 0x19, 0x80, 0xF8, 0x07, 0x00, 0x60, 0x00, 0x0E, 0x03, 0xE0, 0x3E, 0x03,
    0xE0, 0x3E, 0x03, 0xE0, 0x3F, 0xFF, 0xFF, 0xFE, 0x03, 0xE0, 0x3E, 0x03, 0xE0, 0x3E, 0x03, 0xE0,
    0x3E, 0x03, 0xD8, 0x3E, 0x07, 0x00, 0x00, 0xE0, 0x38, 0x0E, 0x03, 0x80, 0xE0, 0x3F, 0xCF, 0xFB,
    0xCF, 0xE1, 0xF8, 0x7E, 0x1F, 0x87, 0xE1, 0xF8, 0x7E, 0x1F, 0x87, 0x4F, 0x3F, 0xEF, 0xFF, 0x87,
    0xE1, 0xF8, 0xFF, 0xFB, 0xF8, 0xE0, 0x38, 0x07, 0xF9, 0xFE, 0x0C, 0x00, 0x1C, 0x47, 0xFC, 0x7F,
    0xCE, 0x1C, 0xE0, 0xCC, 0x0C, 0xC0, 0xCC, 0x0C, 0xE0, 0xCE, 0x1C, 0x7F, 0xF3, 0xFF, 0x0C, 0x20,
    0xE7, 0x8F, 0xFC, 0x7F, 0xE7, 0x07, 0x70, 0x77, 0x07, 0x70, 0x77, 0x07, 0x70, 0x77, 0x87, 0x7F,
    0xE7, 0xFC, 0x03, 0x00, 0x78, 0x0F, 0x03, 0x80, 0x70, 0x0E, 0x71, 0xFF, 0x3F, 0xF7, 0x87, 0xE0,
    0xFC, 0x1F, 0x83, 0xF0, 0x7E, 0x0F, 0xE1, 0xFF, 0xF7, 0xFC, 0x06, 0x00, 0x3C, 0x7F, 0x9F, 0xC0,
    0x70, 0x38, 0x0C, 0x06, 0x07, 0x03, 0x81, 0xFF, 0xCF, 0xC1, 0x80, 0x0E, 0x0F, 0xE7, 0xF3, 0x80,
    0xE0, 0x38, 0x0E, 0x63, 0xFE, 0xFF, 0xBC, 0x7F, 0xFB, 0xFE, 0xC4, 0x00, 0x00, 0x00, 0xC0, 0x06,
    0x00, 0x30, 0x01, 0x81, 0xCC, 0x3F, 0xE1, 0xFF, 0x1C, 0x38, 0xE0, 0xC6, 0x06, 0x30, 0x31, 0x81,
    0x8E, 0x0C, 0x70, 0xE1, 0xFF, 0x07, 0xF8, 0x0C, 0xC0, 0x06, 0x00, 0x38, 0x01, 0xF0, 0x07, 0x80,
    0x00, 0x70, 0x07, 0x80, 0x30, 0x01, 0x81, 0xCC, 0x3F, 0xE1, 0xFF, 0x1C, 0x38, 0xE0, 0xC6, 0x06,
    0x30, 0x31, 0x81, 0x8E, 0x0C, 0x70, 0xE1, 0xFF, 0x07, 0xF8, 0x0C, 0x00, 0x1C, 0x1F, 0xC7, 0xFB,
    0x86, 0xC1, 0xFF, 0xFF, 0xFC, 0x07, 0x01, 0xC0, 0xEF, 0xFB, 0xFC, 0x18, 0x00, 0x3C, 0x3F, 0xCF,
    0xF8, 0x06, 0x01, 0xC0, 0x7F, 0xFF, 0xFF, 0xC1, 0xF8, 0x67, 0xF8, 0xFC, 0x0C, 0x00, 0x3C, 0x00,
    0xFF, 0x00, 0xFF, 0x80, 0x01, 0x80, 0x01, 0xF0, 0x0F, 0xF0, 0x7F, 0xFE, 0xF9, 0xDF, 0xC1, 0xCC,
    0xE1, 0x80, 0x7F, 0x80, 0x7F, 0x00, 0x0C, 0x00, 0x0F, 0x0F, 0xF7, 0xF9, 0x80, 0x70, 0x0F, 0xC3,
    0xF1, 0xC0, 0x60, 0x18, 0x07, 0xFC, 0xFF, 0x0E, 0x00, 0x3E, 0x1F, 0xC7, 0xF8, 0x06, 0x03, 0x8F,
    0xC3, 0xF0, 0x0E, 0x01, 0xC0, 0x7F, 0xFB, 0xFC, 0x1C, 0x00, 0x3E, 0x00, 0xFE, 0x01, 0xFF, 0x80,
    0x0F, 0x80, 0x3F, 0x67, 0xE7, 0xCF, 0xC7, 0x01, 0xC0, 0x01, 0xC0, 0x03, 0x83, 0xFE, 0x07, 0xF8,
    0x01, 0xC0, 0x00, 0x0F, 0x07, 0xF9, 0xFF, 0x70, 0x7E, 0x0D, 0x9F, 0xB3, 0xF7, 0x0F, 0xE0, 0xFC,
    0x1D, 0xFF, 0x1F, 0xE0, 0x60, 0x08, 0x1C, 0x1C, 0x1C, 0x1C, 0x3E, 0x3F, 0x1C, 0x1C, 0x1C, 0x1C,
    0x1C, 0x1C, 0x1C, 0x1C, 0x7C, 0x78, 0x00, 0x70, 0x07, 0x80, 0x30, 0x01, 0x81, 0xCC, 0x1F, 0xE1,
    0xFF, 0x1C, 0x38, 0xE0, 0xC6, 0x06, 0x30, 0x31, 0x81, 0x8E, 0x0C, 0x70, 0xE1, 0xFF, 0x07, 0xF8,
    0x0C, 0xC0, 0x06, 0x10, 0x70, 0xFF, 0x07, 0xF0, 0x00, 0x1C, 0x47, 0xF9, 0xFF, 0x70, 0xEE, 0x0D,
    0x81, 0xB0, 0x36, 0x06, 0xE0, 0xDC, 0x39, 0xFF, 0x1F, 0xE0, 0xCC, 0x01, 0x90, 0x73, 0xFE, 0x7F,
    0x00, 0x0F, 0x0F, 0xE7, 0xFB, 0x80, 0xE0, 0x31, 0xEC, 0x7F, 0x1F, 0xE1, 0xF8, 0x77, 0xFC, 0xFF,
    0x0E, 0x00, 0xC0, 0x5C, 0x1F, 0x83, 0x30, 0xE7, 0x18, 0x67, 0x0E, 0xC0, 0xF8, 0x1F, 0x03, 0xC0,
    0x38, 0x0F, 0x01, 0xF0, 0x36, 0x06, 0xC0, 0xF8, 0x1E, 0x00, 0x60, 0x37, 0x07, 0x78, 0xE1, 0x9C,
    0x1F, 0x80, 0xF0, 0x07, 0x00, 0xF0, 0x0F, 0x80, 0xD8, 0x0F, 0x80, 0xF8, 0x02, 0x00, 0x40, 0x5C,
    0x1B, 0x83, 0x70, 0x6E, 0x0D, 0xC1, 0xB8, 0x37, 0x06, 0xE0, 0xDC, 0x39, 0xFF, 0x1F, 0xE0, 0x8C,
    0x01, 0x80, 0x30, 0x06, 0x00, 0xC0, 0x78, 0x0F, 0x03, 0x80, 0x70, 0x0E, 0x71, 0xFF, 0xBF, 0xF7,
    0x86, 0xE0, 0xFC, 0x1F, 0x83, 0xF0, 0x7E, 0x0F, 0xC1, 0xF8, 0x3F, 0x07, 0x78, 0x0F, 0x03, 0x80,
    0x70, 0x0E, 0x71, 0xFF, 0xBF, 0xF7, 0x86, 0xE0, 0xFC, 0x1F, 0x83, 0xF0, 0x7E, 0x0F, 0xC1, 0xF8,
    0x3F, 0x07, 0x00, 0xE0, 0x1C, 0x03, 0x81, 0xE0, 0x3C, 0x21, 0xC7, 0x00, 0x21, 0xC7, 0x1C, 0x73,
    0xEF, 0xDC, 0x71, 0xC7, 0x1C, 0x43, 0x8E, 0x38, 0xE3, 0x8E, 0x38, 0xE3, 0x87, 0xDF, 0x18, 0x7F,
    0xF3, 0x8E, 0x38, 0xE3, 0x8E, 0x38, 0xE7, 0xFF, 0x18, 0x18, 0x18, 0x18, 0x18, 0x18, 0x79, 0xFF,
    0xFF, 0x9C, 0x18, 0x18, 0x18, 0x18, 0x18, 0x18, 0x0C, 0x06, 0x03, 0x01, 0x80, 0xC1, 0xE1, 0xF1,
    0xD8, 0x7F, 0x3F, 0x83, 0x01, 0x80, 0xC0, 0x60, 0x30, 0x18, 0xE3, 0x8E, 0x38, 0xE3, 0x8E, 0x38,
    0xE3, 0x8E, 0x38, 0xE3, 0x8E, 0x38, 0xE3, 0x8E, 0x1F, 0x7C, 0xE0, 0x0E, 0x00, 0xE0, 0x0E, 0x00,
    0xFF, 0xEF, 0xFF, 0xFF, 0xFE, 0x0E, 0xE1, 0xCE, 0x38, 0xE7, 0x0E, 0xFC, 0xEF, 0xEE, 0x0F, 0xE0,
    0x7E, 0x03, 0x00, 0x30, 0x07, 0x00, 0x73, 0xFE, 0x3F, 0xC0, 0x40, 0x81, 0x70, 0xE1, 0xF8, 0x70,
    0xFC, 0x38, 0x7E, 0x1C, 0x3F, 0x0E, 0x1F, 0x87, 0x0F, 0xC3, 0x87, 0xE1, 0xC3, 0xF0, 0xE1, 0xDF,
    0xFF, 0xEF, 0xEF, 0xB0, 0x81, 0x00, 0x40, 0x81, 0x70, 0xE1, 0xF8, 0x70, 0xFC, 0x38, 0x7E, 0x1C,
    0x3F, 0x0E, 0x1F, 0x87, 0x0F, 0xC3, 0x87, 0xE1, 0xC3, 0xF0, 0xE1, 0xDF, 0xFF, 0xEF, 0xEF, 0xF0,
    0x81, 0x38, 0x00, 0x1C, 0x00, 0x0E, 0x00, 0x07, 0x00, 0x03, 0x80, 0x4F, 0x0E, 0x7F, 0xDF, 0xBF,
    0xFF, 0xFE, 0x3C, 0x7E, 0x1C, 0x1F, 0x0E, 0x0F, 0x87, 0x07, 0xC3, 0x83, 0xE1, 0xC1, 0xF0, 0xE0,
    0xF8, 0x70, 0x7C, 0x38, 0x30, 0x00, 0x18, 0x00, 0x0C, 0x00, 0x06, 0x00, 0x0F, 0x00, 0x07, 0x00,
    0x11, 0xC1, 0xFF, 0x8F, 0xFC, 0x78, 0x63, 0x83, 0x9C, 0x1C, 0xE0, 0xE7, 0x07, 0x38, 0x39, 0xC1,
    0xCE, 0x0E, 0x70, 0x73, 0x80, 0x1C, 0x00, 0xE0, 0x1F, 0x00, 0xF0, 0x00, 0x47, 0x07, 0xFE, 0x3F,
    0xF1, 0xE1, 0x8E, 0x0E, 0x70, 0x73, 0x83, 0x9C, 0x1C, 0xE0, 0xE7, 0x07, 0x38, 0x39, 0xC1, 0xC0,
    0x0E, 0x00, 0x70, 0x03, 0x80, 0x1F, 0x00, 0x78, 0x60, 0x5E, 0x1F, 0xE3, 0xFC, 0x7F, 0xCF, 0xD9,
    0xFB, 0xBF, 0x3F, 0xE7, 0xFC, 0x7F, 0x87, 0xF0, 0xF0, 0x0E, 0x07, 0xF1, 0xFF, 0x70, 0x6E, 0x0F,
    0xFF, 0xFF, 0xFE, 0x07, 0xE0, 0xFC, 0x39, 0xFF, 0x1F, 0xC0, 0xC0, 0x0E, 0x7F, 0x3F, 0xFF, 0x7F,
    0xFF, 0xE1, 0xE0, 0xE0, 0xE0, 0xC0, 0xFF, 0xC0, 0xFF, 0xE0, 0xE0, 0xE0, 0xE0, 0xE1, 0xE0, 0x7F,
    0xFF, 0x3F, 0xFF, 0x0C, 0x00, 0x07, 0x80, 0x3F, 0xE1, 0xFF, 0xE3, 0x81, 0xEE, 0x01, 0xDC, 0x61,
    0xB0, 0xC3, 0x61, 0x86, 0xC3, 0x0D, 0xC7, 0x39, 0xFF, 0xF3, 0xFF, 0xC1, 0x86, 0x00, 0x07, 0x00,
    0x38, 0x01, 0xC0, 0x0E, 0x00, 0xF8, 0x1F, 0xF1, 0xFF, 0xDC, 0xE7, 0xE7, 0x3E, 0x38, 0xF1, 0xC7,
    0xCE, 0x3E, 0x73, 0xBB, 0x9D, 0xFF, 0xC7, 0xFC, 0x07, 0x00, 0x38, 0x01, 0xC0, 0x0E, 0x00, 0x70,
    0x00, 0x06, 0x0C, 0x18, 0x30, 0x60, 0xC1, 0x83, 0x0E, 0x3F, 0xFF, 0xB4, 0x00, 0x06, 0x0C, 0x18,
    0x30, 0x60, 0xC1, 0x83, 0x06, 0x0C, 0x18, 0x30, 0xE1, 0xFF, 0xFB, 0x40, 0x06, 0x01, 0x80, 0x60,
    0x18, 0x06, 0x01, 0x80, 0x60, 0x18, 0x0E, 0x07, 0x8F, 0xE3, 0xD8, 0x46, 0x01, 0x80, 0x60, 0x1F,
    0x03, 0xC0, 0x46, 0xFF, 0xFE, 0xF0, 0xE0, 0xE0, 0xE0, 0xE0, 0xE0, 0xE0, 0xE0, 0xE0, 0xE0, 0xE0,
    0xE0, 0xE0, 0xE0, 0x46, 0xFF, 0xFE, 0xF0, 0xE0, 0xE0, 0xE0, 0xE0, 0xE0, 0xE0, 0xE0, 0xE0, 0xE0,
    0xE0, 0xE0, 0x7C, 0x7C, 0x19, 0xF7, 0xF8, 0xE3, 0x8E, 0x38, 0xE3, 0x8E, 0x38, 0x73, 0xEF, 0xC7,
    0x1C, 0x71, 0xC7, 0x1C, 0x71, 0xC7, 0x1C, 0x71, 0xC7, 0x1C, 0x7C, 0x1F, 0xF3, 0xFF, 0x70, 0xEE,
    0x0D, 0xC7, 0xBF, 0xE7, 0xF8, 0xE7, 0x1C, 0x73, 0x87, 0x70, 0xE0, 0x40, 0xDC, 0x3B, 0x87, 0x71,
    0xCE, 0x71, 0xFE, 0x3F, 0xE7, 0x0E, 0xE0, 0xDC, 0x3B, 0xFF, 0x7F, 0xC0, 0x3C, 0x3F, 0xBF, 0xD8,
    0x0E, 0x07, 0xC0, 0xF8, 0x1E, 0x03, 0x01, 0xBF, 0xDF, 0xCF, 0x86, 0x03, 0xE0, 0xF0, 0x10, 0x00,
    0x1E, 0x3C, 0xE1, 0xC3, 0x87, 0x0E, 0x1C, 0x38, 0x70, 0xE1, 0xC3, 0x87, 0x0E, 0x1C, 0x38, 0x70,
    0xE7, 0xCF, 0x00, 0x1E, 0x3C, 0xE1, 0xC3, 0x87, 0x0E, 0x1C, 0x38, 0xF9, 0xF9, 0xC3, 0x87, 0x0E,
    0x1C, 0x38, 0x70, 0xE7, 0xCF, 0x00, 0x61, 0xE1, 0xE1, 0xC3, 0x87, 0x0E, 0x1C, 0x38, 0x70, 0xE1,
    0xC3, 0x87, 0x0E, 0x0F, 0x1E, 0x07, 0x83, 0xC3, 0x81, 0xC0, 0xE0, 0x70, 0x38, 0x1C, 0x0E, 0x07,
    0x03, 0x81, 0xC0, 0xE0, 0x70, 0x38, 0x1C, 0x7F, 0xBF, 0xBB, 0x8F, 0xC7, 0xC0, 0x70, 0xF8, 0xFC,
    0x1C, 0x1C, 0x1C, 0x1C, 0x1C, 0x1C, 0x1C, 0xFE, 0xFE, 0x1C, 0x1C, 0x18, 0x30, 0x30, 0x7E, 0xFE,
    0xFE, 0x30, 0x30, 0x30, 0x30, 0x30, 0x30, 0x30, 0x30, 0x30, 0x30, 0x30, 0x30, 0x3E, 0x1E, 0x20,
    0x23, 0x83, 0x1C, 0x18, 0xE0, 0xC7, 0x06, 0x7F, 0xFF, 0xFF, 0xEE, 0x0C, 0x70, 0x63, 0x87, 0x0F,
    0xF8, 0x7F, 0xC0, 0x60, 0x00, 0x79, 0xFF, 0xDF, 0xFD, 0xF3, 0x8E, 0x70, 0x67, 0x07, 0x60, 0x76,
    0x07, 0x70, 0x77, 0x0E, 0x3F, 0xE1, 0xFC, 0x06, 0x00, 0x43, 0x1C, 0xFB, 0x8F, 0x70, 0x6E, 0x0F,
    0xC1, 0xF8, 0x37, 0x06, 0xE1, 0xCC, 0x71, 0xFE, 0x1F, 0x80, 0x80, 0x04, 0x01, 0xC0, 0x78, 0x0F,
    0x83, 0xB0, 0x77, 0x0C, 0xE3, 0x8C, 0x71, 0xCC, 0x3B, 0x83, 0x70, 0x70, 0x08, 0x18, 0x0E, 0x1E,
    0x0F, 0x0F, 0x07, 0xC7, 0x83, 0xE7, 0xC1, 0xB3, 0xF1, 0xDD, 0xB8, 0xEE, 0xCC, 0x63, 0xE7, 0x31,
    0xE3, 0xB8, 0xF1, 0xDC, 0x38, 0x60, 0x00, 0x00, 0x00, 0xC0, 0x7C, 0x1F, 0x83, 0x80, 0xE0, 0x1C,
    0x03, 0x80, 0xF0, 0x1F, 0x07, 0xE0, 0xEC, 0x19, 0xC7, 0x18, 0xE3, 0x98, 0x77, 0x06, 0xE0, 0xE0,
    0xC0, 0xF8, 0x76, 0x39, 0xCE, 0x3F, 0x0F, 0x81, 0xE0, 0x30, 0x0C, 0x03, 0x00, 0xC0, 0x30, 0x7F,
    0x87, 0xF8, 0x7F, 0x80, 0x70, 0x07, 0x00, 0xE0, 0x1C, 0x01, 0xC0, 0x38, 0x07, 0x00, 0x7F, 0x8F,
    0xF8, 0x01, 0x80, 0x18, 0x01, 0x80, 0x1F, 0x00, 0xF0, 0x7F, 0x87, 0xF8, 0x7F, 0x80, 0x70, 0x07,
    0x00, 0xE0, 0x1C, 0x01, 0xDC, 0x3B, 0xE7, 0x76, 0x7F, 0xEF, 0xFE, 0x1C, 0x01, 0x80, 0x7F, 0xCF,
    0xF8, 0x0E, 0x01, 0xC0, 0x70, 0x1C, 0x03, 0x80, 0xF8, 0x07, 0xC0, 0x38, 0x03, 0x00, 0xE6, 0x3C,
    0xFF, 0x1F, 0xC0, 0x3F, 0xC7, 0xFC, 0x7F, 0xC0, 0x38, 0x03, 0x00, 0x70, 0x0E, 0x01, 0xF0, 0x1F,
    0xC0, 0x1C, 0x00, 0xE3, 0xCE, 0x7F, 0xEE, 0x7E, 0xE1, 0xE7, 0xFF, 0x3F, 0x30, 0x7E, 0x7F, 0xB0,
    0xC0, 0x70, 0x38, 0x18, 0x1C, 0x1C, 0x3E, 0x1C, 0x0E, 0x07, 0x03, 0x81, 0xC0, 0xE0, 0x70, 0x3F,
    0x3F, 0xF8, 0x5C, 0x0E, 0x07, 0x01, 0xC0, 0xF0, 0x3E, 0x07, 0x03, 0x81, 0xC0, 0xE0, 0x70, 0x38,
    0x1C, 0x38, 0x1C, 0x0E, 0x07, 0x03, 0x81, 0xC0, 0xE0, 0x78, 0x1E, 0x03, 0x80, 0xC0, 0x70, 0x38,
    0x1F, 0xFD, 0xFC, 0x18, 0x00, 0x0E, 0x1F, 0xDF, 0xCC, 0x0E, 0x07, 0x03, 0x81, 0x80, 0xC0, 0x60,
    0x30, 0x1C, 0x0E, 0x07, 0x01, 0xC0, 0xFF, 0x3F, 0x00, 0x00, 0x00, 0x7F, 0x83, 0xFF, 0x1E, 0x0E,
    0x70, 0x1F, 0x80, 0x7E, 0x01, 0xF8, 0xC3, 0xE3, 0x8F, 0x8E, 0x3E, 0x01, 0xF8, 0x07, 0x70, 0x1D,
    0xE0, 0xE3, 0xFF, 0x07, 0xF8, 0x03, 0x00, 0x7C, 0x1F, 0xF3, 0xFF, 0x70, 0xEE, 0x1D, 0xFF, 0x3F,
    0xE7, 0x0E, 0xE0, 0xDC, 0x1B, 0xFF, 0x7F, 0xC0, 0x0F, 0x03, 0xFC, 0x7F, 0xE6, 0x0E, 0x70, 0x63,
    0xE7, 0x3E, 0x77, 0x07, 0x60, 0x66, 0x0E, 0x7F, 0xE3, 0xFC, 0x06, 0x00, 0x00, 0xF0, 0x0F, 0x01,
    0xC0, 0x1C, 0x0F, 0xC3, 0xFC, 0x7F, 0x8E, 0x00, 0xE0, 0x0C, 0x78, 0xC7, 0xCC, 0x7C, 0xE1, 0xCE,
    0x1C, 0x7F, 0xC3, 0xFC, 0x0E, 0x00, 0x40, 0x5C, 0x1F, 0x83, 0xF0, 0x7E, 0x0F, 0xFF, 0xFF, 0xFF,
    0x07, 0xE0, 0xFC, 0x1F, 0x83, 0xF0, 0x70, 0x08, 0x1C, 0x1C, 0x00, 0x08, 0x1C, 0x1C, 0x1C, 0x1C,
    0x1C, 0x1C, 0x1C, 0x1C, 0x1C, 0x1C, 0x1C, 0xFF, 0xFE, 0xDC, 0xFC, 0xF8, 0x40, 0xB8, 0x77, 0x1C,
    0xE7, 0x1D, 0xC7, 0xF0, 0xFC, 0x3F, 0x1D, 0xCE, 0x77, 0x9F, 0xC7, 0x01, 0xC0, 0x70, 0x1C, 0x07,
    0x01, 0xC0, 0x40, 0xE0, 0xE0, 0xE0, 0xE0, 0xE0, 0xE0, 0xE0, 0xE0, 0xE0, 0xFF, 0xFF, 0x00, 0x78,
    0x07, 0xC0, 0x38, 0x01, 0x81, 0xCC, 0x3F, 0xE1, 0xFF, 0x1C, 0x38, 0xE0, 0xC6, 0x06, 0x30, 0x31,
    0x81, 0x8E, 0x0C, 0x70, 0xE1, 0xFF, 0x07, 0xF8, 0x0C, 0xC0, 0x06, 0x00, 0x30, 0x01, 0x80, 0x0C,
    0x00, 0x7E, 0x7F, 0xB0, 0xC0, 0x70, 0x38, 0x18, 0x1C, 0x1E, 0x1E, 0x1C, 0x0E, 0x0F, 0xC7, 0xE1,
    0xC0, 0xE0, 0x70, 0x3F, 0x3F, 0xF8, 0x5C, 0x0E, 0x07, 0x01, 0xC0, 0xF0, 0x3C, 0x06, 0x03, 0x07,
    0xE3, 0xF0, 0x60, 0x30, 0x18, 0x00, 0xC0, 0x00, 0x18, 0x00, 0x03, 0x00, 0x00, 0x60, 0x01, 0xCF,
    0xFC, 0xFF, 0xFF, 0x9F, 0xFF, 0xF7, 0x0E, 0x0E, 0xE0, 0xC3, 0x98, 0x18, 0xE3, 0x03, 0x18, 0x60,
    0x67, 0x0E, 0x0D, 0xC1, 0xC3, 0xF0, 0x1F, 0xFF, 0xF1, 0xFF, 0xFF, 0x0C, 0x00, 0x00, 0x00, 0xC0,
    0x00, 0x18, 0x00, 0x03, 0x00, 0x00, 0x60, 0x01, 0xCF, 0xFC, 0xFF, 0xFF, 0xDF, 0xFF, 0xF7, 0x0E,
    0x0C, 0xE0, 0xC3, 0x98, 0x18, 0xE3, 0x03, 0x38, 0x60, 0x6F, 0x8E, 0x0D, 0xFD, 0xC3, 0x83, 0x9F,
    0xF0, 0x39, 0xFE, 0x07, 0x0C, 0x00, 0xE0, 0x00, 0x1C, 0x01, 0x07, 0x00, 0x3F, 0xE0, 0x07, 0xF8,
    0x00, 0xC0, 0x00, 0x06, 0x00, 0x00, 0x30, 0x00, 0x01, 0x80, 0x01, 0xCF, 0xFC, 0x3F, 0xFF, 0xE1,
    0xFF, 0xFF, 0x1C, 0x38, 0x38, 0xE0, 0xC3, 0x86, 0x06, 0x38, 0x30, 0x31, 0x81, 0x81, 0x9D, 0xEE,
    0x0D, 0xDF, 0x70, 0xFD, 0xDD, 0xFF, 0xFF, 0xC7, 0xFF, 0xFE, 0x0C, 0x06, 0x00, 0x00, 0x30, 0x00,
    0x30, 0x00, 0x60, 0x01, 0xFF, 0xE7, 0xFF, 0xFF, 0xFF, 0xE6, 0x30, 0x0C, 0x70, 0x18, 0xF8, 0x30,
    0x7C, 0x60, 0x3C, 0xC0, 0x19, 0x80, 0x33, 0xFF, 0xE3, 0xFF, 0x80, 0x00, 0xF0, 0x1F, 0x31, 0x83,
    0x18, 0x7F, 0x8F, 0xF8, 0xFF, 0x83, 0x18, 0x31, 0x83, 0x18, 0x31, 0x83, 0x18, 0x31, 0x83, 0x18,
    0x3F, 0x83, 0xF8, 0x0D, 0x80, 0x18, 0x01, 0x80, 0xF8, 0x0F, 0x00, 0x30, 0x00, 0x0C, 0x00, 0x07,
    0xE0, 0xE3, 0xF8, 0xFE, 0xFE, 0x7F, 0x0C, 0x38, 0x03, 0x0E, 0x00, 0xC3, 0x80, 0x30, 0xC6, 0x0C,
    0x3F, 0xE3, 0x0F, 0xF8, 0xC3, 0x86, 0x3F, 0xFF, 0x8F, 0xEF, 0xC0, 0xC0, 0xC0, 0x1F, 0x00, 0x1F,
    0x80, 0x0E, 0x00, 0x07, 0x00, 0x03, 0xF1, 0xC7, 0xFF, 0xFB, 0xFF, 0xFC, 0x67, 0x87, 0x33, 0x83,
    0x99, 0xC1, 0xCC, 0xE0, 0xE6, 0x70, 0x73, 0x38, 0x39, 0x9C, 0x1C, 0xCE, 0x0E, 0x67, 0x07, 0x00,
    0x03, 0x80, 0x01, 0xC0, 0x00, 0xE0, 0x03, 0xE0, 0x01, 0xF0, 0xE0, 0x0E, 0x00, 0xE0, 0x0E, 0x00,
    0xE3, 0xCE, 0xFF, 0xEF, 0xFE, 0xC0, 0xEE, 0x0E, 0xF8, 0xE3, 0xEE, 0x0F, 0xE0, 0x7E, 0x03, 0xFF,
    0xFF, 0xFE, 0x07, 0x00, 0xE0, 0x1C, 0x03, 0x80, 0x70, 0x0F, 0xFD, 0xFF, 0xFF, 0xFF, 0x0E, 0xE1,
    0x9C, 0x73, 0x9C, 0x77, 0x0E, 0xE1, 0xF8, 0x3F, 0xFF, 0xFF, 0xCE, 0x79, 0xDF, 0x7B, 0x3F, 0x67,
    0xBC, 0xE7, 0x1C, 0xE0, 0x08, 0xCE, 0x79, 0xDF, 0x7B, 0x3F, 0xE7, 0xBC, 0xE7, 0x0C, 0xE0, 0xFF,
    0xFF, 0xFE, 0x1F, 0x87, 0xE1, 0xC0, 0x00, 0x00, 0x00, 0x00, 0x00, 0x0F, 0xFF, 0xFF, 0xE1, 0xF8,
    0x7E, 0x1C, 0x60, 0x17, 0xC1, 0xDE, 0x0E, 0x70, 0x73, 0x83, 0x9C, 0x1C, 0xE0, 0xE7, 0x07, 0x18,
    0x38, 0xC3, 0xC7, 0xFE, 0x1F, 0xF0, 0x33, 0x80, 0x1C, 0x00, 0xE0, 0x07, 0x00, 0x38, 0x60, 0x11,
    0xF0, 0x71, 0xE0, 0xE1, 0xC1, 0xC3, 0x83, 0x87, 0x07, 0x0E, 0x0E, 0x1C, 0x1C, 0x18, 0x38, 0x30,
    0xF0, 0x7F, 0xE0, 0x7F, 0xC0, 0x33, 0x80, 0x07, 0x00, 0x0E, 0x00, 0x1F, 0x00, 0x1E, 0xFF, 0xFE,
    0xC0, 0x7E, 0xFC, 0x38, 0xC7, 0x10, 0x71, 0xC3, 0x86, 0x7F, 0xFF, 0xD8, 0x00, 0xFE, 0x7E, 0x71,
    0xC3, 0x86, 0x38, 0xC7, 0x10, 0x73, 0x9C, 0x40, 0x00, 0x00, 0x01, 0x1D, 0xE0, 0x61, 0xC3, 0x87,
    0x18, 0xE7, 0x38, 0x38, 0x3C, 0x7E, 0xE6, 0x01, 0x7F, 0xDF, 0xC6, 0x7E, 0x7E, 0x7E, 0x42, 0x7E,
    0x7E, 0x18, 0x06, 0x60, 0x00, 0x66, 0x66, 0x0F, 0x37, 0x66, 0x01, 0xEF, 0xB3, 0xF9, 0xE3, 0x00,
    0x3B, 0x3B, 0x99, 0x99, 0x80, 0xC3, 0x66, 0x3C, 0x3C, 0x7B, 0xFC, 0xC0, 0x37, 0x6E, 0xEC, 0x1C,
    0x63, 0x9C, 0x40, 0x7D, 0x80, 0x76, 0x6C, 0x01, 0x8E, 0x37, 0xFD, 0x80, 0x06, 0xCC, 0xFF, 0x70,
    0x1F, 0x07, 0xF1, 0xEF, 0x70, 0xEE, 0x0D, 0xC1, 0xF8, 0x3F, 0xFF, 0xFF, 0xFC, 0x1F, 0x83, 0xF0,
    0x6E, 0x1C, 0xF7, 0x8F, 0xE0, 0xF8, 0x18, 0x03, 0x80, 0x38, 0x03, 0x00, 0x01, 0xFF, 0xBF, 0xF7,
    0x00, 0xE0, 0x1C, 0x03, 0x80, 0x7F, 0xCF, 0xF9, 0xC0, 0x38, 0x07, 0x00, 0xE0, 0x1C, 0x03, 0xFF,
    0xFF, 0xF0, 0x3B, 0x87, 0x70, 0x00, 0x7F, 0xEF, 0xFD, 0xC0, 0x38, 0x07, 0x00, 0xE0, 0x1F, 0xF3,
    0xFE, 0x70, 0x0E, 0x01, 0xC0, 0x38, 0x07, 0x00, 0xFF, 0xFF, 0xFC, 0xFF, 0xF1, 0xFF, 0xE0, 0x38,
    0x00, 0x70, 0x00, 0xE0, 0x01, 0xFF, 0x03, 0xFF, 0x07, 0x9F, 0x0E, 0x0E, 0x1C, 0x1C, 0x38, 0x38,
    0x70, 0x70, 0xE1, 0xE1, 0xCF, 0x83, 0x9E, 0x00, 0x07, 0x01, 0xC0, 0xE0, 0x30, 0x00, 0x3F, 0xFF,
    0xFF, 0x80, 0xE0, 0x38, 0x0E, 0x03, 0x80, 0xE0, 0x38, 0x0E, 0x03, 0x80, 0xE0, 0x38, 0x0E, 0x03,
    0x80, 0x0F, 0xE3, 0xFF, 0x7C, 0x67, 0x00, 0xE0, 0x0E, 0x00, 0xFF, 0x8F, 0xF8, 0xE0, 0x0E, 0x00,
    0xE0, 0x07, 0x00, 0x7C, 0x63, 0xFF, 0x1F, 0xE0, 0x1F, 0xCF, 0xF9, 0xE7, 0x38, 0x07, 0x00, 0xE0,
    0x1F, 0x80, 0xFC, 0x07, 0xC0, 0x3C, 0x03, 0x80, 0x77, 0x3F, 0xFF, 0x9F, 0xE0, 0xFF, 0xFF, 0xFF,
    0xFF, 0xFF, 0xF8, 0xEE, 0xEE, 0x00, 0x38, 0x38, 0x38, 0x38, 0x38, 0x38, 0x38, 0x38, 0x38, 0x38,
    0x38, 0x38, 0x38, 0x38, 0x38, 0x03, 0x81, 0xC0, 0xE0, 0x70, 0x38, 0x1C, 0x0E, 0x07, 0x03, 0x81,
    0xC0, 0xE0, 0x7E, 0x7F, 0xF9, 0xF8, 0x0F, 0xF8, 0x00, 0x3F, 0xE0, 0x00, 0xE1, 0x80, 0x03, 0x86,
    0x00, 0x0E, 0x18, 0x00, 0x38, 0x7F, 0x80, 0xE1, 0xFF, 0x03, 0x86, 0x3E, 0x0E, 0x18, 0x38, 0x30,
    0x60, 0x61, 0xC1, 0x81, 0x87, 0x06, 0x0E, 0x78, 0x18, 0xFB, 0xE0, 0x7F, 0xCE, 0x01, 0xFE, 0x00,
    0x00, 0x00, 0xE0, 0x70, 0x0E, 0x07, 0x00, 0xE0, 0x70, 0x0E, 0x07, 0x00, 0xE0, 0x70, 0x0F, 0xFF,
    0xFC, 0xFF, 0xFF, 0xEE, 0x07, 0x1F, 0xE0, 0x70, 0x7E, 0x07, 0x07, 0xE0, 0x70, 0x7E, 0x07, 0x07,
    0xE0, 0x71, 0xFE, 0x07, 0xFE, 0xE0, 0x7F, 0x80, 0xFF, 0xF1, 0xFF, 0xE0, 0x38, 0x00, 0x70, 0x00,
    0xE0, 0x01, 0xFF, 0x03, 0xFF, 0x07, 0x9E, 0x0E, 0x0E, 0x1C, 0x1C, 0x38, 0x38, 0x70, 0x70, 0xE0,
    0xE1, 0xC1, 0xC3, 0x83, 0x80, 0x03, 0x00, 0x38, 0x03, 0x80, 0x18, 0x00, 0x00, 0x70, 0x7B, 0x83,
    0x9C, 0x38, 0xE3, 0x87, 0x38, 0x3B, 0x81, 0xF8, 0x0F, 0xC0, 0x7F, 0x03, 0xBC, 0x1C, 0xF0, 0xE3,
    0xC7, 0x0F, 0x38, 0x3D, 0xC0, 0xE0, 0x0C, 0x00, 0x70, 0x01, 0xC0, 0x06, 0x00, 0x00, 0x70, 0x1F,
    0x81, 0xFC, 0x0F, 0xE0, 0xFF, 0x0F, 0xF8, 0xEF, 0xC7, 0x7E, 0x73, 0xF7, 0x1F, 0xF8, 0xFF, 0x87,
    0xF8, 0x3F, 0xC1, 0xFC, 0x0F, 0xC0, 0x70, 0x1D, 0xC0, 0xFC, 0x03, 0xE0, 0x00, 0x0E, 0x07, 0x38,
    0x39, 0xC1, 0xCE, 0x0C, 0x38, 0xE1, 0xC7, 0x07, 0x30, 0x3F, 0x80, 0xFC, 0x03, 0xC0, 0x1E, 0x00,
    0xE0, 0x4F, 0x03, 0xF0, 0x1F, 0x00, 0xE0, 0x7E, 0x07, 0xE0, 0x7E, 0x07, 0xE0, 0x7E, 0x07, 0xE0,
    0x7E, 0x07, 0xE0, 0x7E, 0x07, 0xE0, 0x7E, 0x07, 0xE0, 0x7F, 0xFF, 0xFF, 0xF0, 0x70, 0x07, 0x00,
    0x70, 0x07, 0x00, 0x07, 0x00, 0x1E, 0x00, 0x78, 0x03, 0xF0, 0x0D, 0xC0, 0x73, 0x01, 0xCE, 0x06,
    0x18, 0x38, 0x70, 0xFF, 0xC7, 0xFF, 0x1C, 0x0E, 0x60, 0x3B, 0x80, 0x7E, 0x01, 0xC0, 0xFF, 0xCF,
    0xFC, 0xE0, 0x0E, 0x00, 0xE0, 0x0F, 0xF8, 0xFF, 0xCE, 0x3E, 0xE0, 0xEE, 0x06, 0xE0, 0x6E, 0x0E,
    0xE3, 0xEF, 0xFC, 0xFF, 0x80, 0x7F, 0x8F, 0xFC, 0xE3, 0xEE, 0x0E, 0xE0, 0xEE, 0x3E, 0xFF, 0xCF,
    0xFE, 0xE1, 0xEE, 0x07, 0xE0, 0x7E, 0x07, 0xE1, 0xEF, 0xFE, 0x7F, 0x80, 0xFF, 0xFF, 0xFE, 0x03,
    0x80, 0xE0, 0x38, 0x0E, 0x03, 0x80, 0xE0, 0x38, 0x0E, 0x03, 0x80, 0xE0, 0x38, 0x0E, 0x00, 0x0F,
    0xF8, 0x1F, 0xF0, 0x38, 0x60, 0x70, 0xC0, 0xE1, 0x81, 0xC3, 0x03, 0x86, 0x07, 0x0C, 0x0C, 0x18,
    0x38, 0x30, 0x70, 0x60, 0xE0, 0xC3, 0x81, 0x9F, 0xFF, 0xFF, 0xFF, 0xF0, 0x07, 0xE0, 0x0F, 0xC0,
    0x1F, 0x80, 0x38, 0xFF, 0xDF, 0xFB, 0x80, 0x70, 0x0E, 0x01, 0xC0, 0x3F, 0xE7, 0xFC, 0xE0, 0x1C,
    0x03, 0x80, 0x70, 0x0E, 0x01, 0xFF, 0xFF, 0xF8, 0x70, 0xE1, 0xCF, 0x1C, 0x78, 0xE3, 0x8E, 0x0E,
    0x73, 0x80, 0xEE, 0xE0, 0x1F, 0xF8, 0x01, 0xFF, 0x00, 0x1F, 0xC0, 0x07, 0xFC, 0x01, 0xDD, 0xC0,
    0x73, 0xBC, 0x1E, 0x73, 0xC3, 0x8E, 0x38, 0xE1, 0xC3, 0xBC, 0x38, 0x78, 0x7F, 0x8F, 0xF9, 0xCF,
    0x00, 0x70, 0x0C, 0x07, 0x87, 0xE0, 0xFE, 0x03, 0xE0, 0x1C, 0x03, 0x80, 0x77, 0x3F, 0xFF, 0x9F,
    0xE0, 0xE0, 0x3F, 0x03, 0xF8, 0x1F, 0xC1, 0xFE, 0x1F, 0xF1, 0xDF, 0x8E, 0xFC, 0xE7, 0xEE, 0x3F,
    0xF1, 0xFF, 0x0F, 0xF0, 0x7F, 0x83, 0xF8, 0x1F, 0x80, 0xE0, 0x1D, 0xC0, 0x7E, 0x03, 0xE0, 0x00,
    0x0E, 0x03, 0xF0, 0x3F, 0x81, 0xFC, 0x1F, 0xE1, 0xFF, 0x1D, 0xF8, 0xEF, 0xCE, 0x7E, 0xE3, 0xFF,
    0x1F, 0xF0, 0xFF, 0x07, 0xF8, 0x3F, 0x81, 0xF8, 0x0E, 0xE0, 0xF7, 0x07, 0x38, 0x71, 0xC7, 0x0E,
    0x70, 0x77, 0x03, 0xF0, 0x1F, 0x80, 0xFE, 0x07, 0x78, 0x39, 0xE1, 0xC7, 0x8E, 0x1E, 0x70, 0x7B,
    0x81, 0xC0, 0x0F, 0xF8, 0x3F, 0xE0, 0xE1, 0x83, 0x86, 0x0E, 0x18, 0x38, 0x60, 0xE1, 0x83, 0x86,
    0x0E, 0x18, 0x30, 0x61, 0xC1, 0x87, 0x06, 0x78, 0x1B, 0xE0, 0x6E, 0x01, 0x80, 0x70, 0x0E, 0x70,
    0x0E, 0x78, 0x1E, 0x78, 0x1F, 0x6C, 0x3F, 0x6C, 0x37, 0x66, 0x37, 0xE6, 0x67, 0xE7, 0x67, 0xE3,
    0xE7, 0xE3, 0xC7, 0xE3, 0xC7, 0xE1, 0xC7, 0xE0, 0x07, 0xE0, 0x03, 0xE0, 0x3E, 0x03, 0xE0, 0x3E,
    0x03, 0xE0, 0x3E, 0x03, 0xFF, 0xFF, 0xFF, 0xE0, 0x3E, 0x03, 0xE0, 0x3E, 0x03, 0xE0, 0x3E, 0x03,
    0xE0, 0x30, 0x0F, 0xE0, 0x7F, 0xE1, 0xF3, 0xE3, 0x81, 0xEE, 0x01, 0xDC, 0x03, 0xB8, 0x07, 0x70,
    0x06, 0xE0, 0x1D, 0xC0, 0x3B, 0x80, 0x73, 0x81, 0xE7, 0xCF, 0x87, 0xFE, 0x03, 0xF8, 0x00, 0xFF,
    0xFF, 0xFF, 0xE0, 0x7E, 0x07, 0xE0, 0x7E, 0x07, 0xE0, 0x7E, 0x07, 0xE0, 0x7E, 0x07, 0xE0, 0x7E,
    0x07, 0xE0, 0x7E, 0x07, 0xE0, 0x70, 0x7F, 0x8F, 0xFC, 0xE3, 0xEE, 0x0E, 0xE0, 0xEE, 0x0E, 0xE3,
    0xEF, 0xFC, 0xFF, 0x8E, 0x00, 0xE0, 0x0E, 0x00, 0xE0, 0x0E, 0x00, 0xE0, 0x00, 0x0F, 0xE3, 0xFF,
    0x7C, 0x67, 0x00, 0xE0, 0x0E, 0x00, 0xE0, 0x0E, 0x00, 0xE0, 0x0E, 0x00, 0xE0, 0x07, 0x00, 0x7C,
    0x63, 0xFF, 0x0F, 0xE0, 0xFF, 0xFF, 0xFF, 0x06, 0x00, 0x60, 0x06, 0x00, 0x60, 0x06, 0x00, 0x60,
    0x06, 0x00, 0x60, 0x06, 0x00, 0x60, 0x06, 0x00, 0x60, 0x06, 0x00, 0xE0, 0x73, 0x83, 0x9C, 0x1C,
    0xE0, 0xC3, 0x8E, 0x1C, 0x70, 0x73, 0x03, 0xF8, 0x0F, 0xC0, 0x3C, 0x01, 0xE0, 0x0E, 0x04, 0xF0,
    0x3F, 0x01, 0xF0, 0x00, 0x01, 0x80, 0x01, 0x80, 0x1F, 0xF8, 0x3F, 0xFC, 0x7D, 0xBE, 0xF1, 0x8F,
    0xE1, 0x87, 0xE1, 0x87, 0xE1, 0x87, 0xE1, 0x87, 0xF1, 0x8F, 0x7D, 0xBE, 0x3F, 0xFC, 0x1F, 0xF8,
    0x01, 0x80, 0x01, 0x80, 0x70, 0x7B, 0x83, 0x8E, 0x38, 0x3B, 0xC1, 0xDC, 0x07, 0xC0, 0x1E, 0x00,
    0xE0, 0x0F, 0x80, 0x7E, 0x07, 0x70, 0x71, 0xC3, 0x87, 0x38, 0x3B, 0x80, 0xE0, 0xE0, 0x73, 0x81,
    0xCE, 0x07, 0x38, 0x1C, 0xE0, 0x73, 0x81, 0xCE, 0x07, 0x38, 0x1C, 0xE0, 0x73, 0x81, 0xCE, 0x07,
    0x38, 0x1C, 0xE0, 0x73, 0xFF, 0xFF, 0xFF, 0xC0, 0x07, 0x00, 0x1C, 0x00, 0x70, 0x01, 0xC0, 0xE0,
    0xFC, 0x1F, 0x83, 0xF0, 0x7E, 0x0F, 0xC1, 0xF8, 0x3F, 0x8F, 0x7F, 0xE7, 0xFC, 0x03, 0x80, 0x70,
    0x0E, 0x01, 0xC0, 0x38, 0xE0, 0xE1, 0xF8, 0x38, 0x7E, 0x0E, 0x1F, 0x83, 0x87, 0xE0, 0xE1, 0xF8,
    0x38, 0x7E, 0x0E, 0x1F, 0x83, 0x87, 0xE0, 0xE1, 0xF8, 0x38, 0x7E, 0x0E, 0x1F, 0x83, 0x87, 0xE0,
    0xE1, 0xFF, 0xFF, 0xFF, 0xFF, 0xFC, 0xE0, 0xE1, 0xCE, 0x0E, 0x1C, 0xE0, 0xE1, 0xCE, 0x0E, 0x1C,
    0xE0, 0xE1, 0xCE, 0x0E, 0x1C, 0xE0, 0xE1, 0xCE, 0x0E, 0x1C, 0xE0, 0xE1, 0xCE, 0x0E, 0x1C, 0xE0,
    0xE1, 0xCE, 0x0E, 0x1C, 0xE0, 0xE1, 0xCF, 0xFF, 0xFF, 0xFF, 0xFF, 0xF0, 0x00, 0x07, 0x00, 0x00,
    0x70, 0x00, 0x07, 0x00, 0x00, 0x70, 0xFE, 0x01, 0xFC, 0x00, 0x38, 0x00, 0x70, 0x00, 0xE0, 0x01,
    0xFE, 0x03, 0xFF, 0x07, 0x3E, 0x0E, 0x1E, 0x1C, 0x1C, 0x38, 0x38, 0x70, 0xF0, 0xE3, 0xC1, 0xFF,
    0x83, 0xFC, 0x00, 0xE0, 0x07, 0xE0, 0x07, 0xE0, 0x07, 0xE0, 0x07, 0xE0, 0x07, 0xFF, 0x87, 0xFF,
    0xC7, 0xE3, 0xE7, 0xE0, 0xE7, 0xE0, 0xE7, 0xE0, 0xE7, 0xE0, 0xE7, 0xE3, 0xE7, 0xFF, 0xC7, 0x7F,
    0x87, 0xE0, 0x0E, 0x00, 0xE0, 0x0E, 0x00, 0xE0, 0x0F, 0xF8, 0xFF, 0xCE, 0x3E, 0xE0, 0xEE, 0x06,
    0xE0, 0x6E, 0x0E, 0xE3, 0xEF, 0xFC, 0x7F, 0x80, 0x7F, 0x0F, 0xFC, 0x63, 0xE0, 0x0E, 0x00, 0x70,
    0x07, 0x1F, 0xF1, 0xFF, 0x00, 0x70, 0x07, 0x00, 0x70, 0x0E, 0x63, 0xEF, 0xFC, 0x7F, 0x00, 0xE0,
    0x7F, 0x0E, 0x0F, 0xF8, 0xE1, 0xF3, 0xCE, 0x3C, 0x0E, 0xE3, 0x80, 0xEE, 0x38, 0x07, 0xFF, 0x80,
    0x7F, 0xF8, 0x07, 0xE3, 0x80, 0x7E, 0x38, 0x07, 0xE3, 0x80, 0xEE, 0x1C, 0x0E, 0xE1, 0xF3, 0xCE,
    0x0F, 0xFC, 0xE0, 0x7F, 0x00, 0x1F, 0xF3, 0xFF, 0x7C, 0x77, 0x07, 0x70, 0x77, 0x07, 0x7C, 0x73,
    0xFF, 0x1F, 0xF1, 0xC7, 0x1C, 0x73, 0x87, 0x38, 0x77, 0x07, 0x70, 0x70, 0x3F, 0x0F, 0xE3, 0x3C,
    0x07, 0x3F, 0xDF, 0xF7, 0x9D, 0x87, 0x71, 0xDF, 0xF3, 0xFC, 0x07, 0xC3, 0xF8, 0xFE, 0x38, 0x06,
    0x01, 0xFF, 0x3F, 0xF7, 0x9E, 0xE0, 0xFC, 0x1F, 0x83, 0xF0, 0x7E, 0x1C, 0xF7, 0x9F, 0xE1, 0xF8,
    0xFF, 0x3F, 0xEE, 0x3B, 0x8E, 0xFF, 0xBF, 0xEE, 0x3F, 0x87, 0xE3, 0xFF, 0xEF, 0xF0, 0xFF, 0xFF,
    0xE0, 0xE0, 0xE0, 0xE0, 0xE0, 0xE0, 0xE0, 0xE0, 0xE0, 0x1F, 0xE0, 0xFF, 0x07, 0x38, 0x39, 0xC1,
    0xCE, 0x0C, 0x70, 0xE3, 0x87, 0x1C, 0x70, 0xE7, 0xFF, 0xFF, 0xFF, 0xC0, 0x7E, 0x03, 0xF0, 0x1C,
    0x3F, 0x1F, 0xEF, 0x3F, 0x87, 0xFF, 0xFF, 0xFE, 0x03, 0x80, 0xF9, 0x9F, 0xE3, 0xF8, 0x71, 0x8E,
    0x39, 0x9C, 0x39, 0x9C, 0x1D, 0xB8, 0x0F, 0xF0, 0x07, 0xE0, 0x0F, 0xF0, 0x1D, 0xB8, 0x39, 0x9C,
    0x71, 0x8E, 0xE1, 0x87, 0x7F, 0x1F, 0xE6, 0x38, 0x0E, 0x3F, 0x0F, 0xE0, 0x38, 0x07, 0x63, 0xDF,
    0xE7, 0xF0, 0xE1, 0xF8, 0xFE, 0x3F, 0x9F, 0xEE, 0xFB, 0x3F, 0xCF, 0xE3, 0xF0, 0xFC, 0x3E, 0x0C,
    0x3B, 0x8F, 0xC1, 0xF0, 0x00, 0x00, 0x38, 0x7E, 0x3F, 0x8F, 0xE7, 0xFB, 0xBE, 0xCF, 0xF3, 0xF8,
    0xFC, 0x3F, 0x0F, 0x83, 0xE3, 0xF9, 0xEE, 0x73, 0xB8, 0xFC, 0x3E, 0x0F, 0xE3, 0xBC, 0xE7, 0xB8,
    0xEE, 0x1C, 0x1F, 0xE3, 0xFC, 0x71, 0x8E, 0x31, 0xC6, 0x38, 0xC6, 0x19, 0xC3, 0x78, 0x7E, 0x0F,
    0x81, 0x80, 0x70, 0x3B, 0x83, 0xDE, 0x1E, 0xF1, 0xFF, 0xCF, 0xF6, 0xFF, 0xB6, 0xFC, 0xF3, 0xE7,
    0x1F, 0x38, 0xF8, 0x06, 0xE1, 0xF8, 0x7E, 0x1F, 0x87, 0xFF, 0xFF, 0xFE, 0x1F, 0x87, 0xE1, 0xF8,
    0x7E, 0x1C, 0x3F, 0x0F, 0xF3, 0xEF, 0x70, 0xEE, 0x0F, 0xC1, 0xF8, 0x3F, 0x0E, 0xF3, 0xCF, 0xF0,
    0xFC, 0x00, 0xFF, 0xFF, 0xFE, 0x1F, 0x87, 0xE1, 0xF8, 0x7E, 0x1F, 0x87, 0xE1, 0xF8, 0x7E, 0x1C,
    0xFF, 0x1F, 0xF3, 0x8F, 0x70, 0xEE, 0x0F, 0xC1, 0xF8, 0x3F, 0x0E, 0xF3, 0xDF, 0xF3, 0xFC, 0x70,
    0x0E, 0x01, 0xC0, 0x38, 0x00, 0x3F, 0x3F, 0xBE, 0x5C, 0x0E, 0x07, 0x03, 0x81, 0xC0, 0xF9, 0x3F,
    0xCF, 0xE0, 0xFF, 0xFF, 0xF0, 0xC0, 0x30, 0x0C, 0x03, 0x00, 0xC0, 0x30, 0x0C, 0x03, 0x00, 0xC0,
    0xE0, 0xDC, 0x39, 0xC7, 0x38, 0xC7, 0x18, 0x77, 0x0E, 0xE0, 0xD8, 0x1F, 0x01, 0xC0, 0x38, 0x07,
    0x01, 0xC1, 0xF8, 0x3E, 0x00, 0x03, 0x00, 0x06, 0x00, 0x0C, 0x00, 0x18, 0x00, 0x30, 0x03, 0xFC,
    0x1F, 0xFE, 0x3D, 0xBE, 0xE3, 0x1D, 0xC6, 0x1B, 0x0C, 0x37, 0x18, 0x6E, 0x31, 0xCF, 0x6F, 0x9F,
    0xFE, 0x0F, 0xF0, 0x03, 0x00, 0x06, 0x00, 0x0C, 0x00, 0x18, 0x00, 0xE1, 0xCE, 0x70, 0xEE, 0x0F,
    0x81, 0xE0, 0x1C, 0x07, 0xC1, 0xF8, 0x73, 0x8E, 0x3B, 0x83, 0x00, 0xE1, 0xDC, 0x3B, 0x87, 0x70,
    0xEE, 0x1D, 0xC3, 0xB8, 0x77, 0x0E, 0xE1, 0xDF, 0xFF, 0xFF, 0x80, 0x30, 0x06, 0x00, 0xC0, 0x61,
    0xD8, 0x76, 0x1D, 0x87, 0x71, 0xDF, 0xF3, 0xFC, 0x07, 0x01, 0xC0, 0x70, 0x1C, 0xE3, 0x8F, 0xC7,
    0x1F, 0x8E, 0x3F, 0x1C, 0x7E, 0x38, 0xFC, 0x71, 0xF8, 0xE3, 0xF1, 0xC7, 0xE3, 0x8F, 0xFF, 0xFF,
    0xFF, 0xF8, 0xE3, 0x8E, 0x71, 0xC7, 0x38, 0xE3, 0x9C, 0x71, 0xCE, 0x38, 0xE7, 0x1C, 0x73, 0x8E,
    0x39, 0xC7, 0x1C, 0xE3, 0x8E, 0x7F, 0xFF, 0xBF, 0xFF, 0xC0, 0x00, 0x60, 0x00, 0x30, 0x00, 0x18,
    0xF8, 0x0F, 0x80, 0x18, 0x01, 0xFE, 0x1F, 0xF1, 0xCF, 0x18, 0x71, 0x87, 0x1C, 0xF1, 0xFF, 0x1F,
    0xE0, 0xE0, 0x1F, 0x80, 0x7E, 0x01, 0xF8, 0x07, 0xFF, 0x1F, 0xFE, 0x7E, 0x39, 0xF8, 0x77, 0xE3,
    0x9F, 0xFE, 0x7F, 0xF1, 0xC0, 0xE0, 0x38, 0x0E, 0x03, 0xFC, 0xFF, 0xB8, 0xFE, 0x1F, 0x87, 0xE3,
    0xFF, 0xEF, 0xF0, 0x7E, 0x1F, 0xC6, 0x78, 0x06, 0x1F, 0xC7, 0xF0, 0x1C, 0x0E, 0x47, 0xBF, 0xCF,
    0xE0, 0xE1, 0xF9, 0xC7, 0xFB, 0x9E, 0x7F, 0x38, 0x7F, 0xE0, 0xFF, 0xC0, 0xF9, 0x83, 0xF3, 0x87,
    0xE7, 0x9F, 0xC7, 0xFB, 0x87, 0xE0, 0x1F, 0xCF, 0xF7, 0x9D, 0xC3, 0x78, 0xDF, 0xF3, 0xFC, 0xE3,
    0x30, 0xDC, 0x36, 0x0C, 0x18, 0x0F, 0x01, 0xC0, 0x30, 0x00, 0x0F, 0xC7, 0xFB, 0xCF, 0xE1, 0xFF,
    0xFF, 0xFF, 0x80, 0xE0, 0x3E, 0x67, 0xF8, 0xFE, 0x33, 0x0C, 0xC0, 0x00, 0x00, 0x3F, 0x1F, 0xEF,
    0x3F, 0x87, 0xFF, 0xFF, 0xFE, 0x03, 0x80, 0xF9, 0x9F, 0xE3, 0xF8, 0x70, 0x1F, 0xE3, 0xFC, 0x38,
    0x07, 0x00, 0xFF, 0x1F, 0xF3, 0xCE, 0x70, 0xEE, 0x1D, 0xC3, 0xB8, 0x77, 0x0E, 0xE1, 0xDC, 0x3B,
    0x87, 0x00, 0xE0, 0x1C, 0x0F, 0x01, 0xE0, 0x06, 0x0E, 0x1C, 0x18, 0x00, 0xFF, 0xFF, 0xE0, 0xE0,
    0xE0, 0xE0, 0xE0, 0xE0, 0xE0, 0xE0, 0xE0, 0x3F, 0xBF, 0xFC, 0x5C, 0x0F, 0xE7, 0xF3, 0x81, 0xC0,
    0xF9, 0xBF, 0xCF, 0xE0, 0x3F, 0x3F, 0x9C, 0xCE, 0x07, 0xC1, 0xF8, 0x3E, 0x07, 0x47, 0xBF, 0xDF,
    0xC0, 0xFC, 0x01, 0xFF, 0xFF, 0xFF, 0xFF, 0xEF, 0xDC, 0x00, 0x03, 0x87, 0x0E, 0x1C, 0x38, 0x70,
    0xE1, 0xC3, 0x87, 0x0E, 0x00, 0x1C, 0x70, 0x00, 0x00, 0x71, 0xC7, 0x1C, 0x71, 0xC7, 0x1C, 0x71,
    0xC7, 0x1C, 0xFF, 0xBE, 0x1F, 0xE0, 0x07, 0xF8, 0x01, 0xC6, 0x00, 0x71, 0x80, 0x1C, 0x7F, 0x07,
    0x1F, 0xE1, 0x86, 0x3C, 0xE1, 0x87, 0xF8, 0x63, 0xFC, 0x1F, 0xEE, 0x07, 0xF0, 0xE1, 0xC0, 0x70,
    0xE0, 0x38, 0x70, 0x1C, 0x38, 0x0F, 0xFF, 0xE7, 0xFF, 0xFB, 0x87, 0x1D, 0xC3, 0x87, 0xE1, 0xC7,
    0x70, 0xFF, 0xB8, 0x7F, 0x80, 0x70, 0x1F, 0xE3, 0xFC, 0x38, 0x07, 0x00, 0xFF, 0x1F, 0xF3, 0xCF,
    0x70, 0xEE, 0x1D, 0xC3, 0xB8, 0x77, 0x0E, 0xE1, 0xDC, 0x3B, 0x87, 0x06, 0x03, 0xC0, 0xE0, 0x30,
    0x00, 0x38, 0xFE, 0x7B, 0x9C, 0xEE, 0x3F, 0x0F, 0x83, 0xF8, 0xEF, 0x39, 0xEE, 0x3B, 0x87, 0x18,
    0x07, 0x00, 0xE0, 0x18, 0x00, 0x38, 0x7E, 0x3F, 0x8F, 0xE7, 0xFB, 0xBE, 0xCF, 0xF3, 0xF8, 0xFC,
    0x3F, 0x0F, 0x83, 0x3B, 0x87, 0xF0, 0x7C, 0x00, 0x00, 0x01, 0xC1, 0xB8, 0x73, 0x8E, 0x71, 0x8E,
    0x30, 0xEE, 0x1D, 0xC1, 0xB0, 0x3E, 0x03, 0x80, 0x70, 0x0E, 0x03, 0x83, 0xF0, 0x7C, 0x00, 0xE1,
    0xF8, 0x7E, 0x1F, 0x87, 0xE1, 0xF8, 0x7E, 0x1F, 0x87, 0xE1, 0xFF, 0xFF, 0xFC, 0x30, 0x0C, 0x03,
    0x00, 0x0E, 0x00, 0x1C, 0x03, 0xFF, 0x87, 0xFF, 0x00, 0xE0, 0x01, 0xC0, 0x03, 0xFC, 0x07, 0xFE,
    0x0E, 0x7C, 0x1C, 0x1C, 0x38, 0x38, 0x70, 0x70, 0xE1, 0xE1, 0xC7, 0x83, 0xFF, 0x07, 0xF8, 0x18,
    0x01, 0x80, 0x18, 0x01, 0x80, 0x18, 0x0F, 0xF8, 0xFF, 0x81, 0x80, 0x1F, 0xE1, 0xFF, 0x1C, 0xF1,
    0x87, 0x18, 0x71, 0xCF, 0x1F, 0xF1, 0xFE, 0x0F, 0xE0, 0x7F, 0xE1, 0xF3, 0xE3, 0x81, 0xEE, 0x01,
    0xDF, 0xC3, 0xBF, 0xE7, 0x79, 0xFE, 0xE1, 0xFD, 0xC0, 0x3B, 0x80, 0x73, 0x81, 0xE7, 0xCF, 0x87,
    0xFE, 0x03, 0xF8, 0x00, 0x3F, 0x0F, 0xF3, 0xCF, 0x7C, 0xEF, 0xFF, 0xDF, 0xF9, 0xFF, 0x06, 0xFB,
    0xCF, 0xF0, 0xFC, 0x00, 0xE0, 0x0F, 0x70, 0x0F, 0x9C, 0x0F, 0xCE, 0x07, 0x07, 0x03, 0x01, 0xC3,
    0x80, 0xE1, 0xC0, 0x71, 0xC0, 0x1C, 0xE0, 0x0E, 0x60, 0x03, 0xF0, 0x01, 0xF8, 0x00, 0xF8, 0x00,
    0x3C, 0x00, 0x1C, 0x00, 0xE0, 0xFE, 0x0F, 0x71, 0xC7, 0x18, 0x73, 0x83, 0xB8, 0x3B, 0x01, 0xF0,
    0x1F, 0x01, 0xE0, 0x0E, 0x00, 0x1D, 0xC0, 0x1F, 0x80, 0x3E, 0x00, 0x00, 0x0E, 0x03, 0x9C, 0x0F,
    0x38, 0x1E, 0x70, 0x7C, 0xE1, 0xF9, 0xC7, 0x73, 0x8E, 0xE7, 0x39, 0xCE, 0xE3, 0x9F, 0xC7, 0x3F,
    0x0E, 0x7C, 0x1C, 0xF8, 0x39, 0xE0, 0x7F, 0x80, 0xF8, 0x00, 0x60, 0x01, 0xC0, 0x03, 0x00, 0x0E,
    0x00, 0x3B, 0x83, 0xF0, 0x1F, 0x00, 0x00, 0x00, 0x0E, 0x1C, 0xE3, 0xCE, 0x3C, 0xE7, 0xCE, 0xEC,
    0xEC, 0xCF, 0xCC, 0xF8, 0xCF, 0x0C, 0xF0, 0xCE, 0x0F, 0x00, 0x70, 0x07, 0x00, 0xE0, 0x0C, 0x30,
    0x01, 0x80, 0x3F, 0x81, 0xFC, 0x03, 0x00, 0x18, 0x00, 0xFF, 0x07, 0xFE, 0x39, 0xF1, 0x83, 0xCC,
    0x0E, 0x60, 0x73, 0x07, 0x9C, 0xF8, 0xFF, 0xC7, 0xF8, 0xFE, 0x1F, 0xC1, 0xC0, 0x38, 0x07, 0xF8,
    0xFF, 0x9C, 0x7B, 0x87, 0x71, 0xEF, 0xF8, 0xFE, 0x00, 0x7F, 0x8F, 0xFC, 0xE3, 0xEE, 0x0E, 0xE0,
    0xEE, 0x6E, 0xE7, 0xEF, 0xFC, 0xFF, 0x8E, 0x18, 0xE1, 0xCE, 0x0C, 0xE0, 0x0E, 0x00, 0xE0, 0x00,
    0xFF, 0x1F, 0xF3, 0x8F, 0x70, 0xEE, 0x0F, 0xC1, 0xF9, 0xBF, 0x3E, 0xF7, 0xDF, 0xF3, 0xFE, 0x70,
    0xCE, 0x19, 0xC0, 0x38, 0x00, 0x01, 0xC0, 0x70, 0x1F, 0xFF, 0xFF, 0xF8, 0x0E, 0x03, 0x80, 0xE0,
    0x38, 0x0E, 0x03, 0x80, 0xE0, 0x38, 0x0E, 0x03, 0x80, 0xE0, 0x38, 0x00, 0x03, 0x03, 0x03, 0xFF,
    0xFF, 0xE0, 0xE0, 0xE0, 0xE0, 0xE0, 0xE0, 0xE0, 0xE0, 0xE0, 0x3F, 0xE7, 0xFC, 0xC0, 0x18, 0x03,
    0x00, 0x60, 0x3F, 0xC7, 0xF8, 0x30, 0x06, 0x00, 0xC0, 0x18, 0x03, 0x00, 0x60, 0x0C, 0x00, 0x7F,
    0xBF, 0xDC, 0x0E, 0x07, 0x07, 0xF3, 0xF8, 0xE0, 0x70, 0x38, 0x1C, 0x00, 0xFF, 0xCF, 0xFC, 0xE0,
    0x0E, 0x00, 0xE0, 0x0E, 0x00, 0xFF, 0x8F, 0xFC, 0xF3, 0xEE, 0x0E, 0xE0, 0x6E, 0x07, 0xE0, 0x7E,
    0x07, 0xE0, 0xE0, 0x0E, 0x03, 0xE0, 0xFC, 0x0F, 0x80, 0xFF, 0x3F, 0xCE, 0x03, 0x80, 0xFF, 0x3F,
    0xEE, 0x3F, 0x87, 0xE1, 0xF8, 0x7E, 0x1C, 0x07, 0x03, 0x83, 0xE0, 0xF0, 0x70, 0xE1, 0xC7, 0x8E,
    0x3C, 0x38, 0xE7, 0x81, 0xCE, 0x70, 0x0E, 0xEE, 0x00, 0x7F, 0xC0, 0x07, 0xFC, 0x00, 0x3F, 0x80,
    0x07, 0xFC, 0x00, 0xEE, 0xE0, 0x1C, 0xEF, 0x03, 0xCE, 0x78, 0x38, 0xE3, 0xC7, 0x0E, 0x1F, 0xF0,
    0xE1, 0xF0, 0x00, 0x07, 0x00, 0x00, 0x70, 0x00, 0x07, 0x00, 0x00, 0x70, 0x71, 0x8E, 0x1C, 0xCE,
    0x0E, 0x67, 0x03, 0xB7, 0x00, 0xFF, 0x00, 0x3F, 0x80, 0x3F, 0xE0, 0x3B, 0xF8, 0x39, 0x9E, 0x38,
    0xC7, 0xF8, 0x61, 0xE0, 0x00, 0x70, 0x00, 0x38, 0x00, 0x1C, 0x7F, 0x8F, 0xF9, 0xCF, 0x00, 0x70,
    0x0C, 0x07, 0x87, 0xE0, 0xFE, 0x03, 0xE0, 0x1C, 0x03, 0x80, 0x77, 0x3F, 0xFF, 0x9F, 0xE0, 0x70,
    0x07, 0x03, 0xC0, 0x7F, 0x1F, 0xE6, 0x38, 0x0E, 0x3F, 0x0F, 0xE0, 0x38, 0x07, 0x63, 0x9F, 0xE7,
    0xF0, 0x30, 0x0E, 0x0F, 0x80, 0xE0, 0xF7, 0x0F, 0x38, 0x71, 0xC7, 0x0E, 0x70, 0x77, 0x03, 0xF0,
    0x1F, 0x80, 0xFE, 0x07, 0x78, 0x39, 0xE1, 0xC7, 0x8E, 0x1E, 0x70, 0x7F, 0x81, 0xE0, 0x07, 0x00,
    0x38, 0x01, 0xC0, 0x0E, 0xE3, 0xDC, 0xF3, 0x9C, 0x77, 0x0F, 0xC1, 0xF0, 0x3F, 0x87, 0x78, 0xE7,
    0x9C, 0x7F, 0x87, 0x80, 0x70, 0x0E, 0x01, 0xC0, 0x00, 0xE0, 0x3B, 0x81, 0xCE, 0x0F, 0x38, 0x38,
    0xED, 0xC3, 0xBE, 0x0E, 0xF8, 0x3F, 0xC0, 0xFF, 0x83, 0xBF, 0x0E, 0xDE, 0x3B, 0x38, 0xE0, 0x73,
    0x80, 0xEE, 0x03, 0x80, 0xE0, 0xEE, 0x1C, 0xE1, 0xCE, 0xF8, 0xEF, 0x0F, 0xE0, 0xEF, 0x0E, 0xF8,
    0xE1, 0xCE, 0x0E, 0xE0, 0x70, 0x30, 0x38, 0xC1, 0xCF, 0xEE, 0x3F, 0xF0, 0x33, 0x80, 0xDC, 0x03,
    0xF0, 0x0F, 0x80, 0x3F, 0x00, 0xCE, 0x03, 0x1C, 0x0C, 0x38, 0x30, 0x70, 0xC1, 0xE3, 0x03, 0x80,
    0x70, 0xEF, 0xDC, 0x73, 0x87, 0x70, 0x7E, 0x07, 0xE0, 0x77, 0x07, 0x38, 0x73, 0xC7, 0x1E, 0x70,
    0xE0, 0xFE, 0x0E, 0xFE, 0x1C, 0x0E, 0x38, 0x0E, 0x70, 0x0E, 0xE0, 0x0F, 0xC0, 0x0F, 0xC0, 0x0F,
    0x80, 0x0F, 0xC0, 0x0E, 0xE0, 0x0E, 0x70, 0x0E, 0x38, 0x0E, 0x1C, 0x0E, 0x1E, 0x0E, 0x0E, 0xF8,
    0x77, 0xC7, 0x06, 0x70, 0x37, 0x01, 0xF0, 0x0F, 0x80, 0x7E, 0x03, 0x38, 0x18, 0xE0, 0xC3, 0x86,
    0x1E, 0xE0, 0x33, 0x80, 0xCE, 0x03, 0x38, 0x0C, 0xE0, 0x33, 0x80, 0xCF, 0xFF, 0x3F, 0xFC, 0xE0,
    0x33, 0x80, 0xCE, 0x03, 0x38, 0x0C, 0xE0, 0x33, 0x80, 0xFE, 0x03, 0xC0, 0x03, 0x00, 0x0C, 0x00,
    0x30, 0x00, 0xC0, 0xE1, 0xCE, 0x1C, 0xE1, 0xCE, 0x1C, 0xFF, 0xCF, 0xFC, 0xE1, 0xCE, 0x1C, 0xE1,
    0xCE, 0x1E, 0xE1, 0xE0, 0x06, 0x00, 0x60, 0x06, 0xE0, 0x3F, 0xE0, 0x3F, 0xE0, 0x30, 0xE0, 0x30,
    0xE0, 0x30, 0xE0, 0x30, 0xFF, 0xF0, 0xFF, 0xF0, 0xE0, 0x30, 0xE0, 0x30, 0xE0, 0x30, 0xE0, 0x30,
    0xE0, 0x30, 0xE0, 0x30, 0xE0, 0x30, 0xE1, 0xFF, 0x0F, 0xF8, 0x71, 0xC3, 0x8F, 0xFC, 0x7F, 0xE3,
    0x87, 0x1C, 0x38, 0xE1, 0xC7, 0x0E, 0x38, 0x70, 0xFF, 0xF0, 0x0F, 0xFF, 0x00, 0xE0, 0x70, 0x0E,
    0x07, 0x00, 0xE0, 0x70, 0x0E, 0x07, 0x00, 0xE0, 0x7F, 0x8E, 0x07, 0xFE, 0xE0, 0x79, 0xEE, 0x07,
    0x07, 0xE0, 0x70, 0x7E, 0x07, 0x07, 0xE0, 0x70, 0x7E, 0x07, 0x07, 0xE0, 0x70, 0x70, 0x00, 0x0F,
    0x00, 0x01, 0xE0, 0x00, 0x7E, 0x00, 0x07, 0x80, 0xFF, 0xC0, 0x7F, 0xE0, 0x38, 0x70, 0x1C, 0x38,
    0x0E, 0x1F, 0xE7, 0x0F, 0xFB, 0x87, 0x3D, 0xC3, 0x87, 0xE1, 0xC3, 0xF0, 0xE1, 0xF8, 0x70, 0xE0,
    0x00, 0x70, 0x00, 0xF0, 0x00, 0xF8, 0x00, 0x78, 0x0F, 0xE0, 0x7F, 0xC1, 0xF1, 0x83, 0x80, 0x0E,
    0x1F, 0x9C, 0x7F, 0xB8, 0xF7, 0x71, 0x86, 0xE7, 0x0F, 0xCE, 0x1F, 0x9C, 0x33, 0x98, 0xE7, 0xFF,
    0xC7, 0xFF, 0x03, 0xF8, 0x00, 0xE0, 0x00, 0xF8, 0x00, 0xF8, 0x00, 0xF0, 0x3E, 0x0F, 0xC3, 0xE0,
    0x73, 0xEC, 0xFF, 0x9D, 0xF3, 0x1F, 0x67, 0xFF, 0xEF, 0xF8, 0xFE, 0x03, 0xC0, 0x3E, 0x03, 0xC0,
    0x0F, 0xE3, 0xFF, 0x7C, 0x67, 0x00, 0xE0, 0x0E, 0x00, 0xE0, 0x0E, 0x00, 0xE0, 0x0E, 0x00, 0xE0,
    0x07, 0x00, 0x7C, 0x63, 0xFF, 0x1F, 0xE0, 0x70, 0x03, 0x80, 0xF0, 0x3F, 0x3F, 0xBE, 0x5C, 0x0E,
    0x07, 0x03, 0x81, 0xC0, 0xF9, 0x3F, 0xCF, 0xE1, 0x80, 0xE0, 0x70, 0xF8, 0xFF, 0xFF, 0xFF, 0x06,
    0x00, 0x60, 0x06, 0x00, 0x60, 0x06, 0x00, 0x60, 0x06, 0x00, 0x60, 0x06, 0x00, 0x60, 0x06, 0x00,
    0x78, 0x07, 0x80, 0x18, 0x01, 0x80, 0x18, 0x01, 0x80, 0xFF, 0xFF, 0xF0, 0xC0, 0x30, 0x0C, 0x03,
    0x00, 0xC0, 0x30, 0x0C, 0x03, 0xC0, 0xF0, 0x1C, 0x07, 0x01, 0xC0, 0xE0, 0x3B, 0x83, 0x9C, 0x38,
    0x71, 0xC3, 0x9C, 0x0E, 0xE0, 0x7E, 0x01, 0xF0, 0x07, 0x00, 0x38, 0x01, 0xC0, 0x0E, 0x00, 0x70,
    0x03, 0x80, 0x1C, 0x00, 0xE0, 0xDC, 0x39, 0xC7, 0x38, 0xE7, 0x38, 0x77, 0x0E, 0xC1, 0xF8, 0x1F,
    0x03, 0xC0, 0x38, 0x07, 0x00, 0xE0, 0x1C, 0x03, 0x80, 0xE0, 0x3B, 0x83, 0x9C, 0x18, 0x71, 0xC3,
    0x9C, 0x0E, 0xE0, 0x7E, 0x01, 0xF0, 0x0F, 0x01, 0xFF, 0x0F, 0xF8, 0x0E, 0x00, 0x70, 0x03, 0x80,
    0x1C, 0x00, 0xE0, 0xDC, 0x39, 0xC7, 0x38, 0xC7, 0x38, 0x77, 0x0E, 0xC0, 0xF8, 0x1E, 0x0F, 0xF1,
    0xFE, 0x07, 0x00, 0xE0, 0x1C, 0x03, 0x80, 0x70, 0x79, 0xC1, 0xC3, 0x8E, 0x07, 0x78, 0x1F, 0xC0,
    0x3E, 0x00, 0x78, 0x01, 0xE0, 0x0F, 0x80, 0x3F, 0x01, 0xDE, 0x0E, 0x38, 0x38, 0x71, 0xC1, 0xFE,
    0x03, 0xC0, 0x07, 0x00, 0x1C, 0x00, 0x70, 0x01, 0xC0, 0xF1, 0xCE, 0x70, 0xEE, 0x0F, 0x81, 0xE0,
    0x1C, 0x07, 0xC1, 0xFC, 0x73, 0x8E, 0x3F, 0x83, 0x80, 0x30, 0x06, 0x00, 0xC0, 0xFF, 0xE7, 0x3F,
    0xF9, 0xC0, 0xE0, 0x70, 0x38, 0x1C, 0x0E, 0x07, 0x03, 0x81, 0xC0, 0xE0, 0x70, 0x38, 0x1C, 0x0E,
    0x07, 0x03, 0x81, 0xC0, 0xE0, 0x70, 0x38, 0x1C, 0x0E, 0x07, 0x03, 0xFF, 0xF0, 0xFF, 0xFC, 0x00,
    0x07, 0x00, 0x01, 0xC0, 0x00, 0x70, 0x00, 0x1C, 0xFF, 0x33, 0xFC, 0xC1, 0xC3, 0x07, 0x0C, 0x1C,
    0x30, 0x70, 0xC1, 0xC3, 0x07, 0x0C, 0x1C, 0x30, 0x7F, 0xF1, 0xFF, 0xC0, 0x07, 0x00, 0x1C, 0x00,
    0x70, 0xE0, 0xE7, 0x07, 0x38, 0x39, 0xC1, 0xCE, 0x0E, 0x70, 0x73, 0x83, 0x9E, 0x3C, 0x7F, 0xE1,
    0xFF, 0x00, 0x38, 0x01, 0xC0, 0x0E, 0x00, 0x7C, 0x03, 0xE0, 0x07, 0x00, 0x38, 0x01, 0xC0, 0x0E,
    0x61, 0xCC, 0x39, 0x87, 0x30, 0xE7, 0x1C, 0xFF, 0x8F, 0xF0, 0x0E, 0x01, 0xC0, 0x3C, 0x07, 0x80,
    0x30, 0x06, 0x00, 0xC0, 0xE0, 0xFC, 0x1F, 0x83, 0xF0, 0x7E, 0x0F, 0xDD, 0xFB, 0xBF, 0xFF, 0x7F,
    0xE7, 0xFC, 0x3B, 0x87, 0x70, 0xEE, 0x01, 0xC0, 0x38, 0xE1, 0xF8, 0x7E, 0x1F, 0xB7, 0x7D, 0xDF,
    0xF3, 0xFC, 0x37, 0x0D, 0xC0, 0x70, 0x1C, 0xE0, 0x0E, 0x00, 0xE0, 0x0E, 0x00, 0xE0, 0x0F, 0xFC,
    0xFF, 0xEF, 0x1E, 0xE0, 0xEE, 0x07, 0xE0, 0x7E, 0x07, 0xE0, 0x7E, 0x07, 0xE0, 0x70, 0xE0, 0x38,
    0x0E, 0x03, 0x80, 0xE0, 0x3F, 0xCF, 0xFB, 0xCF, 0xE1, 0xF8, 0x7E, 0x1F, 0x87, 0xE1, 0xF8, 0x7E,
    0x1F, 0x87, 0x01, 0xFC, 0x01, 0xFF, 0x01, 0xE7, 0xC1, 0xE0, 0xEC, 0xE0, 0x37, 0x70, 0x1F, 0xFF,
    0xFE, 0xFF, 0xFF, 0x0E, 0x00, 0x07, 0x00, 0x03, 0x80, 0x01, 0xE0, 0x00, 0x7C, 0x60, 0x1F, 0xF8,
    0x07, 0xF8, 0x07, 0xE0, 0x7F, 0xB3, 0xDF, 0xF8, 0x7F, 0xFF, 0xBF, 0xFC, 0x70, 0x03, 0x80, 0x0F,
    0x10, 0x7F, 0x81, 0xFC, 0x01, 0xFC, 0x01, 0xFF, 0x01, 0xE7, 0xC1, 0xE0, 0xEC, 0xE0, 0x37, 0x70,
    0x1F, 0xFF, 0xFE, 0xFF, 0xFF, 0x0E, 0x00, 0x07, 0x00, 0x03, 0x80, 0x01, 0xE0, 0x00, 0x7C, 0x60,
    0x1F, 0xF8, 0x07, 0xF8, 0x00, 0xE0, 0x00, 0x70, 0x00, 0x38, 0x00, 0x1C, 0x00, 0x07, 0xE0, 0x7F,
    0xB3, 0xDF, 0xF8, 0x7F, 0xFF, 0xBF, 0xFC, 0x70, 0x03, 0x80, 0x0F, 0x10, 0x7F, 0x80, 0xFC, 0x03,
    0x80, 0x1C, 0x00, 0xE0, 0xFF, 0xFF, 0xFF, 0xFF, 0xFF, 0xF8, 0x03, 0xB8, 0x00, 0x7F, 0x00, 0x07,
    0xC0, 0x00, 0x00, 0x07, 0x0E, 0x1C, 0xF1, 0xC7, 0x8E, 0x38, 0xE0, 0xE7, 0x38, 0x0E, 0xEE, 0x01,
    0xFF, 0x80, 0x1F, 0xF0, 0x01, 0xFC, 0x00, 0x7F, 0xC0, 0x1D, 0xDC, 0x07, 0x3B, 0xC1, 0xE7, 0x3C,
    0x38, 0xE3, 0x8E, 0x1C, 0x3B, 0xC3, 0x87, 0x80, 0x06, 0x60, 0x07, 0xE0, 0x03, 0xC0, 0x00, 0x00,
    0x00, 0x00, 0x71, 0x8E, 0x39, 0x9C, 0x39, 0x9C, 0x1D, 0xB8, 0x0F, 0xF0, 0x07, 0xE0, 0x0F, 0xF0,
    0x1D, 0xB8, 0x39, 0x9C, 0x71, 0x8E, 0xE1, 0x87, 0xE0, 0xEE, 0x1E, 0xE1, 0xCE, 0x38, 0xE7, 0x0E,
    0xE0, 0xFC, 0x0F, 0xF8, 0xFF, 0xCE, 0x3E, 0xE0, 0xEE, 0x07, 0xE0, 0x7E, 0x07, 0xE0, 0x70, 0x0E,
    0x01, 0xE0, 0xFC, 0x0F, 0x80, 0xE3, 0xF8, 0xEE, 0x73, 0xB8, 0xFC, 0x3F, 0xCF, 0xFB, 0x9F, 0xE1,
    0xF8, 0x7E, 0x1C, 0x07, 0x03, 0xC3, 0xE0, 0xF0, 0x0F, 0xF8, 0x1F, 0xF0, 0x38, 0x60, 0x70, 0xC0,
    0xE1, 0x81, 0xC3, 0x03, 0x86, 0x07, 0x0C, 0x0E, 0x18, 0x18, 0x30, 0x70, 0x60, 0xE0, 0xC7, 0x81,
    0x9F, 0x03, 0xF8, 0x07, 0x80, 0x07, 0x00, 0x0E, 0x00, 0x38, 0x00, 0x60, 0x1F, 0xE0, 0xFF, 0x07,
    0x18, 0x38, 0xC1, 0xC6, 0x0E, 0x30, 0x61, 0x87, 0x0C, 0x78, 0x67, 0x83, 0x38, 0x1E, 0x00, 0x70,
    0x03, 0x80, 0x38, 0x01, 0x80, 0xE0, 0x3E, 0x03, 0xE0, 0x3E, 0x03, 0xE0, 0x3E, 0x03, 0xFF, 0xFF,
    0xFF, 0xE0, 0x3E, 0x03, 0xE0, 0x3E, 0x03, 0xE0, 0x3E, 0x03, 0xE0, 0x30, 0x03, 0x00, 0x70, 0x1F,
    0x01, 0xE0, 0xE1, 0xF8, 0x7E, 0x1F, 0x87, 0xFF, 0xFF, 0xFE, 0x1F, 0x87, 0xE1, 0xF8, 0x7E, 0x1C,
    0x07, 0x01, 0xC1, 0xF0, 0x78, 0xE0, 0x33, 0x80, 0xCE, 0x03, 0x38, 0x0C, 0xE0, 0x33, 0x80, 0xCF,
    0xFF, 0x3F, 0xFC, 0xE0, 0x33, 0x80, 0xCE, 0x03, 0x38, 0x0C, 0xE0, 0x33, 0x80, 0xFE, 0x03, 0xC0,
    0x07, 0x00, 0x18, 0x00, 0xE0, 0x03, 0x00, 0xE1, 0xCE, 0x1C, 0xE1, 0xCE, 0x1C, 0xFF, 0xCF, 0xFC,
    0xE1, 0xCE, 0x1C, 0xE1, 0xCE, 0x1C, 0xE1, 0xF0, 0x07, 0x00, 0x60, 0x0E, 0x00, 0xC0, 0xE0, 0xFC,
    0x1F, 0x83, 0xF0, 0x7E, 0x0F, 0xC1, 0xF8, 0x3F, 0xCF, 0x7F, 0xE7, 0xFC, 0x03, 0x80, 0x70, 0x0E,
    0x07, 0xC0, 0xF8, 0x1C, 0x03, 0x80, 0x70, 0x0E, 0x00, 0x61, 0xD8, 0x76, 0x1D, 0x87, 0x71, 0xDF,
    0xF3, 0xFC, 0x07, 0x01, 0xC0, 0xF0, 0x3C, 0x0C, 0x03, 0x00, 0xC0, 0x70, 0x0E, 0x1C, 0x03, 0x87,
    0x81, 0xE1, 0xE0, 0x7C, 0x6C, 0x3F, 0x1B, 0x0D, 0xC6, 0x63, 0x73, 0x99, 0x9C, 0xE7, 0x67, 0x38,
    0xF9, 0xCE, 0x3C, 0x73, 0x8F, 0x1C, 0xE1, 0xC7, 0x38, 0x01, 0xFE, 0x00, 0x3C, 0x00, 0x07, 0x00,
    0x01, 0x80, 0x00, 0xE0, 0x00, 0x30, 0x70, 0x38, 0xE0, 0xF1, 0xE1, 0xE3, 0xC7, 0xCF, 0xCF, 0x9D,
    0xBF, 0x3B, 0x6E, 0x73, 0xCC, 0xE7, 0x19, 0xCE, 0x33, 0x80, 0x78, 0x00, 0x70, 0x00, 0xE0, 0x03,
    0x80, 0x06, 0x00, 0xFF, 0xFF, 0xFF, 0xFF, 0xFF, 0xF8, 0x0C, 0xC0, 0x3F, 0x00, 0x78, 0x00, 0x00,
    0x07, 0x00, 0x1E, 0x00, 0x78, 0x03, 0xF0, 0x0D, 0xC0, 0x73, 0x01, 0xCE, 0x06, 0x18, 0x38, 0x70,
    0xFF, 0xC7, 0xFF, 0x1C, 0x0E, 0x60, 0x3B, 0x80, 0x7E, 0x01, 0xC0, 0x3B, 0x8F, 0xE1, 0xF0, 0x00,
    0x00, 0x0F, 0xC3, 0xF8, 0xCF, 0x01, 0xCF, 0xF7, 0xFD, 0xE7, 0x61, 0xDC, 0x77, 0xFC, 0xFF, 0x0C,
    0xC0, 0x33, 0x00, 0x00, 0x01, 0xC0, 0x07, 0x80, 0x1E, 0x00, 0xFC, 0x03, 0x70, 0x1C, 0xC0, 0x73,
    0x81, 0x86, 0x0E, 0x1C, 0x3F, 0xF1, 0xFF, 0xC7, 0x03, 0x98, 0x0E, 0xE0, 0x1F, 0x80, 0x70, 0x3B,
    0x8E, 0xE0, 0x00, 0x00, 0x3F, 0x0F, 0xE3, 0x3C, 0x07, 0x3F, 0xDF, 0xF7, 0x9D, 0x87, 0x71, 0xDF,
    0xF3, 0xFC, 0x00, 0xFF, 0xE0, 0x1F, 0xFC, 0x07, 0xC0, 0x01, 0xD8, 0x00, 0x3B, 0x00, 0x0E, 0x60,
    0x01, 0x8F, 0xF0, 0x71, 0xFE, 0x1C, 0x30, 0x03, 0xFE, 0x00, 0xFF, 0xC0, 0x18, 0x18, 0x07, 0x03,
    0x00, 0xC0, 0x7F, 0xF8, 0x0F, 0xF8, 0x3F, 0x3E, 0x1F, 0xFF, 0x8C, 0xFD, 0xE0, 0x38, 0x73, 0xFF,
    0xFB, 0xFF, 0xFD, 0xE7, 0x00, 0xC3, 0x80, 0x71, 0xF1, 0x3F, 0xFF, 0x8F, 0xFF, 0xC0, 0x33, 0x07,
    0xE0, 0x78, 0x00, 0x0F, 0xFD, 0xFF, 0xB8, 0x07, 0x00, 0xE0, 0x1C, 0x03, 0xFE, 0x7F, 0xCE, 0x01,
    0xC0, 0x38, 0x07, 0x00, 0xE0, 0x1F, 0xFF, 0xFF, 0x80, 0x33, 0x0F, 0xC1, 0xE0, 0x00, 0x00, 0x0F,
    0xC7, 0xFB, 0xCF, 0xE1, 0xFF, 0xFF, 0xFF, 0x80, 0xE0, 0x3E, 0x67, 0xF8, 0xFE, 0x7F, 0x83, 0xFF,
    0x1C, 0x7C, 0x00, 0xE0, 0x07, 0x80, 0x1C, 0x00, 0xFF, 0xFF, 0xFF, 0xFF, 0x01, 0xF8, 0x0F, 0xC0,
    0xE7, 0x9F, 0x1F, 0xF0, 0x7E, 0x00, 0x7F, 0x1F, 0xE6, 0x78, 0x07, 0x01, 0xFF, 0xFF, 0xFF, 0x87,
    0xF3, 0x9F, 0xE3, 0xF0, 0x1D, 0xC0, 0xEE, 0x00, 0x00, 0xFF, 0x07, 0xFE, 0x38, 0xF8, 0x01, 0xC0,
    0x0F, 0x00, 0x38, 0x01, 0xFF, 0xFF, 0xFF, 0xFE, 0x03, 0xF0, 0x1F, 0x81, 0xCF, 0x3E, 0x3F, 0xE0,
    0xFC, 0x00, 0x77, 0x1D, 0xC0, 0x00, 0x00, 0x7F, 0x1F, 0xE6, 0x78, 0x07, 0x01, 0xFF, 0xFF, 0xFF,
    0x87, 0xF3, 0x9F, 0xE3, 0xF0, 0x03, 0xB8, 0x00, 0x77, 0x00, 0x00, 0x00, 0x38, 0x70, 0xE7, 0x8E,
    0x3C, 0x71, 0xC7, 0x07, 0x39, 0xC0, 0x77, 0x70, 0x0F, 0xFC, 0x00, 0xFF, 0x80, 0x0F, 0xE0, 0x03,
    0xFE, 0x00, 0xEE, 0xE0, 0x39, 0xDE, 0x0F, 0x39, 0xE1, 0xC7, 0x1C, 0x70, 0xE1, 0xDE, 0x1C, 0x3C,
    0x06, 0x60, 0x06, 0x60, 0x00, 0x00, 0x00, 0x00, 0x71, 0x8E, 0x39, 0x9C, 0x39, 0x9C, 0x1D, 0xB8,
    0x0F, 0xF0, 0x07, 0xE0, 0x0F, 0xF0, 0x1D, 0xB8, 0x39, 0x9C, 0x71, 0x8E, 0xE1, 0x87, 0x3B, 0x87,
    0x70, 0x00, 0x3F, 0xC7, 0xFC, 0xE7, 0x80, 0x38, 0x06, 0x03, 0xC3, 0xF0, 0x7F, 0x01, 0xF0, 0x0E,
    0x01, 0xC0, 0x3B, 0x9F, 0xFF, 0xCF, 0xF0, 0x77, 0x1D, 0xC0, 0x00, 0x00, 0x7F, 0x1F, 0xE6, 0x38,
    0x0E, 0x3F, 0x0F, 0xE0, 0x38, 0x07, 0x63, 0xDF, 0xE7, 0xF0, 0x7F, 0xEF, 0xFC, 0x07, 0x01, 0xE0,
    0x38, 0x0E, 0x03, 0x80, 0xFC, 0x03, 0xC0, 0x1C, 0x03, 0x80, 0x77, 0x3F, 0xFF, 0x9F, 0xE0, 0x7F,
    0xCF, 0xF8, 0x0E, 0x01, 0xC0, 0x70, 0x1C, 0x03, 0x80, 0xF8, 0x07, 0xC0, 0x38, 0x03, 0x00, 0xE6,
    0x3C, 0xFF, 0x1F, 0xC0, 0x1F, 0xC0, 0xFE, 0x00, 0x01, 0xC0, 0x7E, 0x07, 0xF0, 0x3F, 0x83, 0xFC,
    0x3F, 0xE3, 0xBF, 0x1D, 0xF9, 0xCF, 0xDC, 0x7F, 0xE3, 0xFE, 0x1F, 0xE0, 0xFF, 0x07, 0xF0, 0x3F,
    0x01, 0xC0, 0x3F, 0x8F, 0xE0, 0x00, 0x00, 0xE1, 0xF8, 0xFE, 0x3F, 0x9F, 0xEE, 0xFB, 0x3F, 0xCF,
    0xE3, 0xF0, 0xFC, 0x3E, 0x0C, 0x1D, 0xC0, 0xEE, 0x00, 0x01, 0xC0, 0x7E, 0x07, 0xF0, 0x3F, 0x83,
    0xFC, 0x3F, 0xE3, 0xBF, 0x1D, 0xF9, 0xCF, 0xDC, 0x7F, 0xE3, 0xFE, 0x1F, 0xE0, 0xFF, 0x07, 0xF0,
    0x3F, 0x01, 0xC0, 0x3B, 0x8E, 0xE0, 0x00, 0x00, 0xE1, 0xF8, 0xFE, 0x3F, 0x9F, 0xEE, 0xFB, 0x3F,
    0xCF, 0xE3, 0xF0, 0xFC, 0x3E, 0x0C, 0x0E, 0xE0, 0x1D, 0xC0, 0x00, 0x00, 0x7F, 0x03, 0xFF, 0x0F,
    0x9F, 0x1C, 0x0F, 0x70, 0x0E, 0xE0, 0x1D, 0xC0, 0x3B, 0x80, 0x37, 0x00, 0xEE, 0x01, 0xDC, 0x03,
    0x9C, 0x0F, 0x3E, 0x7C, 0x3F, 0xF0, 0x1F, 0xC0, 0x3B, 0x87, 0x70, 0x00, 0x00, 0x03, 0xF0, 0xFF,
    0x3E, 0xF7, 0x0E, 0xE0, 0xFC, 0x1F, 0x83, 0xF0, 0xEF, 0x3C, 0xFF, 0x0F, 0xC0, 0x0F, 0xE0, 0x7F,
    0xE1, 0xF3, 0xE3, 0x81, 0xEE, 0x01, 0xDC, 0x03, 0xBF, 0xFF, 0x7F, 0xFE, 0xE0, 0x1D, 0xC0, 0x3B,
    0x80, 0x73, 0x81, 0xE7, 0xCF, 0x87, 0xFE, 0x03, 0xF8, 0x00, 0x3F, 0x0F, 0xF3, 0xCF, 0x70, 0x6F,
    0xFF, 0xFF, 0xF8, 0x3F, 0x0E, 0xF3, 0xCF, 0xF0, 0xFC, 0x00, 0x0E, 0xE0, 0x1D, 0xC0, 0x00, 0x00,
    0x7F, 0x03, 0xFF, 0x0F, 0x9F, 0x1C, 0x0F, 0x70, 0x0E, 0xE0, 0x1D, 0xFF, 0xFB, 0xFF, 0xF7, 0x00,
    0xEE, 0x01, 0xDC, 0x03, 0x9C, 0x0F, 0x3E, 0x7C, 0x3F, 0xF0, 0x1F, 0xC0, 0x3B, 0x87, 0x70, 0x00,
    0x00, 0x03, 0xF0, 0xFF, 0x3C, 0xF7, 0x06, 0xFF, 0xFF, 0xFF, 0x83, 0xF0, 0xEF, 0x3C, 0xFF, 0x0F,
    0xC0, 0x3B, 0x83, 0xB8, 0x00, 0x07, 0xF0, 0xFF, 0xC6, 0x3E, 0x00, 0xE0, 0x07, 0x00, 0x71, 0xFF,
    0x1F, 0xF0, 0x07, 0x00, 0x70, 0x07, 0x00, 0xE6, 0x3E, 0xFF, 0xC7, 0xF0, 0x77, 0x1D, 0xC0, 0x00,
    0x00, 0x7E, 0x1F, 0xC6, 0x78, 0x06, 0x1F, 0xC7, 0xF0, 0x1C, 0x0E, 0x47, 0xBF, 0xCF, 0xE0, 0x1F,
    0xC0, 0xFE, 0x00, 0x01, 0xC0, 0xE7, 0x07, 0x38, 0x39, 0xC1, 0x87, 0x1C, 0x38, 0xE0, 0xE6, 0x07,
    0xF0, 0x1F, 0x80, 0x78, 0x03, 0xC0, 0x1C, 0x09, 0xE0, 0x7E, 0x03, 0xE0, 0x00, 0x3F, 0x87, 0xF0,
    0x00, 0x00, 0x0E, 0x0D, 0xC3, 0x9C, 0x73, 0x8C, 0x71, 0x87, 0x70, 0xEE, 0x0D, 0x81, 0xF0, 0x1C,
    0x03, 0x80, 0x70, 0x1C, 0x1F, 0x83, 0xE0, 0x00, 0x1D, 0xC0, 0xEE, 0x00, 0x01, 0xC0, 0xE7, 0x07,
    0x38, 0x39, 0xC1, 0x87, 0x1C, 0x38, 0xE0, 0xE6, 0x07, 0xF0, 0x1F, 0x80, 0x78, 0x03, 0xC0, 0x1C,
    0x09, 0xE0, 0x7E, 0x03, 0xE0, 0x00, 0x3B, 0x87, 0x70, 0x00, 0x00, 0x0E, 0x0D, 0xC3, 0x9C, 0x73,
    0x8C, 0x71, 0x87, 0x70, 0xEE, 0x0D, 0x81, 0xF0, 0x1C, 0x03, 0x80, 0x70, 0x1C, 0x1F, 0x83, 0xE0,
    0x00, 0x06, 0x60, 0x37, 0x03, 0xF0, 0x1B, 0x0E, 0x07, 0x38, 0x39, 0xC1, 0xCE, 0x0C, 0x38, 0xE1,
    0xC7, 0x07, 0x30, 0x3F, 0x80, 0xFC, 0x03, 0xC0, 0x1E, 0x00, 0xE0, 0x4F, 0x03, 0xF0, 0x1F, 0x00,
    0x0C, 0xC1, 0xB8, 0x7E, 0x0D, 0x80, 0x01, 0xC1, 0xB8, 0x73, 0x8E, 0x71, 0x8E, 0x30, 0xEE, 0x1D,
    0xC1, 0xB0, 0x3E, 0x03, 0x80, 0x70, 0x0E, 0x03, 0x83, 0xF0, 0x7C, 0x00, 0x3B, 0x87, 0x70, 0x00,
    0x70, 0x7E, 0x0F, 0xC1, 0xF8, 0x3F, 0x07, 0xE0, 0xFC, 0x1F, 0xC7, 0xBF, 0xF3, 0xFE, 0x01, 0xC0,
    0x38, 0x07, 0x00, 0xE0, 0x1C, 0x3B, 0x8E, 0xE0, 0x00, 0x00, 0x61, 0xD8, 0x76, 0x1D, 0x87, 0x71,
    0xDF, 0xF3, 0xFC, 0x07, 0x01, 0xC0, 0x70, 0x1C, 0xFF, 0xFF, 0xFE, 0x03, 0x80, 0xE0, 0x38, 0x0E,
    0x03, 0x80, 0xE0, 0x38, 0x0E, 0x03, 0x80, 0xE0, 0x3E, 0x0F, 0x80, 0xE0, 0x38, 0x0E, 0x03, 0x80,
    0xFF, 0xFF, 0xE0, 0xE0, 0xE0, 0xE0, 0xE0, 0xE0, 0xE0, 0xF0, 0xF0, 0x30, 0x30, 0x30, 0x06, 0x60,
    0x06, 0x60, 0x00, 0x00, 0xE0, 0x07, 0xE0, 0x07, 0xE0, 0x07, 0xE0, 0x07, 0xE0, 0x07, 0xFF, 0x87,
    0xFF, 0xC7, 0xE3, 0xE7, 0xE0, 0xE7, 0xE0, 0xE7, 0xE0, 0xE7, 0xE0, 0xE7, 0xE3, 0xE7, 0xFF, 0xC7,
    0x7F, 0x87, 0x0C, 0xC0, 0x33, 0x00, 0x00, 0x00, 0x00, 0xE0, 0x1F, 0x80, 0x7E, 0x01, 0xF8, 0x07,
    0xFF, 0x1F, 0xFE, 0x7E, 0x39, 0xF8, 0x77, 0xE3, 0x9F, 0xFE, 0x7F, 0xF1, 0xC0, 0x70, 0x39, 0xC1,
    0xC7, 0x0C, 0x1C, 0xE1, 0xF7, 0x1F, 0xF1, 0xCF, 0x0E, 0x38, 0x70, 0xC3, 0x07, 0x18, 0x1D, 0xC0,
    0xE0, 0x7F, 0x87, 0xF8, 0x01, 0xC0, 0x1C, 0x01, 0xC0, 0x1C, 0x01, 0xC0, 0x1C, 0x01, 0xC0, 0x1C,
    0x7F, 0xEF, 0xFE, 0x7C, 0x7E, 0x0E, 0x0E, 0x0E, 0x0E, 0x0E, 0x0E, 0x0E, 0x1E, 0xF6, 0xE7, 0x00,
    0xFF, 0xEF, 0xFC, 0x0E, 0x01, 0xC0, 0x38, 0x07, 0x00, 0xE0, 0x1C, 0x03, 0x80, 0x70, 0x0E, 0x01,
    0xC0, 0xFF, 0xDF, 0xF8, 0x03, 0x80, 0x70, 0x0F, 0xC1, 0xF8, 0x3F, 0x07, 0xE0, 0xFC, 0x1F, 0x83,
    0xF0, 0x70, 0x7B, 0xCE, 0x73, 0x9C, 0xE7, 0x39, 0xCE, 0x70, 0xFE, 0xF8, 0xE1, 0x87, 0x0E, 0x1C,
    0x18, 0x30, 0x70, 0xE1, 0xC0, 0x7F, 0xE3, 0xFF, 0x8C, 0x0C, 0x60, 0x73, 0x03, 0x98, 0x1C, 0xC0,
    0xE6, 0x07, 0x30, 0x39, 0x81, 0xCC, 0x0E, 0x60, 0x70, 0xC7, 0xCC, 0x7E, 0xC0, 0xEC, 0x06, 0xC0,
    0x6C, 0x06, 0xE0, 0x6E, 0x06, 0xE0, 0xE7, 0x1E, 0x7F, 0xC3, 0xF8, 0x7B, 0xCE, 0x73, 0x9C, 0xE0,
    0x7F, 0x9F, 0xF0, 0x1C, 0x03, 0x00, 0xC0, 0x30, 0x0C, 0x03, 0x00, 0xC0, 0x30, 0x0C, 0x03, 0x00,
    0xC0, 0x30, 0x0C, 0x03, 0x7F, 0x1F, 0xE0, 0x38, 0x07, 0x01, 0xC0, 0x70, 0x1C, 0x07, 0x01, 0xC0,
    0xE7, 0xF9, 0xFC, 0x60, 0x1C, 0x03, 0x80, 0x70, 0x0F, 0xFD, 0xFF, 0x80, 0x70, 0x0E, 0x03, 0x80,
    0x70, 0x0C, 0x03, 0x80, 0x70, 0x0C, 0x03, 0x80, 0x70, 0xFF, 0xEF, 0xFF, 0x70, 0x77, 0x07, 0x70,
    0x77, 0x07, 0x70, 0x77, 0x07, 0x70, 0x77, 0x07, 0x7F, 0xF7, 0xFF, 0x67, 0xE3, 0xBF, 0x9F, 0x1E,
    0x70, 0x73, 0x81, 0x9C, 0x0C, 0xE0, 0x66, 0x07, 0x30, 0x3B, 0x83, 0xDD, 0xFC, 0xEF, 0xC0, 0x7B,
    0xCE, 0x73, 0x9C, 0xE7, 0x39, 0xCE, 0x73, 0x9C, 0xE7, 0xFB, 0xE1, 0xC7, 0x1C, 0x71, 0xC7, 0x1C,
    0x7F, 0xFF, 0x7F, 0xE3, 0xFF, 0x8E, 0x1C, 0x60, 0x77, 0x03, 0xB8, 0x1D, 0xC0, 0xEE, 0x07, 0x30,
    0x71, 0xC3, 0x8F, 0xF8, 0x1F, 0x80, 0x00, 0x07, 0x07, 0x70, 0x73, 0x07, 0x30, 0x73, 0x86, 0x38,
    0x61, 0x8E, 0x18, 0xE1, 0xCC, 0x1D, 0xC1, 0xF8, 0x7F, 0x0F, 0x80, 0x00, 0x00, 0x3F, 0x0F, 0xF3,
    0x87, 0x60, 0x6C, 0x0F, 0xC1, 0xFC, 0x3B, 0xC7, 0x00, 0xE0, 0x1C, 0x03, 0x80, 0x70, 0x0E, 0x01,
    0xC0, 0x38, 0x07, 0x3F, 0x0F, 0xF3, 0x87, 0x60, 0x6C, 0x0F, 0xC1, 0xFE, 0x39, 0xC7, 0x00, 0xC0,
    0x7B, 0xFE, 0x7F, 0x80, 0xE0, 0xCE, 0x19, 0xC7, 0x1C, 0xE3, 0x9C, 0x37, 0x07, 0xE0, 0xF0, 0x0C,
    0x01, 0xC0, 0x38, 0x03, 0x00, 0x70, 0x0E, 0x01, 0xC0, 0x18, 0x70, 0xEF, 0x1C, 0xE3, 0x8E, 0x61,
    0xDC, 0x1F, 0x81, 0xE0, 0x38, 0x03, 0x80, 0x39, 0xFF, 0x3F, 0xE0, 0xFF, 0xFF, 0xFE, 0x00, 0xE0,
    0x0E, 0x60, 0xE6, 0x0C, 0x61, 0xC6, 0x1C, 0x61, 0x86, 0x38, 0x63, 0x86, 0x30, 0x60, 0x06, 0x00,
    0x60, 0x06, 0x00, 0x7F, 0x1F, 0xE0, 0x1C, 0x07, 0x01, 0xC0, 0x70, 0x1C, 0x07, 0x01, 0xC0, 0x70,
    0x1C, 0x07, 0xE7, 0x1F, 0x38, 0xF9, 0xC7, 0xCE, 0x3E, 0xE1, 0xFF, 0x0F, 0xF0, 0xFC, 0x07, 0x60,
    0x3B, 0x83, 0x8F, 0xF8, 0x3F, 0x80, 0x7F, 0xF3, 0xFF, 0xC6, 0x0E, 0x30, 0x71, 0x83, 0x8C, 0x1C,
    0x60, 0xE3, 0x07, 0x18, 0x38, 0xC1, 0xDE, 0x0F, 0xE0, 0x70, 0x27, 0x67, 0x70, 0x33, 0x77, 0x6E,
    0x00, 0x6E, 0xE4, 0x00, 0x3F, 0xBF, 0xFC, 0x2C, 0x07, 0x03, 0x80, 0xE0, 0x38, 0x0E, 0x03, 0x01,
    0x80, 0x00, 0x60, 0x78, 0x3C, 0x0C, 0x00, 0x1C, 0x3E, 0x7C, 0x60, 0x60, 0x73, 0x3F, 0xFE, 0xF8,
    0x00, 0xFF, 0xFC, 0x00, 0x6F, 0xF2, 0x0C, 0xEE, 0x66, 0x67, 0x77, 0x77, 0x73, 0x30, 0x00, 0x18,
    0x76, 0x19, 0xFE, 0x7F, 0x1F, 0x07, 0x00, 0xC0, 0x30, 0x0C, 0x03, 0x00, 0xC0, 0x38, 0x0E, 0x03,
    0x80, 0x00, 0x00, 0x06, 0x36, 0x67, 0x67, 0x77, 0x7F, 0xE7, 0xFE, 0x70, 0x03, 0x00, 0x30, 0x03,
    0x00, 0x30, 0x03, 0x00, 0x38, 0x03, 0x80, 0x38, 0x00, 0x00, 0x00, 0x07, 0x03, 0xE1, 0xE0, 0x60,
    0x38, 0x0F, 0xC1, 0xF0, 0x3C, 0x1C, 0x06, 0x03, 0x80, 0xE0, 0x1F, 0xE3, 0xF8, 0x00, 0x1E, 0x0F,
    0xC7, 0x39, 0x86, 0x61, 0xB8, 0x7E, 0x1D, 0x86, 0x61, 0x9F, 0xE3, 0xF0, 0x00, 0x00, 0x3F, 0xCF,
    0xF0, 0x2C, 0x03, 0x00, 0xE0, 0x38, 0x0E, 0x03, 0x80, 0xE0, 0x18, 0x06, 0x01, 0x80, 0x70, 0x1C,
    0x00, 0x40, 0x0E, 0x07, 0xE0, 0x67, 0x0E, 0x70, 0xE3, 0x0C, 0x39, 0xC3, 0x98, 0x19, 0x81, 0xF8,
    0x1F, 0x00, 0xF0, 0x0F, 0x00, 0xE0, 0x06, 0x00, 0x00, 0x02, 0x00, 0x60, 0x07, 0x00, 0xF0, 0x0F,
    0x00, 0xF8, 0x1F, 0x81, 0x98, 0x39, 0xC3, 0x9C, 0x30, 0xC7, 0x0E, 0x70, 0xEE, 0x06, 0xE0, 0x70,
    0x00, 0x08, 0x0F, 0x87, 0xF1, 0x9C, 0xE3, 0x38, 0xC7, 0xF1, 0xFC, 0x1F, 0x80, 0xE0, 0x38, 0x06,
    0x01, 0x80, 0x60, 0x18, 0x00, 0x00, 0x10, 0x00, 0xE0, 0x03, 0x98, 0x06, 0x60, 0x1B, 0x80, 0x7E,
    0x01, 0xF8, 0x06, 0xE0, 0x39, 0xE3, 0xC3, 0xFF, 0x07, 0xF0, 0x7D, 0xF0, 0x6F, 0xF2, 0x0C, 0xEE,
    0x66, 0x67, 0x77, 0x77, 0x73, 0x30, 0x00, 0x18, 0x76, 0x19, 0xFE, 0x7F, 0x1F, 0x07, 0x00, 0xC0,
    0x30, 0x0C, 0x03, 0x00, 0xC0, 0x38, 0x0E, 0x03, 0x80, 0x00, 0x00, 0x06, 0x36, 0x67, 0x67, 0x77,
    0x7F, 0xE7, 0xFE, 0x70, 0x03, 0x00, 0x30, 0x03, 0x00, 0x30, 0x03, 0x00, 0x38, 0x03, 0x80, 0x38,
    0x00, 0x00, 0x00, 0x39, 0xE6, 0xF1, 0xB0, 0x7F, 0x9F, 0xE7, 0xE1, 0xC0, 0x30, 0x0C, 0x03, 0x00,
    0xC0, 0x30, 0x0C, 0x03, 0x00, 0x00, 0x07, 0x01, 0xE0, 0x78, 0x1F, 0x0E, 0xC3, 0x39, 0xC6, 0x61,
    0xB8, 0x6E, 0x1F, 0x87, 0xED, 0xDF, 0xE7, 0xF8, 0x00, 0x3E, 0x7E, 0x60, 0x60, 0x60, 0x73, 0x3F,
    0x1E, 0x1C, 0x38, 0x70, 0x60, 0xE0, 0xC0, 0x00, 0x40, 0x0E, 0x07, 0xE0, 0x67, 0x0E, 0x70, 0xE3,
    0x0C, 0x39, 0xC3, 0x98, 0x19, 0x81, 0xF8, 0x1F, 0x00, 0xF0, 0x0F, 0x00, 0xE0, 0x06, 0x00, 0x00,
    0x02, 0x00, 0x60, 0x07, 0x00, 0xF0, 0x0F, 0x00, 0xF8, 0x1F, 0x81, 0x98, 0x39, 0xC3, 0x9C, 0x30,
    0xC7, 0x0E, 0x70, 0xEE, 0x06, 0xE0, 0x70, 0x00, 0x08, 0x0F, 0x87, 0xF1, 0x9C, 0xE3, 0x38, 0xC7,
    0xF1, 0xFC, 0x1F, 0x80, 0xE0, 0x38, 0x06, 0x01, 0x80, 0x60, 0x18, 0x00, 0x03, 0x00, 0x1E, 0x00,
    0x78, 0x03, 0xF0, 0x0F, 0xC0, 0x73, 0x01, 0xCE, 0x06, 0x38, 0x38, 0x70, 0xFF, 0xC7, 0xFF, 0x1F,
    0xFE, 0x70, 0x3B, 0x80, 0x6E, 0x01, 0xC0, 0x00, 0x03, 0x00, 0x1C, 0x00, 0x30, 0x00, 0x00, 0x0F,
    0xC3, 0xF8, 0x06, 0x01, 0xC7, 0xF7, 0xFD, 0xC7, 0x61, 0xD8, 0x77, 0xFC, 0xFF, 0x0E, 0x03, 0x80,
    0xE0, 0x38, 0x02, 0x00, 0x1E, 0x00, 0x78, 0x00, 0xE0, 0x03, 0x00, 0x0C, 0x00, 0x78, 0x01, 0xE0,
    0x0F, 0xC0, 0x3F, 0x01, 0xCC, 0x07, 0x38, 0x18, 0xE0, 0xE1, 0xC3, 0xFF, 0x1F, 0xFC, 0x7F, 0xF9,
    0xC0, 0xEE, 0x01, 0xB8, 0x07, 0x1E, 0x07, 0xC0, 0x70, 0x38, 0x04, 0x0F, 0xC3, 0xF8, 0x06, 0x01,
    0xC7, 0xF7, 0xFD, 0xC7, 0x61, 0xD8, 0x77, 0xFC, 0xFF, 0x0E, 0x00, 0x00, 0x10, 0x00, 0xE0, 0x07,
    0x80, 0xDC, 0x07, 0xC0, 0x3F, 0x00, 0xCC, 0x00, 0xC0, 0x07, 0x80, 0x1E, 0x00, 0xFC, 0x03, 0xF0,
    0x1C, 0xC0, 0x73, 0x81, 0x8E, 0x0E, 0x1C, 0x3F, 0xF1, 0xFF, 0xC7, 0xFF, 0x9C, 0x0E, 0xE0, 0x1B,
    0x80, 0x70, 0x00, 0x20, 0x07, 0x00, 0xE0, 0x5C, 0x0E, 0x81, 0xF0, 0x11, 0x00, 0x00, 0x3F, 0x03,
    0xF8, 0x01, 0x80, 0x1C, 0x1F, 0xC7, 0xFC, 0x71, 0xC6, 0x1C, 0x61, 0xC7, 0xFC, 0x3F, 0xC0, 0xE0,
    0x00, 0x80, 0x07, 0x00, 0x1E, 0x00, 0xF8, 0x07, 0xE0, 0x3F, 0x00, 0xCC, 0x00, 0xC0, 0x07, 0x80,
    0x1E, 0x00, 0xFC, 0x03, 0xF0, 0x1C, 0xC0, 0x73, 0x81, 0x8E, 0x0E, 0x1C, 0x3F, 0xF1, 0xFF, 0xC7,
    0xFF, 0x9C, 0x0E, 0xE0, 0x1B, 0x80, 0x70, 0x02, 0x01, 0xC0, 0x38, 0x17, 0x0E, 0x87, 0xC1, 0x10,
    0x00, 0x3F, 0x0F, 0xE0, 0x18, 0x07, 0x1F, 0xDF, 0xF7, 0x1D, 0x87, 0x61, 0xDF, 0xF3, 0xFC, 0x38,
    0x00, 0x00, 0x03, 0xC0, 0x0F, 0x00, 0x1C, 0x03, 0x60, 0x1E, 0x00, 0xFC, 0x03, 0x30, 0x03, 0x00,
    0x1E, 0x00, 0x78, 0x03, 0xF0, 0x0F, 0xC0, 0x73, 0x01, 0xCE, 0x06, 0x38, 0x38, 0x70, 0xFF, 0xC7,
    0xFF, 0x1F, 0xFE, 0x70, 0x3B, 0x80, 0x6E, 0x01, 0xC0, 0x03, 0xC0, 0x7C, 0x03, 0x82, 0xE0, 0xE8,
    0x3E, 0x04, 0x40, 0x00, 0x3F, 0x07, 0xF0, 0x06, 0x00, 0xE1, 0xFC, 0xFF, 0x9C, 0x73, 0x0E, 0x61,
    0xCF, 0xF8, 0xFF, 0x07, 0x00, 0x04, 0x40, 0x3F, 0x81, 0xFC, 0x00, 0x00, 0x03, 0x00, 0x1E, 0x00,
    0xFC, 0x03, 0x30, 0x03, 0x00, 0x1E, 0x00, 0x78, 0x03, 0xF0, 0x0F, 0xC0, 0x73, 0x01, 0xCE, 0x06,
    0x38, 0x38, 0x70, 0xFF, 0xC7, 0xFF, 0x1F, 0xFE, 0x70, 0x3B, 0x80, 0x6E, 0x01, 0xC0, 0x1D, 0x8F,
    0xE3, 0x30, 0x10, 0x0E, 0x07, 0xC1, 0x10, 0x00, 0x3F, 0x0F, 0xE0, 0x18, 0x07, 0x1F, 0xDF, 0xF7,
    0x1D, 0x87, 0x61, 0xDF, 0xF3, 0xFC, 0x38, 0x00, 0x00, 0x0C, 0x00, 0x78, 0x03, 0xF0, 0x0C, 0xC0,
    0x0C, 0x00, 0x78, 0x01, 0xE0, 0x0F, 0xC0, 0x3F, 0x01, 0xCC, 0x07, 0x38, 0x18, 0xE0, 0xE1, 0xC3,
    0xFF, 0x1F, 0xFC, 0x7F, 0xF9, 0xC0, 0xEE, 0x01, 0xB8, 0x07, 0x00, 0x00, 0x0C, 0x00, 0x70, 0x00,
    0xC0, 0x00, 0x01, 0x00, 0xE0, 0x7C, 0x11, 0x00, 0x03, 0xF0, 0xFE, 0x01, 0x80, 0x71, 0xFD, 0xFF,
    0x71, 0xD8, 0x76, 0x1D, 0xFF, 0x3F, 0xC3, 0x80, 0xE0, 0x38, 0x0E, 0x00, 0x00, 0x80, 0x07, 0x00,
    0x1C, 0x00, 0xE0, 0x0D, 0xC0, 0x3F, 0x00, 0x78, 0x00, 0x00, 0x03, 0x00, 0x1E, 0x00, 0x78, 0x03,
    0xF0, 0x0F, 0xC0, 0x73, 0x01, 0xCE, 0x06, 0x38, 0x38, 0x70, 0xFF, 0xC7, 0xFF, 0x1F, 0xFE, 0x70,
    0x3B, 0x80, 0x6E, 0x01, 0xC0, 0x01, 0x00, 0xE0, 0x70, 0x38, 0x35, 0x07, 0xC1, 0xF0, 0x10, 0x00,
    0x0F, 0xC3, 0xF8, 0x06, 0x01, 0xC7, 0xF7, 0xFD, 0xC7, 0x61, 0xD8, 0x77, 0xFC, 0xFF, 0x0E, 0x00,
    0x04, 0x00, 0x38, 0x00, 0xF0, 0x00, 0xC0, 0x0C, 0xC0, 0x3F, 0x00, 0x78, 0x00, 0x00, 0x03, 0x00,
    0x1E, 0x00, 0x78, 0x03, 0xF0, 0x0F, 0xC0, 0x73, 0x01, 0xCE, 0x06, 0x38, 0x38, 0x70, 0xFF, 0xC7,
    0xFF, 0x1F, 0xFE, 0x70, 0x3B, 0x80, 0x6E, 0x01, 0xC0, 0x10, 0x0E, 0x01, 0xC0, 0x38, 0x35, 0x07,
    0xC1, 0xF0, 0x10, 0x00, 0x0F, 0xC3, 0xF8, 0x06, 0x01, 0xC7, 0xF7, 0xFD, 0xC7, 0x61, 0xD8, 0x77,
    0xFC, 0xFF, 0x0E, 0x00, 0x07, 0x00, 0x1E, 0x00, 0x38, 0x00, 0xE0, 0x0F, 0xC0, 0x3F, 0x00, 0x78,
    0x00, 0x00, 0x03, 0x00, 0x1E, 0x00, 0x78, 0x03, 0xF0, 0x0F, 0xC0, 0x73, 0x01, 0xCE, 0x06, 0x38,
    0x38, 0x70, 0xFF, 0xC7, 0xFF, 0x1F, 0xFE, 0x70, 0x3B, 0x80, 0x6E, 0x01, 0xC0, 0x0C, 0x07, 0xC0,
    0x70, 0x38, 0x3D, 0x07, 0xC1, 0xF0, 0x10, 0x00, 0x0F, 0xC3, 0xF8, 0x06, 0x01, 0xC7, 0xF7, 0xFD,
    0xC7, 0x61, 0xD8, 0x77, 0xFC, 0xFF, 0x0E, 0x00, 0x0F, 0x60, 0x7F, 0x00, 0x98, 0x03, 0x30, 0x0F,
    0xC0, 0x1E, 0x00, 0x00, 0x00, 0xC0, 0x07, 0x80, 0x1E, 0x00, 0xFC, 0x03, 0xF0, 0x1C, 0xC0, 0x73,
    0x81, 0x8E, 0x0E, 0x1C, 0x3F, 0xF1, 0xFF, 0xC7, 0xFF, 0x9C, 0x0E, 0xE0, 0x1B, 0x80, 0x70, 0x1D,
    0x8F, 0xE3, 0x70, 0xC4, 0x1F, 0x07, 0xC0, 0x40, 0x00, 0x3F, 0x0F, 0xE0, 0x18, 0x07, 0x1F, 0xDF,
    0xF7, 0x1D, 0x87, 0x61, 0xDF, 0xF3, 0xFC, 0x38, 0x0C, 0xC0, 0x3F, 0x00, 0x78, 0x00, 0x00, 0x03,
    0x00, 0x1E, 0x00, 0x78, 0x03, 0xF0, 0x0F, 0xC0, 0x73, 0x01, 0xCE, 0x06, 0x38, 0x38, 0x70, 0xFF,
    0xC7, 0xFF, 0x1F, 0xFE, 0x70, 0x3B, 0x80, 0x6E, 0x01, 0xC0, 0x00, 0x03, 0x00, 0x1C, 0x00, 0x30,
    0x00, 0x31, 0x0F, 0xC1, 0xF0, 0x10, 0x00, 0x0F, 0xC3, 0xF8, 0x06, 0x01, 0xC7, 0xF7, 0xFD, 0xC7,
    0x61, 0xD8, 0x77, 0xFC, 0xFF, 0x0E, 0x03, 0x80, 0xE0, 0x38, 0x7F, 0xDF, 0xFB, 0xFF, 0x70, 0x0E,
    0x01, 0xC0, 0x3F, 0xE7, 0xFC, 0xFF, 0x9C, 0x03, 0x80, 0x70, 0x0E, 0x01, 0xFF, 0xBF, 0xF8, 0x00,
    0x0C, 0x03, 0xC0, 0x30, 0x00, 0x00, 0x0F, 0xC7, 0xFB, 0x8E, 0xE1, 0xFF, 0xFF, 0xFF, 0x80, 0xE0,
    0x38, 0x07, 0xF8, 0xFE, 0x0E, 0x03, 0x01, 0xC0, 0x30, 0x0C, 0x03, 0xE0, 0x1C, 0x07, 0x00, 0xC0,
    0xFF, 0xBF, 0xF7, 0xFE, 0xE0, 0x1C, 0x03, 0x80, 0x7F, 0xCF, 0xF9, 0xFF, 0x38, 0x07, 0x00, 0xE0,
    0x1C, 0x03, 0xFF, 0x7F, 0xF0, 0x1C, 0x07, 0x80, 0xE0, 0x30, 0x08, 0x0F, 0xC7, 0xFB, 0x8E, 0xE1,
    0xFF, 0xFF, 0xFF, 0x80, 0xE0, 0x38, 0x07, 0xF8, 0xFE, 0x0E, 0x00, 0x1D, 0x87, 0xF0, 0xCC, 0x00,
    0x07, 0xFD, 0xFF, 0xBF, 0xF7, 0x00, 0xE0, 0x1C, 0x03, 0xFE, 0x7F, 0xCF, 0xF9, 0xC0, 0x38, 0x07,
    0x00, 0xE0, 0x1F, 0xFB, 0xFF, 0x80, 0x11, 0x0F, 0xC7, 0xF0, 0x00, 0x00, 0x0F, 0xC7, 0xFB, 0x8E,
    0xE1, 0xFF, 0xFF, 0xFF, 0x80, 0xE0, 0x38, 0x07, 0xF8, 0xFE, 0x0E, 0x00, 0x00, 0x40, 0x06, 0x00,
    0xE0, 0xDC, 0x1F, 0x83, 0xF0, 0x11, 0x07, 0xFC, 0xFF, 0xCF, 0xFC, 0xE0, 0x0E, 0x00, 0xE0, 0x0F,
    0xF8, 0xFF, 0x8F, 0xF8, 0xE0, 0x0E, 0x00, 0xE0, 0x0E, 0x00, 0xFF, 0xCF, 0xFE, 0x00, 0x40, 0x1C,
    0x07, 0x86, 0xE1, 0xF8, 0x7E, 0x0C, 0xC0, 0x00, 0x3F, 0x0F, 0xF3, 0x8E, 0x70, 0xEF, 0xFD, 0xFF,
    0xB8, 0x07, 0x00, 0xE0, 0x0F, 0xF0, 0xFE, 0x07, 0x00, 0x02, 0x00, 0xE0, 0x1E, 0x07, 0xC1, 0xF8,
    0x7E, 0x04, 0x43, 0xFE, 0xFF, 0xDF, 0xFB, 0x80, 0x70, 0x0E, 0x01, 0xFF, 0x3F, 0xE7, 0xFC, 0xE0,
    0x1C, 0x03, 0x80, 0x70, 0x0F, 0xFD, 0xFF, 0xC0, 0x02, 0x01, 0x80, 0x70, 0x3E, 0x1F, 0x0F, 0xC3,
    0x30, 0x00, 0x3F, 0x1F, 0xEE, 0x3B, 0x87, 0xFF, 0xFF, 0xFE, 0x03, 0x80, 0xE0, 0x1F, 0xE3, 0xF8,
    0x38, 0x03, 0xC0, 0x78, 0x07, 0x06, 0xE1, 0xE8, 0x7E, 0x04, 0x43, 0xFE, 0xFF, 0xDF, 0xFB, 0x80,
    0x70, 0x0E, 0x01, 0xFF, 0x3F, 0xE7, 0xFC, 0xE0, 0x1C, 0x03, 0x80, 0x70, 0x0F, 0xFD, 0xFF, 0xC0,
    0x03, 0xC0, 0x78, 0x07, 0x06, 0xE1, 0xE8, 0x7E, 0x0C, 0xC0, 0x00, 0x3F, 0x0F, 0xF3, 0x8E, 0x70,
    0xEF, 0xFD, 0xFF, 0xB8, 0x07, 0x00, 0xE0, 0x0F, 0xF0, 0xFE, 0x07, 0x00, 0x19, 0x07, 0xF0, 0xFC,
    0x00, 0x00, 0xC0, 0x3C, 0x0F, 0xC0, 0x88, 0x7F, 0xDF, 0xFB, 0xFF, 0x70, 0x0E, 0x01, 0xC0, 0x3F,
    0xE7, 0xFC, 0xFF, 0x9C, 0x03, 0x80, 0x70, 0x0E, 0x01, 0xFF, 0xBF, 0xF8, 0x00, 0x0F, 0xE7, 0xF0,
    0x00, 0x0C, 0x07, 0x83, 0xF0, 0xCC, 0x00, 0x0F, 0xC7, 0xFB, 0x8E, 0xE1, 0xFF, 0xFF, 0xFF, 0x80,
    0xE0, 0x38, 0x07, 0xF8, 0xFE, 0x0E, 0x00, 0x00, 0x01, 0x80, 0x78, 0x1F, 0x81, 0x10, 0xFF, 0xBF,
    0xF7, 0xFE, 0xE0, 0x1C, 0x03, 0x80, 0x7F, 0xCF, 0xF9, 0xFF, 0x38, 0x07, 0x00, 0xE0, 0x1C, 0x03,
    0xFF, 0x7F, 0xF0, 0x00, 0x18, 0x07, 0x80, 0x60, 0x00, 0x03, 0x01, 0xE0, 0xFC, 0x33, 0x00, 0x03,
    0xF1, 0xFE, 0xE3, 0xB8, 0x7F, 0xFF, 0xFF, 0xE0, 0x38, 0x0E, 0x01, 0xFE, 0x3F, 0x83, 0x80, 0xC0,
    0x70, 0x0C, 0x00, 0x23, 0xDE, 0x73, 0x19, 0xCE, 0x73, 0x9C, 0xE7, 0x39, 0xCE, 0x73, 0x9C, 0xE0,
    0x73, 0xCE, 0x62, 0x39, 0xCE, 0x73, 0x9C, 0xE7, 0x39, 0xCE, 0x6E, 0xEE, 0xEE, 0xEE, 0xEE, 0xEE,
    0xEE, 0xE0, 0x6E, 0xE0, 0x5F, 0xA1, 0xFF, 0xFF, 0xFF, 0xFF, 0x1F, 0xF0, 0x0F, 0xC0, 0xFF, 0xC3,
    0xCF, 0x9C, 0x0E, 0xE0, 0x1F, 0x80, 0x7E, 0x01, 0xF8, 0x07, 0xE0, 0x1F, 0x80, 0x7E, 0x01, 0xDC,
    0x0F, 0x78, 0x78, 0xFF, 0xC1, 0xFE, 0x00, 0xE0, 0x03, 0x00, 0x0E, 0x00, 0x30, 0x00, 0x00, 0x07,
    0xE1, 0xFE, 0x78, 0xEE, 0x1D, 0xC1, 0xB0, 0x3F, 0x07, 0xE1, 0xDC, 0x39, 0xFE, 0x1F, 0x80, 0xC0,
    0x18, 0x03, 0x80, 0x60, 0x02, 0x00, 0x1E, 0x00, 0x18, 0x00, 0xE0, 0x03, 0x00, 0x3F, 0x03, 0xFF,
    0x0F, 0x3E, 0x70, 0x3B, 0x80, 0x7E, 0x01, 0xF8, 0x07, 0xE0, 0x1F, 0x80, 0x7E, 0x01, 0xF8, 0x07,
    0x70, 0x3D, 0xE1, 0xE3, 0xFF, 0x07, 0xF8, 0x03, 0x80, 0x1E, 0x03, 0xC0, 0x38, 0x07, 0x00, 0xC0,
    0x7E, 0x1F, 0xE7, 0x8E, 0xE1, 0xDC, 0x1B, 0x03, 0xF0, 0x7E, 0x1D, 0xC3, 0x9F, 0xE1, 0xF8, 0x0C,
    0x00, 0x00, 0x10, 0x00, 0xE0, 0x07, 0x00, 0xD8, 0x07, 0xC0, 0x3F, 0x00, 0xCC, 0x03, 0xF0, 0x3F,
    0xF0, 0xF3, 0xE7, 0x03, 0xB8, 0x07, 0xE0, 0x1F, 0x80, 0x7E, 0x01, 0xF8, 0x07, 0xE0, 0x1F, 0x80,
    0x77, 0x03, 0xDE, 0x1E, 0x3F, 0xF0, 0x7F, 0x80, 0x38, 0x00, 0x00, 0x40, 0x1C, 0x03, 0x86, 0xE1,
    0xF8, 0x7E, 0x0C, 0xC0, 0x00, 0x3F, 0x0F, 0xF3, 0xC7, 0x70, 0xEE, 0x0D, 0x81, 0xF8, 0x3F, 0x0E,
    0xE1, 0xCF, 0xF0, 0xFC, 0x06, 0x00, 0x01, 0x80, 0x07, 0x00, 0x0E, 0x00, 0xD8, 0x07, 0x80, 0x3F,
    0x00, 0xCC, 0x03, 0xF0, 0x3F, 0xF0, 0xF3, 0xE7, 0x03, 0xB8, 0x07, 0xE0, 0x1F, 0x80, 0x7E, 0x01,
    0xF8, 0x07, 0xE0, 0x1F, 0x80, 0x77, 0x03, 0xDE, 0x1E, 0x3F, 0xF0, 0x7F, 0x80, 0x38, 0x00, 0x02,
    0x00, 0xE0, 0x0E, 0x06, 0xC1, 0xE0, 0x7E, 0x0C, 0xC0, 0x00, 0x3F, 0x0F, 0xF3, 0xC7, 0x70, 0xEE,
    0x0D, 0x81, 0xF8, 0x3F, 0x0E, 0xE1, 0xCF, 0xF0, 0xFC, 0x06, 0x00, 0x00, 0xF0, 0x03, 0xC0, 0x07,
    0x00, 0xD8, 0x07, 0x80, 0x3F, 0x00, 0xCC, 0x03, 0xF0, 0x3F, 0xF0, 0xF3, 0xE7, 0x03, 0xB8, 0x07,
    0xE0, 0x1F, 0x80, 0x7E, 0x01, 0xF8, 0x07, 0xE0, 0x1F, 0x80, 0x77, 0x03, 0xDE, 0x1E, 0x3F, 0xF0,
    0x7F, 0x80, 0x38, 0x00, 0x01, 0x80, 0x78, 0x03, 0x86, 0xE1, 0xF8, 0x7E, 0x0C, 0xC0, 0x00, 0x3F,
    0x0F, 0xF3, 0xC7, 0x70, 0xEE, 0x0D, 0x81, 0xF8, 0x3F, 0x0E, 0xE1, 0xCF, 0xF0, 0xFC, 0x06, 0x00,
    0x0F, 0xE0, 0x3F, 0x00, 0x98, 0x00, 0xC0, 0x07, 0x80, 0x3F, 0x00, 0xCC, 0x03, 0xF0, 0x3F, 0xF0,
    0xF3, 0xE7, 0x03, 0xB8, 0x07, 0xE0, 0x1F, 0x80, 0x7E, 0x01, 0xF8, 0x07, 0xE0, 0x1F, 0x80, 0x77,
    0x03, 0xDE, 0x1E, 0x3F, 0xF0, 0x7F, 0x80, 0x38, 0x00, 0x3D, 0x87, 0xE0, 0x98, 0x06, 0x01, 0xE0,
    0x7E, 0x0C, 0xC0, 0x00, 0x3F, 0x0F, 0xF3, 0xC7, 0x70, 0xEE, 0x0D, 0x81, 0xF8, 0x3F, 0x0E, 0xE1,
    0xCF, 0xF0, 0xFC, 0x06, 0x00, 0x01, 0x00, 0x0E, 0x00, 0x7C, 0x03, 0x30, 0x00, 0x00, 0x3F, 0x03,
    0xFF, 0x0F, 0x3E, 0x70, 0x3B, 0x80, 0x7E, 0x01, 0xF8, 0x07, 0xE0, 0x1F, 0x80, 0x7E, 0x01, 0xF8,
    0x07, 0x70, 0x3D, 0xE1, 0xE3, 0xFF, 0x07, 0xF8, 0x03, 0x80, 0x0C, 0x00, 0x38, 0x00, 0xC0, 0x00,
    0x01, 0x80, 0x78, 0x1F, 0x83, 0x30, 0x00, 0x0F, 0xC3, 0xFC, 0xF1, 0xDC, 0x3B, 0x83, 0x60, 0x7E,
    0x0F, 0xC3, 0xB8, 0x73, 0xFC, 0x3F, 0x01, 0x80, 0x30, 0x07, 0x00, 0xC0, 0x00, 0x80, 0x03, 0x80,
    0x0E, 0x00, 0x18, 0x60, 0x20, 0xC1, 0xFB, 0x8F, 0xFF, 0x1E, 0x7C, 0x70, 0x39, 0xC0, 0x3B, 0x80,
    0x77, 0x00, 0xEE, 0x01, 0xDC, 0x03, 0xB8, 0x07, 0x70, 0x0E, 0x70, 0x3C, 0xF0, 0xF0, 0xFF, 0xC0,
    0xFF, 0x00, 0x38, 0x00, 0x00, 0x00, 0x70, 0x07, 0x00, 0xE0, 0x0C, 0x60, 0x06, 0x3F, 0xE7, 0xFE,
    0xF1, 0xCE, 0x1C, 0xE0, 0xCC, 0x0E, 0xE0, 0xEE, 0x1C, 0xE1, 0xC7, 0xF8, 0x3F, 0x00, 0xC0, 0x04,
    0x00, 0x1C, 0x00, 0x1C, 0x00, 0x1C, 0x60, 0x10, 0xC1, 0xFB, 0x8F, 0xFF, 0x1E, 0x7C, 0x70, 0x39,
    0xC0, 0x3B, 0x80, 0x77, 0x00, 0xEE, 0x01, 0xDC, 0x03, 0xB8, 0x07, 0x70, 0x0E, 0x70, 0x3C, 0xF0,
    0xF0, 0xFF, 0xC0, 0xFF, 0x00, 0x38, 0x00, 0x00, 0x01, 0x80, 0x1C, 0x00, 0xE0, 0x06, 0x60, 0x06,
    0x3F, 0xE7, 0xFE, 0xF1, 0xCE, 0x1C, 0xE0, 0xCC, 0x0E, 0xE0, 0xEE, 0x1C, 0xE1, 0xC7, 0xF8, 0x3F,
    0x00, 0xC0, 0x02, 0x00, 0x0F, 0x00, 0x06, 0x00, 0x1C, 0x60, 0x30, 0xC1, 0xFB, 0x8F, 0xFF, 0x1E,
    0x7C, 0x70, 0x39, 0xC0, 0x3B, 0x80, 0x77, 0x00, 0xEE, 0x01, 0xDC, 0x03, 0xB8, 0x07, 0x70, 0x0E,
    0x70, 0x3C, 0xF0, 0xF0, 0xFF, 0xC0, 0xFF, 0x00, 0x38, 0x00, 0x1E, 0x01, 0xE0, 0x0E, 0x00, 0xE6,
    0x0C, 0x63, 0xFE, 0x7F, 0xEF, 0x1C, 0xE1, 0xCE, 0x0C, 0xC0, 0xEE, 0x0E, 0xE1, 0xCE, 0x1C, 0x7F,
    0x83, 0xF0, 0x0C, 0x00, 0x06, 0x40, 0x1F, 0xC0, 0x3F, 0x30, 0x00, 0x60, 0xFD, 0xC7, 0xFF, 0x8F,
    0x3E, 0x38, 0x1C, 0xE0, 0x1D, 0xC0, 0x3B, 0x80, 0x77, 0x00, 0xEE, 0x01, 0xDC, 0x03, 0xB8, 0x07,
    0x38, 0x1E, 0x78, 0x78, 0x7F, 0xE0, 0x7F, 0x80, 0x1C, 0x00, 0x00, 0x03, 0xF8, 0x3F, 0x00, 0x06,
    0x00, 0x63, 0xFE, 0x7F, 0xEF, 0x1C, 0xE1, 0xCE, 0x0C, 0xC0, 0xEE, 0x0E, 0xE1, 0xCE, 0x1C, 0x7F,
    0x83, 0xF0, 0x0C, 0x00, 0x00, 0x0C, 0x00, 0x18, 0x3F, 0x71, 0xFF, 0xE3, 0xCF, 0x8E, 0x07, 0x38,
    0x07, 0x70, 0x0E, 0xE0, 0x1D, 0xC0, 0x3B, 0x80, 0x77, 0x00, 0xEE, 0x01, 0xCE, 0x07, 0x9E, 0x1E,
    0x1F, 0xF8, 0x1F, 0xE0, 0x07, 0x00, 0x0C, 0x00, 0x1C, 0x00, 0x30, 0x00, 0x00, 0x00, 0x06, 0x00,
    0x63, 0xFE, 0x7F, 0xEF, 0x1C, 0xE1, 0xCE, 0x0C, 0xC0, 0xEE, 0x0E, 0xE1, 0xCE, 0x1C, 0x7F, 0x83,
    0xF0, 0x0C, 0x00, 0xC0, 0x0E, 0x00, 0xC0, 0xE0, 0x7E, 0x07, 0xE0, 0x7E, 0x07, 0xE0, 0x7E, 0x07,
    0xE0, 0x7E, 0x07, 0xE0, 0x7E, 0x07, 0xE0, 0x76, 0x07, 0x70, 0xE7, 0xFE, 0x3F, 0xC0, 0x70, 0x06,
    0x00, 0x70, 0x06, 0x00, 0xE1, 0xF8, 0x7E, 0x1F, 0x87, 0xE1, 0xF8, 0x7E, 0x1F, 0x87, 0xE1, 0xDF,
    0xF3, 0xFC, 0x38, 0x0C, 0x07, 0x80, 0xC0, 0x04, 0x00, 0xF0, 0x03, 0x00, 0x70, 0x06, 0x0E, 0x07,
    0xE0, 0x7E, 0x07, 0xE0, 0x7E, 0x07, 0xE0, 0x7E, 0x07, 0xE0, 0x7E, 0x07, 0xE0, 0x7E, 0x07, 0x60,
    0x77, 0x0E, 0x7F, 0xE3, 0xFC, 0x07, 0x00, 0x1C, 0x07, 0x80, 0xE0, 0x30, 0x0C, 0x38, 0x7E, 0x1F,
    0x87, 0xE1, 0xF8, 0x7E, 0x1F, 0x87, 0xE1, 0xF8, 0x77, 0xFC, 0xFF, 0x0E, 0x00, 0x01, 0x00, 0x07,
    0x00, 0x1C, 0x00, 0x30, 0x70, 0x40, 0xFC, 0x0F, 0xB8, 0x1F, 0x70, 0x38, 0xE0, 0x71, 0xC0, 0xE3,
    0x81, 0xC7, 0x03, 0x8E, 0x07, 0x1C, 0x0E, 0x38, 0x1C, 0x70, 0x38, 0x60, 0x70, 0xE1, 0xC1, 0xFF,
    0x81, 0xFE, 0x00, 0x70, 0x00, 0x00, 0x00, 0x60, 0x0E, 0x00, 0xC0, 0x18, 0x30, 0x07, 0xE1, 0xFE,
    0x1E, 0xE1, 0xCE, 0x1C, 0xE1, 0xCE, 0x1C, 0xE1, 0xCE, 0x1C, 0xE1, 0xC7, 0xFC, 0x3F, 0xC0, 0xE0,
    0x00, 0x00, 0x18, 0x00, 0x38, 0x00, 0x38, 0x70, 0x20, 0xFC, 0x0F, 0xB8, 0x1F, 0x70, 0x38, 0xE0,
    0x71, 0xC0, 0xE3, 0x81, 0xC7, 0x03, 0x8E, 0x07, 0x1C, 0x0E, 0x38, 0x1C, 0x70, 0x38, 0x60, 0x70,
    0xE1, 0xC1, 0xFF, 0x81, 0xFE, 0x00, 0x70, 0x00, 0x00, 0x03, 0x80, 0x3C, 0x01, 0xC0, 0x0C, 0x30,
    0x07, 0xE1, 0xFE, 0x1E, 0xE1, 0xCE, 0x1C, 0xE1, 0xCE, 0x1C, 0xE1, 0xCE, 0x1C, 0xE1, 0xC7, 0xFC,
    0x3F, 0xC0, 0xE0, 0x04, 0x00, 0x1E, 0x00, 0x0C, 0x00, 0x38, 0x70, 0x60, 0xFC, 0x0F, 0xB8, 0x1F,
    0x70, 0x38, 0xE0, 0x71, 0xC0, 0xE3, 0x81, 0xC7, 0x03, 0x8E, 0x07, 0x1C, 0x0E, 0x38, 0x1C, 0x70,
    0x38, 0x60, 0x70, 0xE1, 0xC1, 0xFF, 0x81, 0xFE, 0x00, 0x70, 0x00, 0x1C, 0x01, 0xE0, 0x0E, 0x00,
    0xC3, 0x0C, 0x7E, 0x1F, 0xE1, 0xEE, 0x1C, 0xE1, 0xCE, 0x1C, 0xE1, 0xCE, 0x1C, 0xE1, 0xCE, 0x1C,
    0x7F, 0xC3, 0xFC, 0x0E, 0x00, 0x0C, 0xC0, 0x3F, 0x80, 0x7E, 0x38, 0x00, 0x7E, 0x07, 0xDC, 0x0F,
    0xB8, 0x1C, 0x70, 0x38, 0xE0, 0x71, 0xC0, 0xE3, 0x81, 0xC7, 0x03, 0x8E, 0x07, 0x1C, 0x0E, 0x38,
    0x1C, 0x30, 0x38, 0x70, 0xE0, 0xFF, 0xC0, 0xFF, 0x00, 0x38, 0x00, 0x01, 0x03, 0xF8, 0x7F, 0x00,
    0x03, 0x00, 0x7E, 0x1F, 0xE1, 0xEE, 0x1C, 0xE1, 0xCE, 0x1C, 0xE1, 0xCE, 0x1C, 0xE1, 0xCE, 0x1C,
    0x7F, 0xC3, 0xFC, 0x0E, 0x00, 0x00, 0x0E, 0x00, 0x1F, 0x81, 0xF7, 0x03, 0xEE, 0x07, 0x1C, 0x0E,
    0x38, 0x1C, 0x70, 0x38, 0xE0, 0x71, 0xC0, 0xE3, 0x81, 0xC7, 0x03, 0x8E, 0x07, 0x0C, 0x0E, 0x1C,
    0x38, 0x3F, 0xF0, 0x3F, 0xC0, 0x0E, 0x00, 0x18, 0x00, 0x38, 0x00, 0x60, 0x00, 0x00, 0x00, 0x03,
    0x00, 0x7E, 0x1F, 0xE1, 0xEE, 0x1C, 0xE1, 0xCE, 0x1C, 0xE1, 0xCE, 0x1C, 0xE1, 0xCE, 0x1C, 0x7F,
    0xC3, 0xFC, 0x0E, 0x00, 0xC0, 0x1E, 0x00, 0xC0, 0x0C, 0x00, 0x70, 0x01, 0xC0, 0x06, 0x00, 0x00,
    0x70, 0x1D, 0xC1, 0xCE, 0x1C, 0x38, 0xE1, 0xCE, 0x07, 0x70, 0x3F, 0x00, 0xF8, 0x03, 0x80, 0x1C,
    0x00, 0xE0, 0x07, 0x00, 0x38, 0x01, 0xC0, 0x0E, 0x00, 0x18, 0x03, 0x80, 0x38, 0x03, 0x00, 0x00,
    0x00, 0x38, 0x37, 0x0E, 0x71, 0xCE, 0x31, 0xC6, 0x1D, 0xC3, 0xB8, 0x36, 0x07, 0xC0, 0x70, 0x0E,
    0x01, 0xC0, 0x70, 0x7E, 0x0F, 0x80, 0xE0, 0x37, 0x03, 0x9C, 0x1C, 0xE1, 0xC3, 0x8E, 0x0E, 0xE0,
    0x7E, 0x01, 0xF0, 0x0F, 0x00, 0x38, 0x01, 0xC0, 0x0E, 0x00, 0x70, 0x03, 0x80, 0x1C, 0x00, 0x00,
    0x06, 0x00, 0x38, 0x01, 0xC0, 0xE0, 0xF8, 0x76, 0x1D, 0xC6, 0x71, 0x8C, 0xE3, 0xB8, 0x6C, 0x1F,
    0x07, 0x80, 0xE0, 0x38, 0x1C, 0xFE, 0x7F, 0x1C, 0x06, 0x00, 0x78, 0x00, 0xE0, 0x0E, 0x00, 0x60,
    0x70, 0x1B, 0x81, 0xCE, 0x0E, 0x70, 0xE1, 0xC7, 0x07, 0x70, 0x3F, 0x00, 0xF8, 0x07, 0x80, 0x1C,
    0x00, 0xE0, 0x07, 0x00, 0x38, 0x01, 0xC0, 0x0E, 0x00, 0x1E, 0x07, 0x80, 0xE0, 0x38, 0x0C, 0x38,
    0x3E, 0x1D, 0x87, 0x71, 0x9C, 0x63, 0x38, 0xEE, 0x1B, 0x07, 0xC1, 0xE0, 0x38, 0x0E, 0x07, 0x0F,
    0x83, 0xC0, 0x1E, 0xC0, 0xFE, 0x04, 0xE0, 0x00, 0x0E, 0x03, 0x70, 0x39, 0xC1, 0xCE, 0x1C, 0x38,
    0xE0, 0xEE, 0x07, 0xE0, 0x1F, 0x00, 0xF0, 0x03, 0x80, 0x1C, 0x00, 0xE0, 0x07, 0x00, 0x38, 0x01,
    0xC0, 0x00, 0x0F, 0xE3, 0xF0, 0x00, 0x00, 0x38, 0x3E, 0x1D, 0x87, 0x71, 0x9C, 0x63, 0x38, 0xEE,
    0x1B, 0x07, 0xC1, 0xE0, 0x38, 0x0E, 0x07, 0x0F, 0x83, 0xC0, 0xFF, 0xFF, 0xFF, 0xFF, 0x49, 0xE3,
    0x1E, 0x78, 0xC3, 0x0C, 0x30, 0xC3, 0x0C, 0x30, 0xC3, 0x0C, 0x00, 0x47, 0xBF, 0xFB, 0x4C, 0x30,
    0xC3, 0x0C, 0x30, 0xC3, 0x0C, 0x30, 0xC0, 0x00, 0x00, 0x87, 0xBF, 0x7C, 0xB0, 0xC3, 0x0C, 0x30,
    0xC3, 0x0C, 0x30, 0xC3, 0x0C, 0x00, 0x7F, 0xF7, 0xC0, 0x7F, 0xF7, 0xC0, 0x7F, 0xF7, 0xFF, 0x7F,
    0xFF, 0xFD, 0xFF, 0xFF, 0xF0, 0x7F, 0xFF, 0xFD, 0xFF, 0xFF, 0xF0, 0x66, 0xEE, 0xE0, 0x77, 0x76,
    0xE0, 0x77, 0x76, 0xE0, 0x66, 0x6E, 0xEE, 0xEE, 0xEE, 0x77, 0x77, 0x77, 0x66, 0xEE, 0x77, 0x77,
    0x77, 0x66, 0xEE, 0x0C, 0x03, 0x00, 0xC0, 0x30, 0x0C, 0x3F, 0xFF, 0xFC, 0x30, 0x0C, 0x03, 0x00,
    0xC0, 0x30, 0x0C, 0x03, 0x00, 0xC0, 0x30, 0x0C, 0x03, 0x00, 0x0C, 0x03, 0x00, 0xC0, 0x30, 0x0C,
    0x3F, 0xFF, 0xFC, 0x30, 0x0C, 0x03, 0x0F, 0xFF, 0xFF, 0x0C, 0x03, 0x00, 0xC0, 0x30, 0x0C, 0x03,
    0x00, 0x7B, 0xFF, 0xFF, 0x78, 0xE1, 0xC3, 0xF0, 0xE1, 0xF8, 0x70, 0xE0, 0x7C, 0x38, 0x00, 0xEE,
    0x38, 0x00, 0xC6, 0x70, 0x00, 0xC6, 0x70, 0x00, 0xC6, 0xE0, 0x00, 0xEE, 0xC0, 0x00, 0x7D, 0xC0,
    0x00, 0x01, 0x80, 0x00, 0x03, 0xBE, 0x3E, 0x03, 0x77, 0x77, 0x07, 0x63, 0x63, 0x0E, 0x63, 0x63,
    0x0E, 0x63, 0x63, 0x1C, 0x77, 0x77, 0x1C, 0x3E, 0x3E, 0x18, 0xE3, 0x9C, 0xE1, 0xC3, 0x8E, 0x18,
    0x61, 0xC3, 0x0E, 0x1C, 0xE3, 0x1C, 0x60, 0x00, 0xE0, 0x38, 0x07, 0x01, 0xC0, 0x30, 0x0E, 0x01,
    0x80, 0x70, 0x0C, 0x03, 0x80, 0x60, 0x1C, 0x07, 0x00, 0xE0, 0x38, 0x00, 0x6E, 0xE4, 0x00, 0xE6,
    0x77, 0x31, 0x7C, 0xDF, 0x9F, 0x3E, 0x7C, 0xDB, 0xBE, 0x0C, 0x1C, 0x3C, 0x7C, 0x6C, 0xFE, 0x0C,
    0x0C, 0x7E, 0xC1, 0x83, 0xE1, 0xE0, 0xD3, 0xBE, 0x1E, 0x71, 0x83, 0xEE, 0xEC, 0xDB, 0x9E, 0xFE,
    0x1C, 0x70, 0xC1, 0x87, 0x0C, 0x18, 0x7C, 0xDD, 0x9B, 0xE7, 0xFC, 0xFB, 0xBE, 0x7C, 0xDF, 0x9F,
    0x37, 0xE1, 0xCF, 0x3C, 0x7C, 0xDF, 0x9F, 0x3E, 0x7C, 0xDB, 0xBE, 0x3F, 0xF3, 0x33, 0x33, 0x7C,
    0xD8, 0x38, 0xE3, 0xCF, 0x18, 0x3F, 0x7C, 0xD8, 0x31, 0xE0, 0xE0, 0xD3, 0xFE, 0x0C, 0x1C, 0x3C,
    0x7C, 0x6C, 0xFE, 0x0C, 0x0C, 0x7E, 0xC1, 0x83, 0xE1, 0xE0, 0xD3, 0xBE, 0x1E, 0x71, 0x83, 0xEE,
    0xEC, 0xDB, 0x9E, 0xFE, 0x1C, 0x70, 0xC1, 0x87, 0x0C, 0x18, 0x7C, 0xDD, 0x9B, 0xE7, 0xFC, 0xFB,
    0xBE, 0x7C, 0xDF, 0x9F, 0x37, 0xE1, 0xCF, 0x3C, 0xFF, 0x8F, 0xFF, 0x3E, 0x0C, 0xF9, 0x33, 0xEE,
    0xCF, 0xBB, 0x3E, 0xEC, 0xFB, 0xB3, 0xEE, 0xCF, 0xB8, 0x7E, 0xE1, 0xFB, 0xFE, 0xEF, 0xF8, 0x00,
    0xC0, 0x0C, 0x1F, 0xF0, 0xFF, 0x1C, 0xC3, 0xFC, 0x7F, 0xCE, 0x1C, 0xE0, 0xCE, 0x0C, 0xC0, 0xCE,
    0x0C, 0xE0, 0xCE, 0x1C, 0x7F, 0xC3, 0xFC, 0x0C, 0x03, 0xFC, 0x7F, 0xE7, 0xFE, 0x07, 0xE0, 0xFE,
    0x1E, 0x21, 0xC0, 0x7F, 0xC7, 0xFC, 0x38, 0x07, 0xF8, 0x7F, 0x81, 0x80, 0x1C, 0x01, 0xF2, 0x0F,
    0xF0, 0x7F, 0xFF, 0xEF, 0xFE, 0x06, 0x00, 0x60, 0x07, 0xC0, 0x7C, 0x1F, 0x83, 0xE0, 0x37, 0xC0,
    0x7C, 0x1F, 0x83, 0xE0, 0x36, 0x00, 0x60, 0x06, 0x00, 0x3F, 0x83, 0xFC, 0x33, 0xC0, 0x0C, 0x00,
    0xCF, 0xFE, 0x07, 0x81, 0xE0, 0xFF, 0xE7, 0x00, 0x70, 0x07, 0x00, 0x3C, 0xC3, 0xFE, 0x1F, 0xC0,
    0xFF, 0xFF, 0xFC, 0x1C, 0x01, 0xCF, 0xFD, 0xFF, 0x80, 0xE0, 0x78, 0xFF, 0x1F, 0x83, 0xC0, 0x1C,
    0x01, 0xC0, 0x1C, 0x01, 0xC0, 0x3F, 0x03, 0xFC, 0x33, 0xC0, 0x0E, 0x00, 0xE1, 0xFE, 0x3F, 0xE7,
    0x9F, 0x70, 0x76, 0x06, 0x60, 0x66, 0x0E, 0x60, 0xE7, 0xBC, 0x3F, 0x81, 0xF0, 0x07, 0x00, 0x1E,
    0x00, 0xF8, 0x03, 0xF0, 0x0D, 0xC0, 0x73, 0x81, 0x8E, 0x0E, 0x18, 0x38, 0x70, 0xC1, 0xC7, 0x03,
    0x1C, 0x0E, 0x60, 0x3B, 0xFF, 0xEF, 0xFF, 0xC0, 0xFF, 0xFF, 0xFF, 0xE0, 0x7E, 0x07, 0xE0, 0x7E,
    0x07, 0xE0, 0x7E, 0x07, 0xE0, 0x7E, 0x07, 0xE0, 0x7E, 0x07, 0xE0, 0x7E, 0x07, 0xE0, 0x7E, 0x07,
    0xE0, 0x70, 0xFF, 0xFF, 0xFD, 0xC0, 0x38, 0x03, 0x80, 0x38, 0x07, 0x00, 0x70, 0x07, 0x01, 0xC0,
    0x70, 0x1E, 0x03, 0x80, 0xE0, 0x38, 0x07, 0xFF, 0xFF, 0xE0, 0xFF, 0xFF, 0xF0, 0x00, 0xE0, 0x38,
    0x07, 0x01, 0xC0, 0x30, 0x0E, 0x01, 0x80, 0x70, 0x0C, 0x03, 0x80, 0x60, 0x1C, 0x07, 0x00, 0xE0,
    0x38, 0x00, 0xFF, 0x80, 0x00, 0x30, 0x01, 0x80, 0x1C, 0x00, 0xC0, 0x06, 0x00, 0x70, 0x03, 0x80,
    0x18, 0x70, 0xC7, 0xCE, 0x3E, 0x60, 0x3B, 0x01, 0xF8, 0x07, 0x80, 0x3C, 0x00, 0xE0, 0x06, 0x00,
    0x7D, 0xE7, 0xFF, 0xE7, 0x3E, 0x73, 0x7F, 0xF7, 0xDE, 0x0F, 0x1F, 0x1E, 0x18, 0x18, 0x18, 0x18,
    0x18, 0x18, 0x18, 0x18, 0x18, 0x18, 0x18, 0x18, 0x38, 0x38, 0x78, 0xF8, 0xF0, 0x3C, 0x6F, 0xFD,
    0xBF, 0xB1, 0xE3, 0xC6, 0xFF, 0xDB, 0xFB, 0x1E, 0x03, 0x00, 0xC0, 0x73, 0xFF, 0xFF, 0xC3, 0x80,
    0xC0, 0x70, 0xFF, 0xFF, 0xF3, 0x01, 0xC0, 0x60, 0x00, 0x01, 0xC3, 0xF7, 0xFB, 0xF0, 0xF0, 0x3F,
    0x07, 0xF8, 0x3F, 0x01, 0xC0, 0x0F, 0xFF, 0xFF, 0xE0, 0x3F, 0x07, 0xF8, 0x3F, 0x03, 0xC3, 0xF7,
    0xFB, 0xF0, 0xE0, 0x00, 0x0F, 0xFF, 0xFF, 0x3F, 0x3F, 0x7E, 0x7F, 0x72, 0x72, 0xE0, 0x60, 0xE0,
    0x60, 0xFE, 0xFE, 0xFE, 0xFE, 0xE0, 0xE0, 0xE0, 0xE0, 0xE0, 0xE0, 0xE0, 0xE0, 0xE0, 0xE0, 0xE0,
    0xE0, 0xE0, 0xE0, 0xE0, 0xE0, 0xE0, 0xE0, 0x3E, 0xE7, 0xEE, 0x70, 0x0E, 0x00, 0xE0, 0x0F, 0xEE,
    0xFE, 0xEE, 0x0E, 0xE0, 0xEE, 0x0E, 0xE0, 0xEE, 0x0E, 0xE0, 0xEE, 0x0E, 0xE0, 0xEE, 0x0E, 0x3E,
    0x63, 0xF7, 0x1C, 0x39, 0xC1, 0xCE, 0x0E, 0x7F, 0x73, 0xFB, 0x9C, 0x1C, 0xE0, 0xE7, 0x07, 0x38,
    0x39, 0xC1, 0xCE, 0x0E, 0x70, 0x3B, 0x81, 0xFC, 0x0F, 0x3F, 0x3E, 0x67, 0xE7, 0xE6, 0x72, 0x72,
    0x0E, 0x06, 0x00, 0xE0, 0x60, 0x0F, 0xEF, 0xE6, 0xFE, 0xFE, 0x6E, 0x0E, 0x06, 0xE0, 0xE0, 0x6E,
    0x0E, 0x06, 0xE0, 0xE0, 0x6E, 0x0E, 0x06, 0xE0, 0xE0, 0x6E, 0x0E, 0x06, 0xE0, 0xE0, 0x6E, 0x0E,
    0x06, 0x3F, 0x3E, 0x63, 0xF3, 0xF3, 0x1C, 0x9C, 0x99, 0xC0, 0xC0, 0xCE, 0x06, 0x06, 0x7F, 0x7F,
    0x33, 0xFB, 0xF9, 0x9C, 0x1C, 0x0C, 0xE0, 0xE0, 0x67, 0x07, 0x03, 0x38, 0x38, 0x19, 0xC1, 0xC0,
    0xCE, 0x0E, 0x06, 0x70, 0x70, 0x3B, 0x83, 0x81, 0xFC, 0x1C, 0x07, 0x00, 0x00, 0x20, 0x00, 0x06,
    0x60, 0x00, 0x7E, 0x00, 0x07, 0xE0, 0x00, 0x3E, 0x00, 0x03, 0xE0, 0x00, 0x77, 0xFF, 0xFE, 0x3F,
    0xFF, 0xC0, 0xFF, 0xC0, 0x00, 0x00, 0x00, 0x01, 0x00, 0x01, 0xF8, 0x00, 0x0F, 0x80, 0x00, 0x60,
    0x00, 0x06, 0x00, 0x00, 0x00, 0x00, 0x00, 0x00, 0x00, 0x60, 0x00, 0x00, 0xE0, 0x00, 0x00, 0xE0,
    0x00, 0x30, 0xE0, 0x00, 0x78, 0xE0, 0x01, 0xF8, 0x7F, 0xFF, 0xFF, 0x3F, 0xFF, 0x1F, 0x0F, 0xF0,
    0x00, 0x00, 0x00, 0x00, 0x00, 0x00, 0x00, 0x01, 0xF0, 0x00, 0x01, 0xB0, 0x00, 0x00, 0xE0, 0x00,
    0x00, 0xE0, 0x00, 0x00, 0x40, 0x00, 0x08, 0x71, 0xC3, 0x0C, 0x30, 0xDF, 0x78, 0x00, 0x1F, 0x6C,
    0xE3, 0x84, 0x1C, 0x0C, 0x06, 0x07, 0x0F, 0xFF, 0xFC, 0x00, 0x00, 0x7C, 0x3E, 0x06, 0x07, 0x00,
    0x00, 0x00, 0x00, 0x00, 0x0C, 0x00, 0x00, 0xF8, 0x00, 0x0F, 0x80, 0x00, 0xF8, 0x00, 0x1F, 0x80,
    0x00, 0xF0, 0x20, 0x00, 0x06, 0x60, 0x00, 0x7E, 0x00, 0x07, 0xE0, 0x00, 0x3E, 0x00, 0x03, 0xE0,
    0x00, 0x77, 0xFF, 0xFE, 0x3F, 0xFF, 0xC0, 0xFF, 0xC0, 0x00, 0x00, 0x00, 0x00, 0xC0, 0x00, 0x00,
    0xF8, 0x00, 0x00, 0xF8, 0x00, 0x00, 0xFC, 0x00, 0x01, 0xF8, 0x00, 0x00, 0xF0, 0x00, 0x00, 0x00,
    0x00, 0x60, 0x00, 0x00, 0xE0, 0x00, 0x00, 0xE0, 0x00, 0x30, 0xE0, 0x00, 0x78, 0xE0, 0x01, 0xF8,
    0x7F, 0xFF, 0xFF, 0x3F, 0xFF, 0x1F, 0x0F, 0xF0, 0x00, 0x01, 0x87, 0x9F, 0x6F, 0xFF, 0x00, 0x10,
    0xC3, 0x0E, 0x38, 0x63, 0xBC, 0xF0, 0x00, 0x00, 0x18, 0x0F, 0x07, 0xC3, 0xE3, 0xF0, 0xF0, 0x00,
    0x00, 0x0E, 0x06, 0x03, 0x03, 0x87, 0xFF, 0xFE, 0x00, 0x7E, 0x07, 0xFE, 0x13, 0xFE, 0x07, 0xF0,
    0xFC, 0x0F, 0x00, 0xE0, 0x0E, 0x00, 0x67, 0xC7, 0x36, 0x30, 0xC1, 0x87, 0x0C, 0x00, 0x70, 0x01,
    0xE0, 0x07, 0xFF, 0x1F, 0xF8, 0x0C, 0x00, 0x7E, 0x00, 0x7F, 0xE0, 0x13, 0xFE, 0x00, 0x7F, 0x00,
    0xFF, 0x00, 0xF3, 0x80, 0xE0, 0xE0, 0xE0, 0x7E, 0x67, 0xDF, 0x73, 0x60, 0x30, 0xC0, 0x18, 0x70,
    0x0C, 0x00, 0x07, 0x00, 0x01, 0xE0, 0x00, 0x7F, 0xF0, 0x1F, 0xF8, 0x00, 0xC0, 0x00, 0x38, 0x07,
    0xF0, 0x7F, 0x80, 0x1F, 0x03, 0xF0, 0xF8, 0xFE, 0x0F, 0x80, 0x00, 0x00, 0x80, 0x1F, 0x81, 0xF0,
    0x06, 0x00, 0xE0, 0x00, 0x00, 0x38, 0x00, 0xFE, 0x01, 0xFE, 0x00, 0x0F, 0x80, 0x3F, 0x01, 0xFC,
    0x3F, 0x9F, 0x7C, 0x1F, 0x00, 0x00, 0x00, 0x00, 0x6C, 0x00, 0xD8, 0x00, 0xE0, 0x01, 0xC0, 0x01,
    0x00, 0x00, 0x00, 0x0C, 0x07, 0x83, 0xE1, 0xB1, 0xF0, 0xF0, 0x00, 0x00, 0x03, 0x03, 0x80, 0xE0,
    0x30, 0x1C, 0x06, 0x03, 0x41, 0xBF, 0xDF, 0xC0, 0x00, 0x00, 0x00, 0xC0, 0x07, 0x80, 0x3E, 0x01,
    0xB0, 0x1F, 0x80, 0xF0, 0x00, 0x00, 0x00, 0x00, 0x30, 0x03, 0x80, 0x0E, 0x00, 0x30, 0x01, 0xC0,
    0x06, 0x00, 0x38, 0x41, 0xC3, 0xFF, 0x9F, 0xDC, 0x00, 0x00, 0x00, 0x1C, 0x1C, 0x36, 0x3E, 0x12,
    0x00, 0x00, 0x0C, 0x0E, 0x06, 0x07, 0x07, 0x07, 0x06, 0x0E, 0x1C, 0x7C, 0xF0, 0x60, 0x00, 0x03,
    0x80, 0x70, 0x1B, 0x03, 0xE0, 0x08, 0x00, 0x00, 0x00, 0x0C, 0x01, 0xC0, 0x18, 0x03, 0x80, 0x70,
    0x0F, 0x81, 0xF8, 0x70, 0x1C, 0x0F, 0x83, 0xE0, 0x30, 0x00, 0x00, 0x18, 0x1E, 0x1F, 0x1B, 0x3F,
    0x3C, 0x00, 0x00, 0x0C, 0x0E, 0x06, 0x07, 0x07, 0x07, 0x06, 0x0E, 0x1C, 0x7C, 0xF0, 0x60, 0x00,
    0x06, 0x00, 0x78, 0x0F, 0x83, 0xB0, 0x7C, 0x0F, 0x00, 0x00, 0x00, 0x01, 0x80, 0x38, 0x03, 0x00,
    0x70, 0x0E, 0x01, 0xF0, 0x3F, 0x0E, 0x03, 0x81, 0xF0, 0x7C, 0x06, 0x00, 0x00, 0x00, 0x40, 0x00,
    0x3C, 0x00, 0x1F, 0x00, 0x0F, 0x80, 0x03, 0xC0, 0x00, 0x70, 0x00, 0x0F, 0x00, 0x00, 0xF0, 0x60,
    0x07, 0x1C, 0x00, 0x73, 0x80, 0x06, 0x70, 0x00, 0xCE, 0x00, 0x18, 0xFF, 0xFF, 0x0F, 0xFF, 0xC0,
    0x7F, 0xC0, 0x00, 0x00, 0x40, 0x00, 0x07, 0x80, 0x00, 0x7C, 0x00, 0x07, 0xC0, 0x00, 0x3C, 0x00,
    0x00, 0xE0, 0x00, 0x03, 0xC0, 0x00, 0x07, 0x80, 0x60, 0x0F, 0x03, 0x80, 0x1E, 0x0E, 0x00, 0x38,
    0x38, 0x00, 0x70, 0xE0, 0x01, 0xE1, 0xFF, 0xFF, 0xE3, 0xFF, 0xF7, 0xC3, 0xFE, 0x00, 0x01, 0x83,
    0xC7, 0xCF, 0x87, 0x07, 0x01, 0xC0, 0x70, 0x1C, 0x07, 0x01, 0x80, 0xE0, 0x77, 0xF3, 0xF0, 0x00,
    0x01, 0x80, 0x78, 0x1F, 0x07, 0xC0, 0x70, 0x0E, 0x00, 0x70, 0x03, 0x80, 0x1C, 0x00, 0xE0, 0x06,
    0x00, 0x70, 0x07, 0x8F, 0xFF, 0xFC, 0xF0, 0x00, 0x00, 0x00, 0x00, 0x00, 0x30, 0x00, 0x1E, 0x00,
    0x0F, 0xA0, 0x03, 0xDE, 0x00, 0x6F, 0x80, 0x07, 0xC0, 0x01, 0xE0, 0x00, 0x38, 0x00, 0x07, 0x80,
    0x00, 0x78, 0x30, 0x03, 0x8E, 0x00, 0x39, 0xC0, 0x03, 0x38, 0x00, 0x67, 0x00, 0x0C, 0x7F, 0xFF,
    0x87, 0xFF, 0xE0, 0x3F, 0xE0, 0x00, 0x00, 0x00, 0x00, 0x00, 0x06, 0x00, 0x00, 0x78, 0x00, 0x07,
    0xD0, 0x00, 0x3D, 0xE0, 0x00, 0xDF, 0x00, 0x01, 0xF0, 0x00, 0x0F, 0x00, 0x00, 0x38, 0x00, 0x00,
    0xF0, 0x00, 0x01, 0xE0, 0x18, 0x03, 0xC0, 0xE0, 0x07, 0x83, 0x80, 0x0E, 0x0E, 0x00, 0x1C, 0x38,
    0x00, 0x78, 0x7F, 0xFF, 0xF8, 0xFF, 0xFD, 0xF0, 0xFF, 0x80, 0x00, 0x00, 0x03, 0x87, 0xC7, 0xBF,
    0x7E, 0xF9, 0xF0, 0xE0, 0xE0, 0x38, 0x0E, 0x03, 0x80, 0xE0, 0x30, 0x1C, 0x0E, 0xFE, 0x7E, 0x00,
    0x00, 0x00, 0x00, 0x70, 0x1F, 0x03, 0xD8, 0xF7, 0x8D, 0xF0, 0x7C, 0x07, 0x00, 0xE0, 0x07, 0x00,
    0x38, 0x01, 0xC0, 0x0E, 0x00, 0x60, 0x07, 0x00, 0x78, 0xFF, 0xFF, 0xCF, 0x00, 0x00, 0x00, 0x10,
    0x00, 0xE0, 0x03, 0x98, 0x06, 0x60, 0x1B, 0x80, 0x7E, 0x01, 0xF8, 0x06, 0xE0, 0x39, 0xE3, 0xC3,
    0xFF, 0x07, 0xF0, 0x00, 0x38, 0x00, 0x1C, 0x18, 0x06, 0x0C, 0x03, 0x8E, 0x01, 0xF7, 0x00, 0xFF,
    0x80, 0x61, 0xC0, 0x70, 0x78, 0x78, 0x1F, 0xF8, 0x07, 0xF0, 0x00, 0x18, 0x1C, 0x3E, 0x7E, 0x67,
    0xE3, 0xE3, 0xE3, 0x7F, 0x7E, 0x3E, 0x07, 0xE0, 0xE6, 0x0E, 0x70, 0xE3, 0x0E, 0x3E, 0x61, 0xE0,
    0x00, 0x11, 0x8C, 0x73, 0x8C, 0xFE, 0xF1, 0x08, 0xE7, 0x00, 0x00, 0x06, 0x03, 0xC7, 0x79, 0xE3,
    0x78, 0x7C, 0x07, 0x80, 0xF0, 0x0E, 0x00, 0x80, 0x00, 0x00, 0x1C, 0x00, 0x78, 0x03, 0xF0, 0x0D,
    0xE0, 0x73, 0xC1, 0xCF, 0x83, 0x76, 0x0F, 0x9B, 0xFF, 0xEF, 0xFF, 0x8C, 0x18, 0x01, 0xC0, 0x0F,
    0x80, 0x7E, 0x03, 0x98, 0x0E, 0x60, 0x33, 0x80, 0xDC, 0x3F, 0xFF, 0xFF, 0xFC, 0x30, 0xC0, 0xE3,
    0x03, 0xFC, 0x07, 0xF0, 0x07, 0x00, 0x00, 0x01, 0xC0, 0x1E, 0x03, 0xF0, 0x37, 0x87, 0x3C, 0x73,
    0xE3, 0x76, 0x3E, 0x6F, 0xFE, 0xFF, 0xE0, 0x18, 0x07, 0x01, 0xF0, 0x1F, 0x83, 0xB8, 0x33, 0x83,
    0x38, 0x77, 0x0F, 0xFF, 0xFF, 0xF7, 0x1C, 0x30, 0xC3, 0xFC, 0x1F, 0x80, 0xF0, 0x06, 0x00, 0x01,
    0xE0, 0x00, 0x7E, 0x00, 0x0F, 0xC0, 0x03, 0x98, 0x00, 0xE0, 0x00, 0x38, 0x00, 0x07, 0x00, 0x00,
    0x7F, 0xFF, 0xE7, 0xFF, 0xFC, 0x1F, 0xFC, 0x00, 0x07, 0xF9, 0xFF, 0xFF, 0xF9, 0xC0, 0x0C, 0x00,
    0x7C, 0x01, 0xFF, 0xE1, 0xFF, 0x38, 0x00, 0x07, 0x00, 0x00, 0xC0, 0x00, 0x1E, 0x00, 0x03, 0x80,
    0x00, 0x0C, 0x00, 0x03, 0xC0, 0x00, 0xFC, 0x00, 0x1F, 0x80, 0x07, 0x30, 0x01, 0xC0, 0x00, 0x70,
    0x00, 0x0E, 0x00, 0x00, 0xFF, 0xFF, 0xCF, 0xFF, 0xF8, 0x3F, 0xF8, 0x38, 0x01, 0xC0, 0x0C, 0x00,
    0x78, 0x03, 0x80, 0x03, 0xFC, 0xFF, 0xFF, 0xFC, 0xE0, 0x06, 0x00, 0x3E, 0x00, 0xFF, 0xF0, 0xFF,
    0x80, 0x00, 0x1E, 0x00, 0x7F, 0x00, 0x72, 0x00, 0xE0, 0x00, 0xC0, 0x60, 0xE0, 0x60, 0xF8, 0xE0,
    0x7E, 0xE0, 0x0E, 0xE0, 0x0E, 0xE0, 0x1E, 0x78, 0x7C, 0x3F, 0xF8, 0x1F, 0xE0, 0x60, 0x00, 0x30,
    0x1C, 0x38, 0x0F, 0xDC, 0x03, 0xFE, 0x00, 0x67, 0x00, 0x71, 0xE0, 0xF0, 0x7F, 0xF0, 0x1F, 0xE0,
    0x00, 0x08, 0x71, 0xC3, 0x0C, 0x30, 0xDF, 0x78, 0x00, 0x1B, 0x6C, 0x1C, 0x0C, 0x06, 0x07, 0x0F,
    0xFF, 0xFC, 0x00, 0x00, 0x7E, 0x3E, 0x00, 0x1C, 0x3E, 0x7C, 0x60, 0x60, 0x73, 0x3F, 0xFE, 0xF8,
    0x00, 0x78, 0x7F, 0x0E, 0x00, 0x18, 0x1C, 0x1C, 0x1C, 0x1C, 0x1C, 0x1C, 0x1C, 0x1C, 0x1C, 0x1C,
    0x1C, 0x1C, 0x1C, 0x78, 0x1F, 0xC0, 0xE0, 0x00, 0x1C, 0x07, 0x01, 0xC0, 0x70, 0x1C, 0x07, 0x01,
    0xC0, 0x70, 0x1C, 0x07, 0x00, 0xC0, 0x30, 0x0C, 0x03, 0xE0, 0x78, 0x00, 0xF7, 0x31, 0xFE, 0x01,
    0x8E, 0x73, 0x9C, 0xE7, 0x39, 0xCE, 0x73, 0x9C, 0xE0, 0xF0, 0xE0, 0xC0, 0xF8, 0xE0, 0x00, 0x70,
    0x70, 0x70, 0x70, 0x70, 0x70, 0x70, 0x70, 0x70, 0x70, 0x30, 0x30, 0x30, 0x3E, 0x1E, 0x00, 0x1C,
    0x1E, 0x0E, 0x03, 0xC3, 0xC0, 0x00, 0x78, 0x7E, 0x77, 0x31, 0x98, 0xEF, 0xF3, 0xF0, 0x78, 0x1C,
    0x7C, 0x7C, 0x38, 0x00, 0x1C, 0x07, 0x80, 0xE0, 0x0F, 0x03, 0xC0, 0x00, 0x07, 0x81, 0xF8, 0x77,
    0x0C, 0x61, 0x8E, 0x3F, 0xF3, 0xFE, 0x0E, 0x01, 0xC1, 0xF0, 0x7C, 0x0E, 0x00, 0xE7, 0x39, 0xCE,
    0x73, 0x9C, 0xE7, 0x39, 0xCE, 0x31, 0x80, 0xF7, 0x31, 0xEE, 0x00, 0xE1, 0xC3, 0x87, 0x0E, 0x1C,
    0x38, 0x70, 0xE1, 0xC1, 0x83, 0x06, 0x0F, 0x8F, 0x00, 0xF1, 0xC3, 0x07, 0x8E, 0x00, 0x1C, 0x1E,
    0x38, 0x7F, 0x30, 0x72, 0x3E, 0xE0, 0x3C, 0xC0, 0x60, 0xE0, 0x60, 0xF8, 0xE0, 0x7E, 0xE0, 0x0E,
    0xE0, 0x0E, 0xE0, 0x1E, 0x78, 0x7C, 0x3F, 0xF8, 0x1F, 0xE0, 0x1C, 0x00, 0x1C, 0x00, 0x0C, 0x00,
    0x07, 0xC0, 0x03, 0xC0, 0x03, 0x00, 0x01, 0x80, 0xE1, 0xC0, 0x7E, 0xE0, 0x1F, 0xF0, 0x03, 0x38,
    0x03, 0x8F, 0x07, 0x83, 0xFF, 0x80, 0xFF, 0x00, 0x77, 0x30, 0xFF, 0x00, 0x46, 0x31, 0xCE, 0x33,
    0xFB, 0xC0, 0x78, 0x38, 0x18, 0x0F, 0x07, 0x00, 0x00, 0x60, 0x30, 0x38, 0x1C, 0x3F, 0xDD, 0xE0,
    0x00, 0xFF, 0xFF, 0xFF, 0xFF, 0xFE, 0xD8, 0xE1, 0xC3, 0x87, 0x0E, 0x1C, 0x38, 0x70, 0xE1, 0xC1,
    0x83, 0x06, 0x0F, 0x8F, 0x00, 0x00, 0x00, 0x20, 0x00, 0x06, 0x60, 0x00, 0x7E, 0x00, 0x07, 0xE0,
    0x00, 0x3E, 0x00, 0x03, 0xE0, 0x00, 0x77, 0xFF, 0xFE, 0x3F, 0xFF, 0xC0, 0xFF, 0xC0, 0x00, 0x00,
    0x00, 0x06, 0x00, 0x00, 0x60, 0x00, 0x00, 0x00, 0x00, 0x60, 0x00, 0x00, 0xE0, 0x00, 0x00, 0xE0,
    0x00, 0x30, 0xE0, 0x00, 0x78, 0xE0, 0x01, 0xF8, 0x7F, 0xFF, 0xFF, 0x3F, 0xFF, 0x1F, 0x0F, 0xF0,
    0x00, 0x00, 0x00, 0x00, 0x00, 0xE0, 0x00, 0x00, 0xE0, 0x00, 0x11, 0x8C, 0x73, 0x8C, 0xFE, 0xF0,
    0x00, 0xE6, 0x00, 0x18, 0x0C, 0x0E, 0x07, 0x0F, 0xF7, 0x78, 0x00, 0x00, 0x38, 0x1C, 0x00, 0x36,
    0x3E, 0x04, 0x00, 0x18, 0x1C, 0x3E, 0x7E, 0x67, 0xE3, 0xE3, 0xE3, 0x7F, 0x7E, 0x1F, 0x03, 0xF0,
    0x12, 0x00, 0x00, 0x03, 0x00, 0x70, 0x1F, 0x03, 0xF0, 0x73, 0x0E, 0x30, 0xE3, 0x07, 0xF0, 0x7F,
    0x80, 0xFE, 0x01, 0xE0, 0x00, 0x00, 0xF8, 0x00, 0x1F, 0x80, 0x00, 0x90, 0x20, 0x00, 0x06, 0x60,
    0x00, 0x7E, 0x00, 0x07, 0xE0, 0x00, 0x3E, 0x00, 0x03, 0xE0, 0x00, 0x77, 0xFF, 0xFE, 0x3F, 0xFF,
    0xC0, 0xFF, 0xC0, 0x00, 0xF8, 0x00, 0x01, 0xF8, 0x00, 0x00, 0x90, 0x00, 0x00, 0x00, 0x00, 0x60,
    0x00, 0x00, 0xE0, 0x00, 0x00, 0xE0, 0x00, 0x30, 0xE0, 0x00, 0x78, 0xE0, 0x01, 0xF8, 0x7F, 0xFF,
    0xFF, 0x3F, 0xFF, 0x1F, 0x0F, 0xF0, 0x00, 0xDB, 0xE4, 0x00, 0x10, 0xC3, 0x0E, 0x38, 0x63, 0xBC,
    0xF0, 0x00, 0x3E, 0x3F, 0x09, 0x00, 0x01, 0xC0, 0xC0, 0x60, 0x70, 0xFF, 0xFF, 0xC0, 0x00, 0x00,
    0x00, 0x00, 0x06, 0x00, 0x00, 0x60, 0x00, 0x0F, 0x80, 0x01, 0xF8, 0x00, 0x09, 0x02, 0x00, 0x00,
    0x66, 0x00, 0x07, 0xE0, 0x00, 0x7E, 0x00, 0x03, 0xE0, 0x00, 0x3E, 0x00, 0x07, 0x7F, 0xFF, 0xE3,
    0xFF, 0xFC, 0x0F, 0xFC, 0x00, 0x00, 0x00, 0x00, 0x00, 0x70, 0x00, 0x00, 0x60, 0x00, 0x00, 0xF8,
    0x00, 0x01, 0xF8, 0x00, 0x00, 0x90, 0x00, 0x00, 0x00, 0x00, 0x60, 0x00, 0x00, 0xE0, 0x00, 0x00,
    0xE0, 0x00, 0x30, 0xE0, 0x00, 0x78, 0xE0, 0x01, 0xF8, 0x7F, 0xFF, 0xFF, 0x3F, 0xFF, 0x1F, 0x0F,
    0xF0, 0x00, 0x01, 0xC7, 0x36, 0xF9, 0x00, 0x04, 0x30, 0xC3, 0x8E, 0x18, 0xEF, 0x3C, 0x00, 0x00,
    0x0C, 0x06, 0x07, 0xC7, 0xE1, 0x20, 0x00, 0x38, 0x18, 0x0C, 0x0E, 0x1F, 0xFF, 0xF8, 0x00, 0x7C,
    0x07, 0xFC, 0x13, 0xFC, 0x07, 0xE0, 0xF8, 0x0F, 0x00, 0xE0, 0x0E, 0x00, 0xE0, 0x07, 0x1C, 0x30,
    0xE1, 0x80, 0x0C, 0x00, 0x70, 0x01, 0xC0, 0x4F, 0xFF, 0x1F, 0xF0, 0x1C, 0x00, 0x7C, 0x01, 0xFF,
    0x01, 0x3F, 0xC0, 0x1F, 0x80, 0xFC, 0x03, 0xD8, 0x0E, 0x38, 0x38, 0x3F, 0xE0, 0x3F, 0xC7, 0x03,
    0x0E, 0x06, 0x00, 0x0C, 0x00, 0x1C, 0x00, 0x1C, 0x04, 0x3F, 0xFC, 0x1F, 0xF0, 0x07, 0x00, 0x38,
    0x07, 0xF0, 0x7F, 0x80, 0x1F, 0x03, 0xF0, 0xF8, 0xFE, 0x0F, 0x80, 0x00, 0x00, 0x00, 0x06, 0x00,
    0x60, 0x38, 0x00, 0xFE, 0x01, 0xFE, 0x00, 0x0F, 0x80, 0x3F, 0x01, 0xFC, 0x3F, 0x9F, 0x7C, 0x1F,
    0x00, 0x00, 0x00, 0x00, 0x38, 0x00, 0x70, 0x00, 0x7C, 0x07, 0xFC, 0x13, 0xFC, 0x07, 0xE0, 0xF8,
    0x0F, 0x00, 0xE0, 0x0E, 0x00, 0xE0, 0x07, 0x00, 0x30, 0x01, 0x80, 0x0C, 0x00, 0x70, 0x01, 0xC0,
    0x4F, 0xFF, 0x1F, 0xF0, 0x1C, 0x00, 0x7C, 0x01, 0xFF, 0x01, 0x3F, 0xC0, 0x1F, 0x80, 0xFC, 0x03,
    0xD8, 0x0E, 0x38, 0x38, 0x3F, 0xE0, 0x3F, 0xC0, 0x03, 0x00, 0x06, 0x00, 0x0C, 0x00, 0x1C, 0x00,
    0x1C, 0x04, 0x3F, 0xFC, 0x1F, 0xF0, 0x07, 0x00, 0x38, 0x07, 0xF0, 0x7F, 0x80, 0x1F, 0x03, 0xF0,
    0xF8, 0xFE, 0x0F, 0x80, 0x00, 0x00, 0x38, 0x00, 0xFE, 0x01, 0xFE, 0x00, 0x0F, 0x80, 0x3F, 0x01,
    0xFC, 0x3F, 0x9F, 0x7C, 0x1F, 0x00, 0x00, 0x07, 0x00, 0x38, 0x00, 0x80, 0x00, 0x07, 0xC0, 0x7F,
    0xC1, 0x3F, 0xC0, 0x7E, 0x0F, 0x80, 0xF0, 0x0E, 0x00, 0xE0, 0x0E, 0x00, 0x70, 0x03, 0x00, 0x18,
    0x00, 0xC0, 0x07, 0x00, 0x1C, 0x04, 0xFF, 0xF1, 0xFF, 0x01, 0xC0, 0x07, 0x00, 0x0E, 0x00, 0x08,
    0x00, 0x00, 0x07, 0xC0, 0x1F, 0xF0, 0x13, 0xFC, 0x01, 0xF8, 0x0F, 0xC0, 0x3D, 0x80, 0xE3, 0x83,
    0x83, 0xFE, 0x03, 0xFC, 0x00, 0x30, 0x00, 0x60, 0x00, 0xC0, 0x01, 0xC0, 0x01, 0xC0, 0x43, 0xFF,
    0xC1, 0xFF, 0x00, 0x70, 0x00, 0x38, 0x03, 0x80, 0x10, 0x00, 0x00, 0x38, 0x07, 0xF0, 0x7F, 0x80,
    0x1F, 0x03, 0xF0, 0xF8, 0xFE, 0x0F, 0x80, 0x00, 0x00, 0x30, 0x00, 0x70, 0x00, 0x40, 0x00, 0x00,
    0x03, 0x80, 0x0F, 0xE0, 0x1F, 0xE0, 0x00, 0xF8, 0x03, 0xF0, 0x1F, 0xC3, 0xF9, 0xF7, 0xC1, 0xF0,
    0x00, 0x00, 0x06, 0x07, 0x01, 0xC0, 0x60, 0x38, 0x0C, 0x06, 0x83, 0x7F, 0xBF, 0x80, 0x00, 0x06,
    0x00, 0x70, 0x01, 0xC0, 0x06, 0x00, 0x38, 0x00, 0xC0, 0x07, 0x08, 0x38, 0x7F, 0xF3, 0xFB, 0x80,
    0x00, 0x1C, 0x0E, 0x02, 0x00, 0x00, 0x60, 0x70, 0x1C, 0x06, 0x03, 0x80, 0xC0, 0x68, 0x37, 0xFB,
    0xF8, 0x00, 0x1C, 0x00, 0xE0, 0x02, 0x00, 0x00, 0x00, 0x60, 0x07, 0x00, 0x1C, 0x00, 0x60, 0x03,
    0x80, 0x0C, 0x00, 0x70, 0x83, 0x87, 0xFF, 0x3F, 0xB8, 0x00, 0x00, 0x00, 0x0C, 0x0E, 0x06, 0x07,
    0x07, 0x07, 0x06, 0x0E, 0x1C, 0x7C, 0xF0, 0x60, 0x00, 0x01, 0x80, 0x38, 0x03, 0x00, 0x70, 0x0E,
    0x01, 0xF0, 0x3F, 0x0E, 0x03, 0x81, 0xF0, 0x7C, 0x06, 0x00, 0x0C, 0x1C, 0x08, 0x00, 0x00, 0x0C,
    0x0E, 0x06, 0x07, 0x07, 0x07, 0x06, 0x0E, 0x1C, 0x7C, 0xF0, 0x60, 0x1C, 0x03, 0x80, 0x20, 0x00,
    0x00, 0x00, 0x18, 0x03, 0x80, 0x30, 0x07, 0x00, 0xE0, 0x1F, 0x03, 0xF0, 0xE0, 0x38, 0x1F, 0x07,
    0xC0, 0x60, 0x00, 0x00, 0x00, 0x02, 0x00, 0x00, 0x03, 0x80, 0x00, 0x01, 0xC0, 0x07, 0x0C, 0x60,
    0x03, 0x86, 0x33, 0x00, 0xC3, 0x1D, 0x80, 0x73, 0x8D, 0xC0, 0x3F, 0xFE, 0xE0, 0x1F, 0xFE, 0x70,
    0x0C, 0x00, 0x38, 0x0E, 0x00, 0x0F, 0x0F, 0x00, 0x03, 0xFF, 0x00, 0x00, 0xFE, 0x00, 0x00, 0x00,
    0x00, 0x00, 0x00, 0x00, 0x00, 0x30, 0x00, 0x38, 0x63, 0x00, 0x03, 0x86, 0x30, 0x60, 0x18, 0x63,
    0x86, 0x01, 0xCE, 0x38, 0xE0, 0x1F, 0xFF, 0xFE, 0x01, 0xFF, 0xEF, 0xE0, 0x18, 0x00, 0x0E, 0x03,
    0x80, 0x00, 0x78, 0x78, 0x00, 0x03, 0xFF, 0x00, 0x00, 0x1F, 0xC0, 0x00, 0x00, 0x00, 0x04, 0x00,
    0x0E, 0x00, 0x06, 0x18, 0xC6, 0x38, 0xC7, 0x38, 0xC7, 0x39, 0xC7, 0xFF, 0xFE, 0xFF, 0xFC, 0x00,
    0x00, 0x00, 0x02, 0x00, 0x00, 0xC0, 0x63, 0x18, 0x1C, 0x63, 0x83, 0x8C, 0x70, 0x73, 0x8E, 0x3F,
    0xFF, 0xFF, 0xFF, 0xEF, 0x00, 0x00, 0x00, 0x00, 0x00, 0x00, 0x00, 0x00, 0x60, 0x00, 0x00, 0x30,
    0x00, 0x00, 0x3E, 0x00, 0x00, 0x3F, 0x00, 0x00, 0x09, 0x10, 0x00, 0x00, 0x1C, 0x00, 0x00, 0x0E,
    0x00, 0x38, 0x63, 0x00, 0x1C, 0x31, 0x98, 0x06, 0x18, 0xEC, 0x03, 0x9C, 0x6E, 0x01, 0xFF, 0xF7,
    0x00, 0xFF, 0xF3, 0x80, 0x60, 0x01, 0xC0, 0x70, 0x00, 0x78, 0x78, 0x00, 0x1F, 0xF8, 0x00, 0x07,
    0xF0, 0x00, 0x00, 0x00, 0x00, 0x00, 0x00, 0x00, 0x0C, 0x00, 0x00, 0x00, 0xC0, 0x00, 0x00, 0x1F,
    0x00, 0x00, 0x03, 0xF0, 0x00, 0x00, 0x12, 0x00, 0x00, 0x00, 0x00, 0x00, 0x00, 0x00, 0x30, 0x00,
    0x38, 0x63, 0x00, 0x03, 0x86, 0x30, 0x60, 0x18, 0x63, 0x86, 0x01, 0xCE, 0x38, 0xE0, 0x1F, 0xFF,
    0xFE, 0x01, 0xFF, 0xEF, 0xE0, 0x18, 0x00, 0x0E, 0x03, 0x80, 0x00, 0x78, 0x78, 0x00, 0x03, 0xFF,
    0x00, 0x00, 0x1F, 0xC0, 0x00, 0x00, 0x00, 0x00, 0x00, 0xC0, 0x00, 0xC0, 0x03, 0xF0, 0x03, 0xF0,
    0x01, 0x24, 0x00, 0x0E, 0x00, 0x06, 0x18, 0xC6, 0x38, 0xC7, 0x38, 0xC7, 0x39, 0xC7, 0xFF, 0xFE,
    0xFF, 0xFC, 0x00, 0x00, 0x00, 0x00, 0x00, 0x18, 0x00, 0x03, 0x00, 0x01, 0xF8, 0x00, 0x3F, 0x00,
    0x02, 0x40, 0x00, 0x00, 0x80, 0x00, 0x30, 0x18, 0xC6, 0x07, 0x18, 0xE0, 0xE3, 0x1C, 0x1C, 0xE3,
    0x8F, 0xFF, 0xFF, 0xFF, 0xFB, 0xC0, 0x00, 0x00, 0x00, 0x00, 0x0F, 0x80, 0x00, 0x07, 0xF8, 0x00,
    0xE1, 0xE7, 0x00, 0x1C, 0x70, 0x76, 0x01, 0x9C, 0x0E, 0xC0, 0x3F, 0x03, 0xB8, 0x07, 0xFF, 0xF7,
    0x00, 0xFF, 0xF8, 0xE0, 0x18, 0xF8, 0x1C, 0x07, 0x00, 0x01, 0xE1, 0xE0, 0x00, 0x1F, 0xF8, 0x00,
    0x01, 0xFC, 0x00, 0x00, 0x00, 0x00, 0x0F, 0x80, 0x00, 0x00, 0xFF, 0x00, 0x03, 0x87, 0x9C, 0x00,
    0x0E, 0x38, 0x38, 0x60, 0x19, 0xC0, 0xE1, 0x80, 0x7E, 0x07, 0x0E, 0x01, 0xFF, 0xFF, 0xB8, 0x07,
    0xFF, 0xFE, 0xE0, 0x18, 0xF8, 0x03, 0x80, 0xE0, 0x00, 0x07, 0x87, 0x80, 0x00, 0x0F, 0xFC, 0x00,
    0x00, 0x1F, 0xC0, 0x00, 0x00, 0x00, 0x0F, 0x00, 0x0F, 0xE1, 0x87, 0x9C, 0x63, 0x83, 0x39, 0xC0,
    0xCE, 0xE0, 0x7F, 0xFF, 0xFB, 0xBF, 0xFC, 0x03, 0xF8, 0x00, 0x00, 0x0F, 0x00, 0x01, 0xFC, 0x06,
    0x1E, 0x70, 0x31, 0xC1, 0x83, 0x9C, 0x0C, 0x1D, 0xC0, 0xE3, 0xFF, 0xFF, 0xFD, 0xFF, 0xFF, 0x03,
    0xF8, 0x00, 0x00, 0x00, 0x06, 0x00, 0x00, 0x00, 0xC0, 0x00, 0x00, 0x00, 0x00, 0x00, 0x00, 0x00,
    0x00, 0x00, 0xF8, 0x00, 0x00, 0x7F, 0x80, 0x0E, 0x1E, 0x70, 0x01, 0xC7, 0x07, 0x60, 0x19, 0xC0,
    0xEC, 0x03, 0xF0, 0x3B, 0x80, 0x7F, 0xFF, 0x70, 0x0F, 0xFF, 0x8E, 0x01, 0x8F, 0x81, 0xC0, 0x70,
    0x00, 0x1E, 0x1E, 0x00, 0x01, 0xFF, 0x80, 0x00, 0x1F, 0xC0, 0x00, 0x00, 0x00, 0x00, 0x06, 0x00,
    0x00, 0x00, 0x18, 0x00, 0x00, 0x00, 0x00, 0x00, 0x00, 0x00, 0x00, 0x00, 0x00, 0x0F, 0x80, 0x00,
    0x00, 0xFF, 0x00, 0x03, 0x87, 0x9C, 0x00, 0x0E, 0x38, 0x38, 0x60, 0x19, 0xC0, 0xE1, 0x80, 0x7E,
    0x07, 0x0E, 0x01, 0xFF, 0xFF, 0xB8, 0x07, 0xFF, 0xFE, 0xE0, 0x18, 0xF8, 0x03, 0x80, 0xE0, 0x00,
    0x07, 0x87, 0x80, 0x00, 0x0F, 0xFC, 0x00, 0x00, 0x1F, 0xC0, 0x00, 0x00, 0x00, 0x0E, 0x00, 0x03,
    0x80, 0x00, 0x40, 0x00, 0x00, 0x00, 0x0F, 0x00, 0x0F, 0xE1, 0x87, 0x9C, 0x63, 0x83, 0x39, 0xC0,
    0xCE, 0xE0, 0x7F, 0xFF, 0xFB, 0xBF, 0xFC, 0x03, 0xF8, 0x00, 0x00, 0x0E, 0x00, 0x00, 0x70, 0x00,
    0x01, 0x00, 0x00, 0x00, 0x00, 0x00, 0xF0, 0x00, 0x1F, 0xC0, 0x61, 0xE7, 0x03, 0x1C, 0x18, 0x39,
    0xC0, 0xC1, 0xDC, 0x0E, 0x3F, 0xFF, 0xFF, 0xDF, 0xFF, 0xF0, 0x3F, 0x80, 0x00, 0x0C, 0x00, 0x0C,
    0x00, 0x0C, 0x00, 0x0C, 0x00, 0x0C, 0x00, 0x0C, 0x00, 0x0C, 0x00, 0x0C, 0x7C, 0x0D, 0xFE, 0x0F,
    0xC7, 0x0F, 0x87, 0x0F, 0x07, 0x0E, 0x0E, 0xFF, 0xFE, 0xFF, 0xF8, 0x1F, 0xC0, 0x0C, 0x00, 0x01,
    0x80, 0x00, 0x30, 0x00, 0x06, 0x00, 0x00, 0xC0, 0x00, 0x18, 0x00, 0x03, 0x00, 0x00, 0x63, 0xE0,
    0x0D, 0xFE, 0x01, 0xF8, 0xE0, 0x3E, 0x1C, 0x07, 0x83, 0x80, 0xE0, 0xE1, 0xFF, 0xFF, 0xBF, 0xFF,
    0xF8, 0xFE, 0x00, 0x70, 0x01, 0xC0, 0x07, 0x00, 0x1C, 0x00, 0x70, 0x01, 0xC0, 0x07, 0x00, 0x1C,
    0x7C, 0x77, 0xF9, 0xFE, 0xE3, 0xE1, 0xCE, 0x06, 0x70, 0x3B, 0xFF, 0xCF, 0xFE, 0x00, 0x00, 0x70,
    0x00, 0x70, 0x00, 0x70, 0x00, 0x70, 0x00, 0x70, 0x00, 0x70, 0x00, 0x70, 0x00, 0x71, 0xF0, 0x77,
    0xF8, 0x7F, 0xB8, 0x3E, 0x1C, 0x38, 0x18, 0x70, 0x38, 0xFF, 0xFF, 0xFF, 0xFF, 0x00, 0x00, 0x0C,
    0x00, 0x0C, 0x00, 0x0C, 0x00, 0x0C, 0x18, 0x0C, 0x38, 0x0C, 0x10, 0x0C, 0x00, 0x0C, 0x7C, 0x0D,
    0xFE, 0x0F, 0xC7, 0x0F, 0x87, 0x0F, 0x07, 0x0E, 0x0E, 0xFF, 0xFE, 0xFF, 0xF8, 0x1F, 0xC0, 0x0C,
    0x00, 0x01, 0x80, 0x00, 0x30, 0x00, 0x06, 0x18, 0x00, 0xC7, 0x00, 0x18, 0x40, 0x03, 0x00, 0x00,
    0x63, 0xE0, 0x0D, 0xFE, 0x01, 0xF8, 0xE0, 0x3E, 0x1C, 0x07, 0x83, 0x80, 0xE0, 0xE1, 0xFF, 0xFF,
    0xBF, 0xFF, 0xF8, 0xFE, 0x00, 0x70, 0x01, 0xC0, 0x07, 0x00, 0x1C, 0x70, 0x71, 0xC1, 0xC2, 0x07,
    0x00, 0x1C, 0x7C, 0x77, 0xF9, 0xFE, 0xE3, 0xE1, 0xCE, 0x06, 0x70, 0x3B, 0xFF, 0xCF, 0xFE, 0x00,
    0x00, 0x70, 0x00, 0x70, 0x00, 0x70, 0x00, 0x71, 0xC0, 0x71, 0xC0, 0x70, 0x80, 0x70, 0x00, 0x71,
    0xF0, 0x77, 0xF8, 0x7F, 0xB8, 0x3E, 0x1C, 0x38, 0x18, 0x70, 0x38, 0xFF, 0xFF, 0xFF, 0xFF, 0x00,
    0x00, 0x1E, 0x01, 0xF0, 0x1F, 0x80, 0xC0, 0x0E, 0x00, 0x30, 0xC1, 0xFE, 0x07, 0xF0, 0x3C, 0x03,
    0x80, 0x18, 0x01, 0xC0, 0x0C, 0x00, 0x60, 0x03, 0x00, 0x1C, 0x00, 0x70, 0x03, 0xFF, 0x87, 0xFC,
    0x06, 0x00, 0x0F, 0x01, 0xFC, 0x1F, 0xF0, 0xE3, 0x83, 0x98, 0x0F, 0xC0, 0x3C, 0x03, 0xFE, 0x3B,
    0xF3, 0x80, 0x38, 0x01, 0x80, 0x0C, 0x00, 0x70, 0x03, 0x80, 0x8F, 0xFE, 0x3F, 0xE0, 0x30, 0x00,
    0x00, 0x07, 0xC3, 0xF1, 0xC0, 0x70, 0x1C, 0x03, 0x80, 0xFF, 0xFF, 0xFF, 0x80, 0x00, 0x0F, 0x03,
    0xF8, 0x7F, 0xC7, 0x1C, 0x79, 0x81, 0xF8, 0x1F, 0x0F, 0xFF, 0xFB, 0xF0, 0x00, 0x0C, 0x00, 0x60,
    0x00, 0x00, 0x00, 0x01, 0xE0, 0x1F, 0x01, 0xF8, 0x0C, 0x00, 0xE0, 0x03, 0x0C, 0x1F, 0xE0, 0x7F,
    0x03, 0xC0, 0x38, 0x01, 0x80, 0x1C, 0x00, 0xC0, 0x06, 0x00, 0x30, 0x01, 0xC0, 0x07, 0x00, 0x3F,
    0xF8, 0x7F, 0xC0, 0x60, 0x06, 0x00, 0x30, 0x00, 0x80, 0x00, 0x00, 0xF0, 0x1F, 0xC1, 0xFF, 0x0E,
    0x38, 0x39, 0x80, 0xFC, 0x03, 0xC0, 0x3F, 0xE3, 0xBF, 0x38, 0x03, 0x80, 0x18, 0x00, 0xC0, 0x07,
    0x00, 0x38, 0x08, 0xFF, 0xE3, 0xFE, 0x03, 0x00, 0x0E, 0x03, 0x80, 0x40, 0x00, 0x00, 0x07, 0xC3,
    0xF1, 0xC0, 0x70, 0x1C, 0x03, 0x80, 0xFF, 0xFF, 0xFF, 0x80, 0x00, 0x06, 0x00, 0xE0, 0x04, 0x00,
    0x00, 0x0F, 0x03, 0xF8, 0x7F, 0xC7, 0x1C, 0x79, 0x81, 0xF8, 0x1F, 0x0F, 0xFF, 0xFB, 0xF0, 0x00,
    0x00, 0x01, 0x80, 0x00, 0x38, 0x00, 0x01, 0x00, 0x00, 0x00, 0x00, 0x01, 0xC0, 0x00, 0x3E, 0x00,
    0x07, 0xE0, 0x00, 0x67, 0x60, 0x0E, 0x7E, 0x00, 0xE7, 0xE0, 0x07, 0xFE, 0x00, 0x3F, 0xE0, 0x00,
    0x77, 0xFF, 0xFE, 0x3F, 0xFF, 0xE0, 0xFF, 0xF0, 0x00, 0x00, 0x60, 0x00, 0x00, 0xE0, 0x00, 0x00,
    0x40, 0x00, 0x00, 0x00, 0x00, 0x00, 0xF0, 0x00, 0x01, 0xF8, 0x60, 0x03, 0xF8, 0xE0, 0x03, 0x9C,
    0xE0, 0x03, 0x1C, 0xE0, 0x03, 0x98, 0xE0, 0x01, 0xF8, 0x7F, 0xFF, 0xFF, 0x3F, 0xFF, 0xFF, 0x0F,
    0xFC, 0x00, 0x1C, 0x0E, 0x02, 0x00, 0x00, 0xC1, 0xF8, 0xFC, 0xE6, 0x73, 0xB9, 0xCF, 0xE3, 0xF0,
    0x77, 0xF3, 0xF0, 0x00, 0x0C, 0x00, 0xC0, 0x04, 0x00, 0x00, 0x0E, 0x03, 0xF0, 0x3B, 0x87, 0x38,
    0x71, 0x83, 0x38, 0x3F, 0x0F, 0xFE, 0xFF, 0xF0, 0x00, 0x00, 0x6C, 0x00, 0x6C, 0x00, 0x00, 0x00,
    0x00, 0x00, 0x3C, 0x00, 0x7E, 0x00, 0x6E, 0x00, 0xE6, 0x60, 0xC7, 0x60, 0xFF, 0xE0, 0xFF, 0xE0,
    0x3E, 0xE0, 0x06, 0xE0, 0x0E, 0x78, 0x3C, 0x3F, 0xF8, 0x1F, 0xE0, 0x00, 0x7C, 0x00, 0x1F, 0x80,
    0x02, 0x40, 0x00, 0x00, 0x00, 0x3C, 0x00, 0x1F, 0x80, 0x0E, 0xE0, 0x03, 0x18, 0x70, 0xC7, 0x18,
    0x3F, 0xFE, 0x07, 0xFF, 0x80, 0x18, 0xE0, 0x0E, 0x1C, 0x07, 0x87, 0xCF, 0xC0, 0xFF, 0xE0, 0x0F,
    0xE0, 0x00, 0x36, 0x1F, 0x04, 0x00, 0x00, 0xC1, 0xF8, 0xFC, 0xE6, 0x73, 0xB9, 0xCF, 0xE3, 0xF0,
    0x77, 0xF3, 0xF0, 0x00, 0x1F, 0x03, 0xF0, 0x12, 0x00, 0x00, 0x0E, 0x03, 0xF0, 0x3B, 0x87, 0x38,
    0x71, 0x83, 0x38, 0x3F, 0x0F, 0xFE, 0xFF, 0xF0, 0x00, 0x00, 0x01, 0x80, 0x00, 0x60, 0x00, 0x18,
    0x00, 0x06, 0x00, 0x61, 0x80, 0x38, 0x60, 0x0C, 0x18, 0x03, 0x86, 0x60, 0x61, 0xB8, 0x78, 0x6E,
    0x18, 0x1B, 0x80, 0x06, 0xE0, 0x03, 0x9F, 0xFF, 0xE3, 0xFF, 0xF0, 0x3F, 0xE0, 0x00, 0x01, 0x80,
    0x00, 0x0C, 0x00, 0x00, 0x60, 0x00, 0x03, 0x00, 0x06, 0x18, 0x00, 0x70, 0xC0, 0x03, 0x06, 0x00,
    0x1C, 0x30, 0x60, 0x61, 0x87, 0x0F, 0x0C, 0x38, 0x60, 0x61, 0xC0, 0x03, 0x8E, 0x00, 0x3C, 0x3F,
    0xFF, 0xF8, 0xFF, 0xFD, 0xE1, 0xFF, 0x00, 0x01, 0x83, 0xC7, 0xCF, 0x87, 0x07, 0x01, 0xC0, 0x70,
    0x1C, 0x07, 0x01, 0x80, 0xE0, 0x77, 0xF3, 0xF0, 0x00, 0x01, 0x80, 0x78, 0x1F, 0x07, 0xC0, 0x70,
    0x0E, 0x00, 0x70, 0x03, 0x80, 0x1C, 0x00, 0xE0, 0x06, 0x00, 0x70, 0x07, 0x8F, 0xFF, 0xFC, 0xF0,
    0x00, 0x00, 0x18, 0x00, 0x60, 0x01, 0x80, 0x06, 0x00, 0x18, 0x00, 0x60, 0x01, 0x80, 0x06, 0x00,
    0x18, 0x00, 0x60, 0x01, 0x98, 0x07, 0x60, 0x1B, 0x80, 0x6E, 0x01, 0xB8, 0x06, 0xE0, 0x39, 0xE3,
    0xC3, 0xFE, 0x07, 0xF0, 0x00, 0x18, 0x00, 0x0C, 0x00, 0x06, 0x00, 0x03, 0x00, 0x01, 0x80, 0x00,
    0xC0, 0x00, 0x60, 0x00, 0x30, 0x00, 0x18, 0x00, 0x0C, 0x00, 0x06, 0x0C, 0x03, 0x86, 0x01, 0xC7,
    0x00, 0xFB, 0x80, 0x7F, 0xC0, 0x30, 0xE0, 0x38, 0x3C, 0x78, 0x0F, 0xF8, 0x03, 0xF8, 0x00, 0x31,
    0x8C, 0x63, 0x18, 0xC6, 0x31, 0x8E, 0x73, 0x7B, 0x80, 0x30, 0x30, 0x30, 0x30, 0x30, 0x30, 0x30,
    0x30, 0x30, 0x30, 0x38, 0x38, 0x38, 0xFE, 0xEF, 0x00, 0x1F, 0x0F, 0xE7, 0x39, 0x86, 0x01, 0xCF,
    0xF7, 0xFB, 0x86, 0xE0, 0x38, 0x0E, 0x03, 0x80, 0xE0, 0x18, 0x06, 0x01, 0x80, 0x00, 0x00, 0x07,
    0x00, 0x7C, 0x0F, 0xE0, 0x73, 0x87, 0x8C, 0x7E, 0x73, 0xFF, 0xF9, 0xFF, 0xC3, 0x06, 0x00, 0x30,
    0x01, 0xC0, 0x0E, 0x00, 0x30, 0x01, 0x80, 0x0E, 0x00, 0x00, 0x00, 0x07, 0x03, 0xE1, 0xFC, 0xE7,
    0x30, 0xDE, 0x3F, 0xFF, 0xBE, 0x00, 0x00, 0x07, 0x00, 0x3E, 0x01, 0xF8, 0x0E, 0x70, 0x38, 0xC1,
    0xE3, 0x8F, 0xFF, 0xBB, 0xFE, 0x03, 0x00, 0x03, 0x00, 0x0C, 0x00, 0x00, 0x00, 0x00, 0x00, 0x10,
    0x00, 0xE0, 0x03, 0x98, 0x06, 0x60, 0x1B, 0x80, 0x7E, 0x01, 0xF8, 0x06, 0xE0, 0x39, 0xE3, 0xC3,
    0xFF, 0x07, 0xF0, 0x03, 0x00, 0x01, 0x80, 0x00, 0x00, 0x00, 0x00, 0x00, 0x00, 0x00, 0x01, 0xC0,
    0x00, 0xE0, 0xC0, 0x30, 0x60, 0x1C, 0x70, 0x0F, 0xB8, 0x07, 0xFC, 0x03, 0x0E, 0x03, 0x83, 0xC3,
    0xC0, 0xFF, 0xC0, 0x3F, 0x80, 0x73, 0x88, 0x01, 0x18, 0xC7, 0x38, 0xCF, 0xEF, 0x00, 0x30, 0x1C,
    0x04, 0x00, 0x01, 0x80, 0xC0, 0xE0, 0x70, 0xFF, 0x77, 0x80, 0x00, 0x18, 0x1C, 0x3E, 0x7E, 0x67,
    0xE3, 0xE3, 0xE3, 0x7F, 0x7E, 0x03, 0x00, 0x70, 0x1F, 0x03, 0xF0, 0x73, 0x0E, 0x30, 0xE3, 0x07,
    0xF0, 0x7F, 0x80, 0xFE, 0x01, 0xE0, 0x00, 0x00, 0x01, 0xC0, 0x1E, 0x03, 0xF0, 0x37, 0x87, 0x3C,
    0x73, 0xE3, 0x76, 0x3E, 0x6F, 0xFE, 0xFF, 0xE0, 0x18, 0x07, 0x01, 0xF0, 0x1F, 0x83, 0xB8, 0x33,
    0x83, 0x38, 0x77, 0x0F, 0xFF, 0xFF, 0xF7, 0x1C, 0x30, 0xC3, 0xFC, 0x1F, 0x80, 0xF0, 0x00, 0x0F,
    0x0F, 0xCE, 0xE6, 0x33, 0x1D, 0xFE, 0x7E, 0x0F, 0x03, 0x8F, 0x8F, 0x87, 0x00, 0x00, 0x03, 0xC0,
    0xFC, 0x3B, 0x86, 0x30, 0xC7, 0x1F, 0xF9, 0xFF, 0x07, 0x00, 0xE0, 0xF8, 0x3E, 0x07, 0x00, 0x00,
    0x1E, 0x00, 0x7F, 0x00, 0x72, 0x00, 0xE0, 0x00, 0xC0, 0x60, 0xE0, 0x60, 0xF8, 0xE0, 0x7E, 0xE0,
    0x0E, 0xE0, 0x0E, 0xE0, 0x1E, 0x78, 0x7C, 0x3F, 0xF8, 0x1F, 0xE0, 0x60, 0x00, 0x30, 0x1C, 0x38,
    0x0F, 0xDC, 0x03, 0xFE, 0x00, 0x67, 0x00, 0x71, 0xE0, 0xF0, 0x7F, 0xF0, 0x1F, 0xE0, 0x00, 0x00,
    0x1E, 0x00, 0x7F, 0x00, 0x72, 0x00, 0xE0, 0x00, 0xC0, 0x60, 0xE0, 0x60, 0xF8, 0xE0, 0x7E, 0xE0,
    0x0E, 0xE0, 0x0E, 0xE0, 0x1E, 0x78, 0x7C, 0x3F, 0xF8, 0x1F, 0xE0, 0x00, 0x00, 0x00, 0x00, 0x06,
    0xC0, 0x06, 0xC0, 0x60, 0x00, 0x30, 0x1C, 0x38, 0x0F, 0xDC, 0x03, 0xFE, 0x00, 0x67, 0x00, 0x71,
    0xE0, 0xF0, 0x7F, 0xF0, 0x1F, 0xE0, 0x00, 0x00, 0x00, 0x00, 0x01, 0xF8, 0x00, 0xFC, 0x00, 0x08,
    0x71, 0xC3, 0x0C, 0x30, 0xDF, 0x78, 0x00, 0x1B, 0x6C, 0x1C, 0x0C, 0x06, 0x07, 0x0F, 0xFF, 0xFC,
    0x00, 0x00, 0x7E, 0x3E, 0x00, 0x72, 0x07, 0xF9, 0x83, 0x8C, 0x00, 0x61, 0x83, 0x0F, 0x18, 0x3C,
    0xC0, 0xFE, 0x01, 0xF0, 0x07, 0x00, 0x3C, 0x03, 0xF0, 0x39, 0x83, 0x8C, 0x3F, 0xE1, 0xFE, 0x38,
    0x00, 0x7F, 0x30, 0x06, 0x30, 0x00, 0x30, 0x18, 0x30, 0x1C, 0x30, 0x1E, 0x30, 0x0F, 0x30, 0x07,
    0x30, 0x03, 0xB0, 0x01, 0xF0, 0x00, 0xF0, 0x00, 0x70, 0x00, 0xF8, 0x1F, 0xFF, 0x1F, 0x9F, 0x00,
    0x00, 0x70, 0x07, 0x00, 0x60, 0x07, 0x86, 0x70, 0x60, 0x06, 0x30, 0x63, 0xC6, 0x1E, 0x60, 0xFE,
    0x03, 0xE0, 0x1C, 0x01, 0xE0, 0x3F, 0x07, 0x30, 0xE3, 0x1F, 0xF1, 0xFE, 0x70, 0x03, 0x80, 0x0C,
    0x00, 0x3E, 0x30, 0xF0, 0xC0, 0x03, 0x06, 0x0C, 0x1C, 0x30, 0x78, 0xC0, 0xF3, 0x01, 0xCC, 0x03,
    0xB0, 0x07, 0xC0, 0x0F, 0x00, 0x1C, 0x00, 0xF8, 0x7F, 0xFD, 0xF9, 0xF0, 0x00, 0x00, 0x00, 0xC0,
    0x18, 0x03, 0x30, 0x67, 0x8C, 0x79, 0x87, 0xF0, 0x3E, 0x03, 0x80, 0x78, 0x1F, 0x87, 0x31, 0xC6,
    0x7F, 0xCF, 0xF0, 0x00, 0x38, 0x0F, 0x01, 0x80, 0x1E, 0x07, 0x80, 0x00, 0xC0, 0x03, 0x00, 0x0C,
    0x18, 0x30, 0x70, 0xC1, 0xE3, 0x03, 0xCC, 0x07, 0x30, 0x0E, 0xC0, 0x1F, 0x00, 0x3C, 0x00, 0x70,
    0x03, 0xE1, 0xFF, 0xF7, 0xE7, 0xC0, 0x00, 0x1C, 0x00, 0x70, 0x01, 0x80, 0x07, 0x80, 0x1C, 0x00,
    0x00, 0xC0, 0x18, 0x03, 0x30, 0x67, 0x8C, 0x79, 0x87, 0xF0, 0x3E, 0x03, 0x80, 0x78, 0x1F, 0x87,
    0x31, 0xC6, 0x7F, 0xCF, 0xF0, 0x00, 0xC0, 0x03, 0x00, 0x0C, 0x18, 0x30, 0x70, 0xC1, 0xE3, 0x03,
    0xCC, 0x07, 0x30, 0x0E, 0xC0, 0x1F, 0x00, 0x3C, 0x00, 0x70, 0x03, 0xE1, 0xFF, 0xF7, 0xE7, 0xC0,
    0x00, 0x00, 0x20, 0x00, 0x07, 0x00, 0x00, 0xF8, 0x00, 0x1F, 0xC0, 0x03, 0xFE, 0x00, 0x70, 0x70,
    0x0F, 0xF7, 0x81, 0xFF, 0x3C, 0x3F, 0xF7, 0xE7, 0xFC, 0xFF, 0x7F, 0xDF, 0xF3, 0xF9, 0xFE, 0x1F,
    0xFF, 0xC0, 0xFF, 0xF8, 0x07, 0x9F, 0x00, 0x39, 0xE0, 0x01, 0xFC, 0x00, 0x0F, 0x80, 0x00, 0x70,
    0x00, 0x00, 0x00,
};

static const EpdGlyph ubuntu_10_regularGlyphs[] = {
    { 0, 0, 0, 0, 0, 0, 0 }, // U+0000
    { 0, 0, 0, 0, 0, 0, 0 }, // U+0008
    { 0, 0, 77, 0, 0, 0, 0 }, // U+0009
    { 0, 0, 77, 0, 0, 0, 0 }, // U+000D
    { 0, 0, 0, 0, 0, 0, 0 }, // U+001D
    { 0, 0, 77, 0, 0, 0, 0 }, // U+0020
    { 4, 15, 92, 1, 15, 8, 0 }, // !
    { 7, 5, 139, 1, 16, 5, 8 }, // "
    { 12, 15, 222, 1, 15, 23, 13 }, // #
    { 10, 19, 188, 1, 16, 24, 36 }, // $
    { 16, 15, 286, 1, 15, 30, 60 }, // %
    { 14, 15, 222, 0, 15, 27, 90 }, // &
    { 3, 5, 80, 1, 16, 2, 117 }, // '
    { 6, 20, 108, 1, 16, 15, 119 }, // (
    { 6, 20, 108, 0, 16, 15, 134 }, // )
    { 10, 8, 160, 0, 15, 10, 149 }, // *
    { 10, 10, 188, 1, 11, 13, 159 }, // +
    { 4, 5, 82, 0, 2, 3, 172 }, // ,
    { 6, 2, 100, 0, 7, 2, 175 }, // -
    { 3, 3, 82, 1, 3, 2, 177 }, // .
    { 10, 20, 128, -1, 16, 25, 179 }, // /
    { 10, 15, 188, 1, 15, 19, 204 }, // 0
    { 7, 15, 188, 1, 15, 14, 223 }, // 1
    { 10, 15, 188, 1, 15, 19, 237 }, // 2
    { 10, 15, 188, 1, 15, 19, 256 }, // 3
    { 11, 15, 188, 0, 15, 21, 275 }, // 4
    { 10, 15, 188, 1, 15, 19, 296 }, // 5
    { 10, 15, 188, 1, 15, 19, 315 }, // 6
    { 10, 15, 188, 1, 15, 19, 334 }, // 7
    { 10, 15, 188, 1, 15, 19, 353 }, // 8
    { 10, 15, 188, 1, 15, 19, 372 }, // 9
    { 3, 11, 82, 1, 11, 5, 391 }, // :
    { 4, 14, 82, 0, 11, 7, 396 }, // ;
    { 10, 9, 188, 1, 11, 12, 403 }, // <
    { 10, 7, 188, 1, 10, 9, 415 }, // =
    { 10, 9, 188, 1, 11, 12, 424 }, // >
    { 8, 15, 135, 0, 15, 15, 436 }, // ?
    { 18, 20, 317, 1, 16, 45, 451 }, // @
    { 14, 15, 221, 0, 15, 27, 496 }, // A
    { 12, 15, 214, 1, 15, 23, 523 }, // B
    { 12, 15, 207, 1, 15, 23, 546 }, // C
    { 13, 15, 238, 1, 15, 25, 569 }, // D
    { 11, 15, 190, 1, 15, 21, 594 }, // E
    { 10, 15, 179, 1, 15, 19, 615 }, // F
    { 12, 15, 224, 1, 15, 23, 634 }, // G
    { 12, 15, 235, 1, 15, 23, 657 }, // H
    { 3, 15, 90, 1, 15, 6, 680 }, // I
    { 9, 15, 167, 0, 15, 17, 686 }, // J
    { 13, 15, 210, 1, 15, 25, 703 }, // K
    { 10, 15, 173, 1, 15, 19, 728 }, // L
    { 16, 15, 290, 1, 15, 30, 747 }, // M
    { 13, 15, 243, 1, 15, 25, 777 }, // N
    { 15, 15, 259, 1, 15, 29, 802 }, // O
    { 12, 15, 203, 1, 15, 23, 831 }, // P
    { 15, 19, 259, 1, 15, 36, 854 }, // Q
    { 12, 15, 210, 1, 15, 23, 890 }, // R
    { 11, 15, 177, 0, 15, 21, 913 }, // S
    { 12, 15, 188, 0, 15, 23, 934 }, // T
    { 12, 15, 229, 1, 15, 23, 957 }, // U
    { 14, 15, 219, 0, 15, 27, 980 }, // V
    { 19, 15, 310, 0, 15, 36, 1007 }, // W
    { 13, 15, 210, 0, 15, 25, 1043 }, // X
    { 13, 15, 199, 0, 15, 25, 1068 }, // Y
    { 12, 15, 191, 0, 15, 23, 1093 }, // Z
    { 5, 20, 110, 2, 16, 13, 1116 }, // [
    { 10, 20, 128, -1, 16, 25, 1129 }, // <backslash>
    { 5, 20, 110, 0, 16, 13, 1154 }, // ]
    { 11, 8, 188, 0, 15, 11, 1167 }, // ^
    { 12, 2, 164, -1, -2, 3, 1178 }, // _
    { 5, 4, 125, 1, 16, 3, 1181 }, // `
    { 10, 11, 174, 0, 11, 14, 1184 }, // a
    { 11, 16, 196, 1, 16, 22, 1198 }, // b
    { 9, 11, 155, 1, 11, 13, 1220 }, // c
    { 10, 16, 196, 1, 16, 20, 1233 }, // d
    { 10, 11, 186, 1, 11, 14, 1253 }, // e
    { 8, 16, 129, 1, 16, 16, 1267 }, // f
    { 10, 15, 193, 1, 11, 19, 1283 }, // g
    { 10, 16, 190, 1, 16, 20, 1302 }, // h
    { 3, 16, 84, 1, 16, 6, 1322 }, // i
    { 6, 20, 84, -2, 16, 15, 1328 }, // j
    { 10, 16, 174, 1, 16, 20, 1343 }, // k
    { 5, 16, 91, 1, 16, 10, 1363 }, // l
    { 16, 11, 287, 1, 11, 22, 1373 }, // m
    { 10, 11, 191, 1, 11, 14, 1395 }, // n
    { 11, 11, 197, 1, 11, 16, 1409 }, // o
    { 11, 15, 196, 1, 11, 21, 1425 }, // p
    { 10, 15, 196, 1, 11, 19, 1446 }, // q
    { 7, 11, 129, 1, 11, 10, 1465 }, // r
    { 9, 11, 149, 0, 11, 13, 1475 }, // s
    { 8, 14, 134, 1, 14, 14, 1488 }, // t
    { 10, 11, 191, 1, 11, 14, 1502 }, // u
    { 11, 11, 167, 0, 11, 16, 1516 }, // v
    { 16, 11, 259, 0, 11, 22, 1532 }, // w
    { 11, 11, 170, 0, 11, 16, 1554 }, // x
    { 11, 15, 166, 0, 11, 21, 1570 }, // y
    { 10, 11, 157, 0, 11, 14, 1591 }, // z
    { 7, 20, 111, 0, 16, 18, 1605 }, // {
    { 2, 20, 93, 2, 16, 5, 1623 }, // |
    { 7, 20, 111, 0, 16, 18, 1628 }, // }
    { 11, 4, 188, 0, 8, 6, 1646 }, // ~
    { 0, 0, 77, 0, 0, 0, 1652 }, // U+00A0
    { 4, 15, 92, 1, 11, 8, 1652 }, // U+00A1
    { 10, 17, 188, 1, 14, 22, 1660 }, // U+00A2
    { 10, 15, 188, 1, 15, 19, 1682 }, // U+00A3
    { 11, 10, 188, 0, 12, 14, 1701 }, // U+00A4
    { 12, 15, 188, 0, 15, 23, 1715 }, // U+00A5
    { 2, 20, 93, 2, 16, 5, 1738 }, // U+00A6
    { 10, 18, 164, 0, 16, 23, 1743 }, // U+00A7
    { 8, 2, 125, 0, 15, 2, 1766 }, // U+00A8
    { 15, 15, 271, 1, 15, 29, 1768 }, // U+00A9
    { 8, 8, 130, 0, 15, 8, 1797 }, // U+00AA
    { 10, 9, 166, 0, 10, 12, 1805 }, // U+00AB
    { 10, 8, 188, 1, 9, 10, 1817 }, // U+00AC
    { 6, 2, 100, 0, 7, 2, 1827 }, // U+00AD
    { 15, 15, 271, 1, 15, 29, 1829 }, // U+00AE
    { 7, 2, 125, 0, 15, 2, 1858 }, // U+00AF
    { 7, 6, 111, 0, 16, 6, 1860 }, // U+00B0
    { 10, 13, 188, 1, 13, 17, 1866 }, // U+00B1
    { 7, 8, 120, 0, 15, 7, 1883 }, // U+00B2
    { 7, 8, 120, 0, 15, 7, 1890 }, // U+00B3
    { 5, 4, 125, 2, 16, 3, 1897 }, // U+00B4
    { 10, 15, 193, 1, 11, 19, 1900 }, // U+00B5
    { 12, 19, 215, 0, 15, 29, 1919 }, // U+00B6
    { 3, 3, 82, 1, 8, 2, 1948 }, // U+00B7
    { 5, 4, 125, 1, 0, 3, 1950 }, // U+00B8
    { 4, 8, 120, 1, 15, 4, 1953 }, // U+00B9
    { 9, 8, 149, 0, 15, 9, 1957 }, // U+00BA
    { 10, 9, 166, 0, 10, 12, 1966 }, // U+00BB
    { 17, 15, 291, 1, 15, 32, 1978 }, // U+00BC
    { 17, 15, 291, 1, 15, 32, 2010 }, // U+00BD
    { 18, 15, 291, 0, 15, 34, 2042 }, // U+00BE
    { 9, 15, 135, 0, 11, 17, 2076 }, // U+00BF
    { 14, 20, 221, 0, 20, 35, 2093 }, // U+00C0
    { 14, 20, 221, 0, 20, 35, 2128 }, // U+00C1
    { 14, 20, 221, 0, 20, 35, 2163 }, // U+00C2
    { 14, 19, 221, 0, 19, 34, 2198 }, // U+00C3
    { 14, 18, 221, 0, 18, 32, 2232 }, // U+00C4
    { 14, 18, 221, 0, 18, 32, 2264 }, // U+00C5
    { 19, 15, 312, 0, 15, 36, 2296 }, // U+00C6
    { 12, 18, 207, 1, 15, 27, 2332 }, // U+00C7
    { 11, 20, 190, 1, 20, 28, 2359 }, // U+00C8
    { 11, 20, 190, 1, 20, 28, 2387 }, // U+00C9
    { 11, 20, 190, 1, 20, 28, 2415 }, // U+00CA
    { 11, 18, 190, 1, 18, 25, 2443 }, // U+00CB
    { 5, 20, 90, 0, 20, 13, 2468 }, // U+00CC
    { 5, 20, 90, 1, 20, 13, 2481 }, // U+00CD
    { 7, 20, 90, -1, 20, 18, 2494 }, // U+00CE
    { 8, 18, 90, -1, 18, 18, 2512 }, // U+00CF
    { 15, 15, 242, 0, 15, 29, 2530 }, // U+00D0
    { 13, 19, 243, 1, 19, 31, 2559 }, // U+00D1
    { 15, 20, 259, 1, 20, 38, 2590 }, // U+00D2
    { 15, 20, 259, 1, 20, 38, 2628 }, // U+00D3
    { 15, 20, 259, 1, 20, 38, 2666 }, // U+00D4
    { 15, 19, 259, 1, 19, 36, 2704 }, // U+00D5
    { 15, 18, 259, 1, 18, 34, 2740 }, // U+00D6
    { 10, 9, 188, 1, 11, 12, 2774 }, // U+00D7
    { 15, 15, 259, 1, 15, 29, 2786 }, // U+00D8
    { 12, 20, 229, 1, 20, 30, 2815 }, // U+00D9
    { 12, 20, 229, 1, 20, 30, 2845 }, // U+00DA
    { 12, 20, 229, 1, 20, 30, 2875 }, // U+00DB
    { 12, 18, 229, 1, 18, 27, 2905 }, // U+00DC
    { 13, 20, 199, 0, 20, 33, 2932 }, // U+00DD
    { 12, 15, 203, 1, 15, 23, 2965 }, // U+00DE
    { 12, 16, 208, 1, 16, 24, 2988 }, // U+00DF
    { 10, 16, 174, 0, 16, 20, 3012 }, // U+00E0
    { 10, 16, 174, 0, 16, 20, 3032 }, // U+00E1
    { 10, 16, 174, 0, 16, 20, 3052 }, // U+00E2
    { 10, 16, 174, 0, 16, 20, 3072 }, // U+00E3
    { 10, 15, 174, 0, 15, 19, 3092 }, // U+00E4
    { 10, 16, 174, 0, 16, 20, 3111 }, // U+00E5
    { 17, 11, 286, 0, 11, 24, 3131 }, // U+00E6
    { 9, 15, 155, 1, 11, 17, 3155 }, // U+00E7
    { 10, 16, 186, 1, 16, 20, 3172 }, // U+00E8
    { 10, 16, 186, 1, 16, 20, 3192 }, // U+00E9
    { 10, 16, 186, 1, 16, 20, 3212 }, // U+00EA
    { 10, 15, 186, 1, 15, 19, 3232 }, // U+00EB
    { 5, 16, 84, 0, 16, 10, 3251 }, // U+00EC
    { 5, 16, 84, 1, 16, 10, 3261 }, // U+00ED
    { 7, 16, 84, -1, 16, 14, 3271 }, // U+00EE
    { 7, 15, 84, -1, 15, 14, 3285 }, // U+00EF
    { 11, 16, 196, 1, 16, 22, 3299 }, // U+00F0
    { 10, 16, 191, 1, 16, 20, 3321 }, // U+00F1
    { 11, 16, 197, 1, 16, 22, 3341 }, // U+00F2
    { 11, 16, 197, 1, 16, 22, 3363 }, // U+00F3
    { 11, 16, 197, 1, 16, 22, 3385 }, // U+00F4
    { 11, 16, 197, 1, 16, 22, 3407 }, // U+00F5
    { 11, 15, 197, 1, 15, 21, 3429 }, // U+00F6
    { 10, 12, 188, 1, 12, 15, 3450 }, // U+00F7
    { 11, 11, 197, 1, 11, 16, 3465 }, // U+00F8
    { 10, 16, 191, 1, 16, 20, 3481 }, // U+00F9
    { 10, 16, 191, 1, 16, 20, 3501 }, // U+00FA
    { 10, 16, 191, 1, 16, 20, 3521 }, // U+00FB
    { 10, 15, 191, 1, 15, 19, 3541 }, // U+00FC
    { 11, 20, 166, 0, 16, 28, 3560 }, // U+00FD
    { 11, 20, 196, 1, 16, 28, 3588 }, // U+00FE
    { 11, 19, 166, 0, 15, 27, 3616 }, // U+00FF
    { 14, 18, 221, 0, 18, 32, 3643 }, // U+0100
    { 10, 15, 174, 0, 15, 19, 3675 }, // U+0101
    { 14, 19, 221, 0, 19, 34, 3694 }, // U+0102
    { 10, 16, 174, 0, 16, 20, 3728 }, // U+0103
    { 14, 19, 221, 0, 15, 34, 3748 }, // U+0104
    { 10, 14, 174, 0, 11, 18, 3782 }, // U+0105
    { 12, 20, 207, 1, 20, 30, 3800 }, // U+0106
    { 9, 16, 155, 1, 16, 18, 3830 }, // U+0107
    { 12, 20, 207, 1, 20, 30, 3848 }, // U+0108
    { 9, 16, 155, 1, 16, 18, 3878 }, // U+0109
    { 12, 19, 207, 1, 19, 29, 3896 }, // U+010A
    { 9, 16, 155, 1, 16, 18, 3925 }, // U+010B
    { 12, 20, 207, 1, 20, 30, 3943 }, // U+010C
    { 9, 16, 155, 1, 16, 18, 3973 }, // U+010D
    { 13, 20, 238, 1, 20, 33, 3991 }, // U+010E
    { 14, 16, 207, 1, 16, 28, 4024 }, // U+010F
    { 15, 15, 242, 0, 15, 29, 4052 }, // U+0110
    { 12, 16, 196, 1, 16, 24, 4081 }, // U+0111
    { 11, 18, 190, 1, 18, 25, 4105 }, // U+0112
    { 10, 15, 186, 1, 15, 19, 4130 }, // U+0113
    { 11, 19, 190, 1, 19, 27, 4149 }, // U+0114
    { 10, 16, 186, 1, 16, 20, 4176 }, // U+0115
    { 11, 19, 190, 1, 19, 27, 4196 }, // U+0116
    { 10, 16, 186, 1, 16, 20, 4223 }, // U+0117
    { 11, 19, 190, 1, 15, 27, 4243 }, // U+0118
    { 10, 14, 186, 1, 11, 18, 4270 }, // U+0119
    { 11, 20, 190, 1, 20, 28, 4288 }, // U+011A
    { 10, 17, 186, 1, 17, 22, 4316 }, // U+011B
    { 12, 20, 224, 1, 20, 30, 4338 }, // U+011C
    { 10, 20, 193, 1, 16, 25, 4368 }, // U+011D
    { 12, 19, 224, 1, 19, 29, 4393 }, // U+011E
    { 10, 20, 193, 1, 16, 25, 4422 }, // U+011F
    { 12, 19, 224, 1, 19, 29, 4447 }, // U+0120
    { 10, 20, 193, 1, 16, 25, 4476 }, // U+0121
    { 12, 19, 224, 1, 15, 29, 4501 }, // U+0122
    { 10, 21, 193, 1, 17, 27, 4530 }, // U+0123
    { 12, 20, 235, 1, 20, 30, 4557 }, // U+0124
    { 10, 20, 190, 1, 20, 25, 4587 }, // U+0125
    { 15, 15, 244, 0, 15, 29, 4612 }, // U+0126
    { 11, 16, 190, 0, 16, 22, 4641 }, // U+0127
    { 8, 19, 90, -1, 19, 19, 4663 }, // U+0128
    { 8, 16, 84, -1, 16, 16, 4682 }, // U+0129
    { 7, 18, 90, -1, 18, 16, 4698 }, // U+012A
    { 7, 15, 84, -1, 15, 14, 4714 }, // U+012B
    { 6, 19, 90, 0, 19, 15, 4728 }, // U+012C
    { 7, 16, 84, -1, 16, 14, 4743 }, // U+012D
    { 5, 19, 90, 0, 15, 12, 4757 }, // U+012E
    { 4, 20, 84, 0, 16, 10, 4769 }, // U+012F
    { 4, 19, 90, 1, 19, 10, 4779 }, // U+0130
    { 3, 11, 84, 1, 11, 5, 4789 }, // U+0131
    { 14, 15, 256, 1, 15, 27, 4794 }, // U+0132
    { 9, 20, 170, 1, 16, 23, 4821 }, // U+0133
    { 11, 20, 167, 0, 20, 28, 4844 }, // U+0134
    { 8, 20, 84, -2, 16, 20, 4872 }, // U+0135
    { 13, 19, 210, 1, 15, 31, 4892 }, // U+0136
    { 10, 20, 174, 1, 16, 25, 4923 }, // U+0137
    { 10, 11, 179, 1, 11, 14, 4948 }, // U+0138
    { 10, 20, 173, 1, 20, 25, 4962 }, // U+0139
    { 5, 20, 91, 1, 20, 13, 4987 }, // U+013A
    { 10, 19, 173, 1, 15, 24, 5000 }, // U+013B
    { 6, 20, 91, 0, 16, 15, 5024 }, // U+013C
    { 10, 15, 173, 1, 15, 19, 5039 }, // U+013D
    { 6, 16, 95, 1, 16, 12, 5058 }, // U+013E
    { 10, 15, 173, 1, 15, 19, 5070 }, // U+013F
    { 7, 16, 123, 1, 16, 14, 5089 }, // U+0140
    { 12, 15, 179, -1, 15, 23, 5103 }, // U+0141
    { 7, 16, 96, 0, 16, 14, 5126 }, // U+0142
    { 13, 20, 243, 1, 20, 33, 5140 }, // U+0143
    { 10, 16, 191, 1, 16, 20, 5173 }, // U+0144
    { 13, 19, 243, 1, 15, 31, 5193 }, // U+0145
    { 10, 15, 191, 1, 11, 19, 5224 }, // U+0146
    { 13, 20, 243, 1, 20, 33, 5243 }, // U+0147
    { 10, 16, 191, 1, 16, 20, 5276 }, // U+0148
    { 11, 16, 191, 0, 16, 22, 5296 }, // U+0149
    { 13, 19, 243, 1, 15, 31, 5318 }, // U+014A
    { 10, 15, 191, 1, 11, 19, 5349 }, // U+014B
    { 15, 18, 259, 1, 18, 34, 5368 }, // U+014C
    { 11, 15, 197, 1, 15, 21, 5402 }, // U+014D
    { 15, 19, 259, 1, 19, 36, 5423 }, // U+014E
    { 11, 16, 197, 1, 16, 22, 5459 }, // U+014F
    { 15, 20, 259, 1, 20, 38, 5481 }, // U+0150
    { 11, 16, 197, 1, 16, 22, 5519 }, // U+0151
    { 20, 15, 331, 1, 15, 38, 5541 }, // U+0152
    { 18, 11, 316, 1, 11, 25, 5579 }, // U+0153
    { 12, 20, 210, 1, 20, 30, 5604 }, // U+0154
    { 7, 16, 129, 1, 16, 14, 5634 }, // U+0155
    { 12, 19, 210, 1, 15, 29, 5648 }, // U+0156
    { 8, 15, 129, 0, 11, 15, 5677 }, // U+0157
    { 12, 20, 210, 1, 20, 30, 5692 }, // U+0158
    { 7, 16, 129, 1, 16, 14, 5722 }, // U+0159
    { 11, 20, 177, 0, 20, 28, 5736 }, // U+015A
    { 9, 16, 149, 0, 16, 18, 5764 }, // U+015B
    { 11, 20, 177, 0, 20, 28, 5782 }, // U+015C
    { 9, 16, 149, 0, 16, 18, 5810 }, // U+015D
    { 11, 18, 177, 0, 15, 25, 5828 }, // U+015E
    { 9, 14, 149, 0, 11, 16, 5853 }, // U+015F
    { 11, 20, 177, 0, 20, 28, 5869 }, // U+0160
    { 9, 16, 149, 0, 16, 18, 5897 }, // U+0161
    { 12, 18, 188, 0, 15, 27, 5915 }, // U+0162
    { 8, 17, 134, 1, 14, 17, 5942 }, // U+0163
    { 12, 20, 188, 0, 20, 30, 5959 }, // U+0164
    { 8, 16, 134, 1, 16, 16, 5989 }, // U+0165
    { 12, 15, 188, 0, 15, 23, 6005 }, // U+0166
    { 8, 14, 134, 1, 14, 14, 6028 }, // U+0167
    { 12, 19, 229, 1, 19, 29, 6042 }, // U+0168
    { 10, 16, 191, 1, 16, 20, 6071 }, // U+0169
    { 12, 18, 229, 1, 18, 27, 6091 }, // U+016A
    { 10, 15, 191, 1, 15, 19, 6118 }, // U+016B
    { 12, 19, 229, 1, 19, 29, 6137 }, // U+016C
    { 10, 16, 191, 1, 16, 20, 6166 }, // U+016D
    { 12, 19, 229, 1, 19, 29, 6186 }, // U+016E
    { 10, 16, 191, 1, 16, 20, 6215 }, // U+016F
    { 12, 20, 229, 1, 20, 30, 6235 }, // U+0170
    { 10, 16, 191, 1, 16, 20, 6265 }, // U+0171
    { 12, 18, 229, 1, 15, 27, 6285 }, // U+0172
    { 10, 14, 191, 1, 11, 18, 6312 }, // U+0173
    { 19, 20, 310, 0, 20, 48, 6330 }, // U+0174
    { 16, 16, 259, 0, 16, 32, 6378 }, // U+0175
    { 13, 20, 199, 0, 20, 33, 6410 }, // U+0176
    { 11, 20, 166, 0, 16, 28, 6443 }, // U+0177
    { 13, 18, 199, 0, 18, 30, 6471 }, // U+0178
    { 12, 20, 191, 0, 20, 30, 6501 }, // U+0179
    { 10, 16, 157, 0, 16, 20, 6531 }, // U+017A
    { 12, 19, 191, 0, 19, 29, 6551 }, // U+017B
    { 10, 16, 157, 0, 16, 20, 6580 }, // U+017C
    { 12, 20, 191, 0, 20, 30, 6600 }, // U+017D
    { 10, 16, 157, 0, 16, 20, 6630 }, // U+017E
    { 8, 16, 91, 1, 16, 16, 6650 }, // U+017F
    { 15, 17, 259, 1, 17, 32, 6666 }, // U+01A0
    { 12, 13, 197, 1, 13, 20, 6698 }, // U+01A1
    { 15, 17, 237, 1, 17, 32, 6718 }, // U+01AF
    { 12, 13, 199, 1, 13, 20, 6750 }, // U+01B0
    { 26, 19, 430, 1, 19, 62, 6770 }, // U+01C4
    { 24, 16, 396, 1, 16, 48, 6832 }, // U+01C5
    { 21, 16, 355, 1, 16, 42, 6880 }, // U+01C6
    { 19, 15, 339, 1, 15, 36, 6922 }, // U+01C7
    { 14, 20, 259, 1, 16, 35, 6958 }, // U+01C8
    { 9, 20, 177, 1, 16, 23, 6993 }, // U+01C9
    { 24, 15, 409, 1, 15, 45, 7016 }, // U+01CA
    { 19, 20, 328, 1, 16, 48, 7061 }, // U+01CB
    { 16, 20, 277, 1, 16, 40, 7109 }, // U+01CC
    { 14, 20, 221, 0, 20, 35, 7149 }, // U+01CD
    { 10, 16, 174, 0, 16, 20, 7184 }, // U+01CE
    { 6, 20, 90, 0, 20, 15, 7204 }, // U+01CF
    { 7, 16, 84, -1, 16, 14, 7219 }, // U+01D0
    { 15, 20, 259, 1, 20, 38, 7233 }, // U+01D1
    { 11, 16, 197, 1, 16, 22, 7271 }, // U+01D2
    { 12, 20, 229, 1, 20, 30, 7293 }, // U+01D3
    { 10, 16, 191, 1, 16, 20, 7323 }, // U+01D4
    { 12, 21, 229, 1, 21, 32, 7343 }, // U+01D5
    { 10, 17, 191, 1, 17, 22, 7375 }, // U+01D6
    { 12, 21, 229, 1, 21, 32, 7397 }, // U+01D7
    { 10, 18, 191, 1, 18, 23, 7429 }, // U+01D8
    { 12, 20, 229, 1, 20, 30, 7452 }, // U+01D9
    { 10, 17, 191, 1, 17, 22, 7482 }, // U+01DA
    { 12, 21, 229, 1, 21, 32, 7504 }, // U+01DB
    { 10, 18, 191, 1, 18, 23, 7536 }, // U+01DC
    { 10, 11, 186, 1, 11, 14, 7559 }, // U+01DD
    { 14, 21, 221, 0, 21, 37, 7573 }, // U+01DE
    { 10, 17, 174, 0, 17, 22, 7610 }, // U+01DF
    { 14, 21, 221, 0, 21, 37, 7632 }, // U+01E0
    { 10, 17, 174, 0, 17, 22, 7669 }, // U+01E1
    { 19, 18, 312, 0, 18, 43, 7691 }, // U+01E2
    { 17, 15, 286, 0, 15, 32, 7734 }, // U+01E3
    { 14, 15, 234, 1, 15, 27, 7766 }, // U+01E4
    { 12, 15, 197, 1, 11, 23, 7793 }, // U+01E5
    { 12, 20, 224, 1, 20, 30, 7816 }, // U+01E6
    { 10, 20, 193, 1, 16, 25, 7846 }, // U+01E7
    { 13, 20, 210, 1, 20, 33, 7871 }, // U+01E8
    { 10, 20, 174, 1, 20, 25, 7904 }, // U+01E9
    { 15, 18, 259, 1, 15, 34, 7929 }, // U+01EA
    { 11, 14, 197, 1, 11, 20, 7963 }, // U+01EB
    { 15, 21, 259, 1, 18, 40, 7983 }, // U+01EC
    { 11, 18, 197, 1, 15, 25, 8023 }, // U+01ED
    { 11, 20, 189, 0, 20, 28, 8048 }, // U+01EE
    { 11, 20, 157, -1, 16, 28, 8076 }, // U+01EF
    { 8, 20, 84, -2, 16, 20, 8104 }, // U+01F0
    { 26, 15, 430, 1, 15, 49, 8124 }, // U+01F1
    { 24, 15, 396, 1, 15, 45, 8173 }, // U+01F2
    { 21, 16, 355, 1, 16, 42, 8218 }, // U+01F3
    { 12, 20, 224, 1, 20, 30, 8260 }, // U+01F4
    { 10, 20, 193, 1, 16, 25, 8290 }, // U+01F5
    { 20, 15, 352, 1, 15, 38, 8315 }, // U+01F6
    { 12, 19, 214, 1, 15, 29, 8353 }, // U+01F7
    { 13, 20, 243, 1, 20, 33, 8382 }, // U+01F8
    { 10, 16, 191, 1, 16, 20, 8415 }, // U+01F9
    { 14, 21, 221, 0, 21, 37, 8435 }, // U+01FA
    { 10, 19, 174, 0, 19, 24, 8472 }, // U+01FB
    { 19, 20, 312, 0, 20, 48, 8496 }, // U+01FC
    { 17, 16, 286, 0, 16, 34, 8544 }, // U+01FD
    { 15, 20, 259, 1, 20, 38, 8578 }, // U+01FE
    { 11, 16, 197, 1, 16, 22, 8616 }, // U+01FF
    { 14, 20, 221, 0, 20, 35, 8638 }, // U+0200
    { 10, 16, 174, 0, 16, 20, 8673 }, // U+0201
    { 14, 19, 221, 0, 19, 34, 8693 }, // U+0202
    { 10, 16, 174, 0, 16, 20, 8727 }, // U+0203
    { 11, 20, 190, 1, 20, 28, 8747 }, // U+0204
    { 10, 16, 186, 1, 16, 20, 8775 }, // U+0205
    { 11, 19, 190, 1, 19, 27, 8795 }, // U+0206
    { 10, 16, 186, 1, 16, 20, 8822 }, // U+0207
    { 8, 20, 90, -2, 20, 20, 8842 }, // U+0208
    { 8, 16, 84, -2, 16, 16, 8862 }, // U+0209
    { 6, 19, 90, 0, 19, 15, 8878 }, // U+020A
    { 7, 16, 84, -1, 16, 14, 8893 }, // U+020B
    { 15, 20, 259, 1, 20, 38, 8907 }, // U+020C
    { 11, 16, 197, 1, 16, 22, 8945 }, // U+020D
    { 15, 19, 259, 1, 19, 36, 8967 }, // U+020E
    { 11, 16, 197, 1, 16, 22, 9003 }, // U+020F
    { 12, 20, 210, 1, 20, 30, 9025 }, // U+0210
    { 8, 16, 129, 0, 16, 16, 9055 }, // U+0211
    { 12, 19, 210, 1, 19, 29, 9071 }, // U+0212
    { 7, 16, 129, 1, 16, 14, 9100 }, // U+0213
    { 12, 20, 229, 1, 20, 30, 9114 }, // U+0214
    { 10, 16, 191, 1, 16, 20, 9144 }, // U+0215
    { 12, 19, 229, 1, 19, 29, 9164 }, // U+0216
    { 10, 16, 191, 1, 16, 20, 9193 }, // U+0217
    { 11, 19, 177, 0, 15, 27, 9213 }, // U+0218
    { 9, 15, 149, 0, 11, 17, 9240 }, // U+0219
    { 12, 19, 188, 0, 15, 29, 9257 }, // U+021A
    { 8, 18, 134, 1, 14, 18, 9286 }, // U+021B
    { 11, 19, 178, 0, 15, 27, 9304 }, // U+021C
    { 9, 15, 145, 0, 11, 17, 9331 }, // U+021D
    { 12, 20, 235, 1, 20, 30, 9348 }, // U+021E
    { 10, 20, 190, 1, 20, 25, 9378 }, // U+021F
    { 10, 13, 187, 1, 12, 17, 9403 }, // U+0250
    { 12, 13, 205, 1, 12, 20, 9420 }, // U+0251
    { 12, 13, 205, 0, 12, 20, 9440 }, // U+0252
    { 11, 17, 205, 1, 16, 24, 9460 }, // U+0253
    { 9, 13, 160, 0, 12, 15, 9484 }, // U+0254
    { 10, 14, 177, 1, 12, 18, 9499 }, // U+0255
    { 13, 21, 205, 1, 16, 35, 9517 }, // U+0256
    { 13, 17, 205, 1, 16, 28, 9552 }, // U+0257
    { 10, 13, 188, 1, 12, 17, 9580 }, // U+0258
    { 10, 13, 188, 1, 12, 17, 9597 }, // U+0259
    { 16, 13, 261, 1, 12, 26, 9614 }, // U+025A
    { 10, 13, 161, 0, 12, 17, 9640 }, // U+025B
    { 10, 13, 163, 0, 12, 17, 9657 }, // U+025C
    { 15, 13, 234, 0, 12, 25, 9674 }, // U+025D
    { 11, 13, 200, 1, 12, 18, 9699 }, // U+025E
    { 8, 17, 86, -2, 12, 17, 9717 }, // U+025F
    { 13, 21, 205, 1, 16, 35, 9734 }, // U+0260
    { 11, 17, 205, 1, 12, 24, 9769 }, // U+0261
    { 10, 13, 191, 1, 12, 17, 9793 }, // U+0262
    { 11, 17, 169, 0, 12, 24, 9810 }, // U+0263
    { 12, 13, 169, -1, 12, 20, 9834 }, // U+0264
    { 11, 17, 206, 1, 12, 24, 9854 }, // U+0265
    { 11, 16, 206, 1, 16, 22, 9878 }, // U+0266
    { 11, 21, 206, 1, 16, 29, 9900 }, // U+0267
    { 6, 16, 86, 0, 16, 12, 9929 }, // U+0268
    { 6, 13, 111, 1, 12, 10, 9941 }, // U+0269
    { 6, 12, 107, 0, 12, 9, 9951 }, // U+026A
    { 8, 16, 126, 0, 16, 16, 9960 }, // U+026B
    { 9, 16, 117, -1, 16, 18, 9976 }, // U+026C
    { 6, 21, 86, 1, 16, 16, 9994 }, // U+026D
    { 12, 21, 219, 1, 16, 32, 10010 }, // U+026E
    { 17, 13, 312, 1, 12, 28, 10042 }, // U+026F
    { 17, 17, 312, 1, 12, 37, 10070 }, // U+0270
    { 17, 17, 312, 1, 12, 37, 10107 }, // U+0271
    { 13, 17, 206, -1, 12, 28, 10144 }, // U+0272
    { 13, 17, 206, 1, 12, 28, 10172 }, // U+0273
    { 11, 12, 211, 1, 12, 17, 10200 }, // U+0274
    { 11, 13, 202, 1, 12, 18, 10217 }, // U+0275
    { 16, 13, 288, 1, 12, 26, 10235 }, // U+0276
    { 15, 13, 261, 1, 12, 25, 10261 }, // U+0277
    { 13, 21, 242, 1, 16, 35, 10286 }, // U+0278
    { 7, 13, 138, 0, 12, 12, 10321 }, // U+0279
    { 7, 17, 138, 0, 16, 15, 10333 }, // U+027A
    { 10, 17, 138, 0, 12, 22, 10348 }, // U+027B
    { 8, 17, 138, 1, 12, 17, 10370 }, // U+027C
    { 8, 17, 138, 1, 12, 17, 10387 }, // U+027D
    { 6, 12, 115, 1, 12, 9, 10404 }, // U+027E
    { 6, 17, 115, 0, 12, 13, 10413 }, // U+027F
    { 11, 12, 186, 1, 12, 17, 10426 }, // U+0280
    { 11, 12, 186, 1, 12, 17, 10443 }, // U+0281
    { 9, 17, 160, 1, 12, 20, 10460 }, // U+0282
    { 7, 21, 86, -1, 16, 19, 10480 }, // U+0283
    { 7, 21, 86, -1, 16, 19, 10499 }, // U+0284
    { 7, 17, 86, -1, 12, 15, 10518 }, // U+0285
    { 9, 21, 86, -3, 16, 24, 10533 }, // U+0286
    { 8, 15, 120, 0, 12, 15, 10557 }, // U+0287
    { 8, 19, 120, 0, 14, 19, 10572 }, // U+0288
    { 13, 13, 206, 0, 12, 22, 10591 }, // U+0289
    { 12, 13, 202, 0, 12, 20, 10613 }, // U+028A
    { 11, 13, 202, 1, 12, 18, 10633 }, // U+028B
    { 11, 12, 169, 0, 12, 17, 10651 }, // U+028C
    { 17, 13, 262, 0, 12, 28, 10668 }, // U+028D
    { 11, 17, 170, 0, 17, 24, 10696 }, // U+028E
    { 10, 12, 158, 0, 12, 15, 10720 }, // U+028F
    { 12, 17, 157, 0, 12, 26, 10735 }, // U+0290
    { 12, 14, 181, 0, 12, 21, 10761 }, // U+0291
    { 11, 15, 157, -1, 11, 21, 10782 }, // U+0292
    { 12, 17, 166, -1, 12, 26, 10803 }, // U+0293
    { 9, 16, 142, 0, 16, 18, 10829 }, // U+0294
    { 9, 16, 142, 0, 16, 18, 10847 }, // U+0295
    { 9, 17, 142, 0, 16, 20, 10865 }, // U+0296
    { 9, 17, 156, 1, 12, 20, 10885 }, // U+0297
    { 14, 17, 260, 1, 16, 30, 10905 }, // U+0298
    { 11, 12, 192, 1, 12, 17, 10935 }, // U+0299
    { 12, 13, 200, 0, 12, 20, 10952 }, // U+029A
    { 12, 17, 191, 1, 16, 26, 10972 }, // U+029B
    { 11, 12, 212, 1, 12, 17, 10998 }, // U+029C
    { 8, 21, 86, -2, 16, 21, 11015 }, // U+029D
    { 10, 17, 178, 0, 12, 22, 11036 }, // U+029E
    { 8, 12, 145, 1, 12, 12, 11058 }, // U+029F
    { 13, 21, 205, 1, 16, 35, 11070 }, // U+02A0
    { 9, 16, 142, 0, 16, 18, 11105 }, // U+02A1
    { 9, 16, 142, 0, 16, 18, 11123 }, // U+02A2
    { 19, 17, 320, 1, 16, 41, 11141 }, // U+02A3
    { 19, 21, 327, 1, 16, 50, 11182 }, // U+02A4
    { 21, 18, 344, 1, 16, 48, 11232 }, // U+02A5
    { 15, 14, 253, 0, 14, 27, 11280 }, // U+02A6
    { 12, 21, 170, 0, 16, 32, 11307 }, // U+02A7
    { 18, 15, 287, 0, 14, 34, 11339 }, // U+02A8
    { 17, 21, 287, 0, 16, 45, 11373 }, // U+02A9
    { 12, 17, 221, 1, 16, 26, 11418 }, // U+02AA
    { 11, 16, 201, 1, 16, 22, 11444 }, // U+02AB
    { 11, 15, 170, 0, 15, 21, 11466 }, // U+02AC
    { 10, 15, 197, 1, 15, 19, 11487 }, // U+02AD
    { 13, 17, 209, -1, 12, 28, 11506 }, // U+02AE
    { 15, 17, 209, -1, 12, 32, 11534 }, // U+02AF
    { 3, 6, 53, 0, 16, 3, 11566 }, // U+02C8
    { 7, 2, 125, 0, 15, 2, 11569 }, // U+02C9
    { 6, 4, 94, 0, 16, 3, 11571 }, // U+02CA
    { 6, 4, 94, 0, 16, 3, 11574 }, // U+02CB
    { 3, 7, 53, 0, 2, 3, 11577 }, // U+02CC
    { 8, 3, 126, 0, -1, 3, 11580 }, // U+02CD
    { 6, 4, 94, 0, -1, 3, 11583 }, // U+02CE
    { 6, 4, 94, 0, -1, 3, 11586 }, // U+02CF
    { 5, 12, 107, 1, 12, 8, 11589 }, // U+02D0
    { 6, 4, 0, -11, 17, 3, 11597 }, // U+0300
    { 6, 4, 0, -6, 17, 3, 11600 }, // U+0301
    { 8, 4, 0, -4, 17, 4, 11603 }, // U+0302
    { 8, 4, 0, -11, 17, 4, 11607 }, // U+0303
    { 8, 3, 0, -4, 16, 3, 11611 }, // U+0304
    { 8, 4, 0, -4, 17, 4, 11614 }, // U+0306
    { 4, 3, 0, -2, 17, 2, 11618 }, // U+0307
    { 8, 3, 0, -4, 17, 3, 11620 }, // U+0308
    { 4, 6, 0, -8, 18, 3, 11623 }, // U+0309
    { 6, 7, 0, -3, 19, 6, 11626 }, // U+030A
    { 9, 4, 0, -3, 17, 5, 11632 }, // U+030B
    { 8, 4, 0, -4, 17, 4, 11637 }, // U+030C
    { 6, 3, 125, 1, 16, 3, 11641 }, // U+0311
    { 4, 6, 0, -2, 15, 3, 11644 }, // U+0312
    { 6, 5, 0, -3, 16, 4, 11647 }, // U+031B
    { 3, 3, 0, -8, -1, 2, 11651 }, // U+0323
    { 4, 4, 0, -2, -1, 2, 11653 }, // U+0326
    { 5, 7, 0, -3, 1, 5, 11655 }, // U+0327
    { 4, 7, 0, -2, 1, 4, 11660 }, // U+0328
    { 0, 0, 0, 0, 0, 0, 11664 }, // U+034F
    { 11, 16, 201, 1, 16, 22, 11664 }, // U+03B8
    { 11, 20, 190, 1, 20, 28, 11686 }, // U+0400
    { 11, 18, 190, 1, 18, 25, 11714 }, // U+0401
    { 15, 15, 250, 0, 15, 29, 11739 }, // U+0402
    { 10, 20, 170, 1, 20, 25, 11768 }, // U+0403
    { 12, 15, 207, 1, 15, 23, 11793 }, // U+0404
    { 11, 15, 177, 0, 15, 21, 11816 }, // U+0405
    { 3, 15, 90, 1, 15, 6, 11837 }, // U+0406
    { 8, 18, 90, -1, 18, 18, 11843 }, // U+0407
    { 9, 15, 167, 0, 15, 17, 11861 }, // U+0408
    { 22, 16, 348, 0, 15, 44, 11878 }, // U+0409
    { 20, 15, 342, 1, 15, 38, 11922 }, // U+040A
    { 15, 15, 250, 0, 15, 29, 11960 }, // U+040B
    { 13, 20, 210, 1, 20, 33, 11989 }, // U+040C
    { 13, 20, 243, 1, 20, 33, 12022 }, // U+040D
    { 13, 19, 196, 0, 19, 31, 12055 }, // U+040E
    { 12, 19, 233, 1, 15, 29, 12086 }, // U+040F
    { 14, 15, 221, 0, 15, 27, 12115 }, // U+0410
    { 12, 15, 206, 1, 15, 23, 12142 }, // U+0411
    { 12, 15, 214, 1, 15, 23, 12165 }, // U+0412
    { 10, 15, 170, 1, 15, 19, 12188 }, // U+0413
    { 15, 19, 241, 0, 15, 36, 12207 }, // U+0414
    { 11, 15, 190, 1, 15, 21, 12243 }, // U+0415
    { 19, 15, 302, 0, 15, 36, 12264 }, // U+0416
    { 11, 15, 191, 0, 15, 21, 12300 }, // U+0417
    { 13, 15, 243, 1, 15, 25, 12321 }, // U+0418
    { 13, 19, 243, 1, 19, 31, 12346 }, // U+0419
    { 13, 15, 210, 1, 15, 25, 12377 }, // U+041A
    { 14, 15, 236, 0, 15, 27, 12402 }, // U+041B
    { 16, 15, 290, 1, 15, 30, 12429 }, // U+041C
    { 12, 15, 235, 1, 15, 23, 12459 }, // U+041D
    { 15, 15, 259, 1, 15, 29, 12482 }, // U+041E
    { 12, 15, 233, 1, 15, 23, 12511 }, // U+041F
    { 12, 15, 203, 1, 15, 23, 12534 }, // U+0420
    { 12, 15, 207, 1, 15, 23, 12557 }, // U+0421
    { 12, 15, 188, 0, 15, 23, 12580 }, // U+0422
    { 13, 15, 196, 0, 15, 25, 12603 }, // U+0423
    { 16, 16, 288, 1, 16, 32, 12628 }, // U+0424
    { 13, 15, 210, 0, 15, 25, 12660 }, // U+0425
    { 14, 19, 239, 1, 15, 34, 12685 }, // U+0426
    { 11, 15, 210, 1, 15, 21, 12719 }, // U+0427
    { 18, 15, 328, 1, 15, 34, 12740 }, // U+0428
    { 20, 19, 334, 1, 15, 48, 12774 }, // U+0429
    { 15, 15, 242, 0, 15, 29, 12822 }, // U+042A
    { 16, 15, 285, 1, 15, 30, 12851 }, // U+042B
    { 12, 15, 205, 1, 15, 23, 12881 }, // U+042C
    { 12, 15, 207, 0, 15, 23, 12904 }, // U+042D
    { 20, 15, 343, 1, 15, 38, 12927 }, // U+042E
    { 12, 15, 212, 0, 15, 23, 12965 }, // U+042F
    { 10, 11, 174, 0, 11, 14, 12988 }, // U+0430
    { 11, 16, 198, 1, 16, 22, 13002 }, // U+0431
    { 10, 11, 183, 1, 11, 14, 13024 }, // U+0432
    { 8, 11, 139, 1, 11, 11, 13038 }, // U+0433
    { 13, 14, 201, 0, 11, 23, 13049 }, // U+0434
    { 10, 11, 186, 1, 11, 14, 13072 }, // U+0435
    { 16, 11, 254, 0, 11, 22, 13086 }, // U+0436
    { 10, 11, 163, 0, 11, 14, 13108 }, // U+0437
    { 10, 11, 199, 1, 11, 14, 13122 }, // U+0438
    { 10, 16, 199, 1, 16, 20, 13136 }, // U+0439
    { 10, 11, 179, 1, 11, 14, 13156 }, // U+043A
    { 11, 11, 199, 0, 11, 16, 13170 }, // U+043B
    { 13, 11, 244, 1, 11, 18, 13186 }, // U+043C
    { 10, 11, 195, 1, 11, 14, 13204 }, // U+043D
    { 11, 11, 197, 1, 11, 16, 13218 }, // U+043E
    { 10, 11, 193, 1, 11, 14, 13234 }, // U+043F
    { 11, 15, 196, 1, 11, 21, 13248 }, // U+0440
    { 9, 11, 155, 1, 11, 13, 13269 }, // U+0441
    { 10, 11, 154, 0, 11, 14, 13282 }, // U+0442
    { 11, 15, 166, 0, 11, 21, 13296 }, // U+0443
    { 15, 20, 255, 1, 16, 38, 13317 }, // U+0444
    { 11, 11, 170, 0, 11, 16, 13355 }, // U+0445
    { 11, 14, 195, 1, 11, 20, 13371 }, // U+0446
    { 10, 11, 178, 0, 11, 14, 13391 }, // U+0447
    { 15, 11, 274, 1, 11, 21, 13405 }, // U+0448
    { 17, 14, 278, 1, 11, 30, 13426 }, // U+0449
    { 12, 11, 199, 0, 11, 17, 13456 }, // U+044A
    { 14, 11, 253, 1, 11, 20, 13473 }, // U+044B
    { 10, 11, 176, 1, 11, 14, 13493 }, // U+044C
    { 10, 11, 166, 0, 11, 14, 13507 }, // U+044D
    { 15, 11, 270, 1, 11, 21, 13521 }, // U+044E
    { 10, 11, 183, 0, 11, 14, 13542 }, // U+044F
    { 10, 16, 186, 1, 16, 20, 13556 }, // U+0450
    { 10, 15, 186, 1, 15, 19, 13576 }, // U+0451
    { 11, 20, 190, 0, 16, 28, 13595 }, // U+0452
    { 8, 16, 139, 1, 16, 16, 13623 }, // U+0453
    { 9, 11, 166, 1, 11, 13, 13639 }, // U+0454
    { 9, 11, 149, 0, 11, 13, 13652 }, // U+0455
    { 3, 16, 84, 1, 16, 6, 13665 }, // U+0456
    { 7, 15, 84, -1, 15, 14, 13671 }, // U+0457
    { 6, 20, 84, -2, 16, 15, 13685 }, // U+0458
    { 18, 11, 288, 0, 11, 25, 13700 }, // U+0459
    { 17, 11, 284, 1, 11, 24, 13725 }, // U+045A
    { 11, 16, 190, 0, 16, 22, 13749 }, // U+045B
    { 10, 16, 179, 1, 16, 20, 13771 }, // U+045C
    { 10, 16, 199, 1, 16, 20, 13791 }, // U+045D
    { 11, 20, 166, 0, 16, 28, 13811 }, // U+045E
    { 10, 14, 192, 1, 11, 18, 13839 }, // U+045F
    { 15, 16, 242, 0, 16, 30, 13857 }, // U+0462
    { 12, 16, 199, 0, 16, 24, 13887 }, // U+0463
    { 15, 15, 259, 1, 15, 29, 13911 }, // U+0472
    { 11, 11, 197, 1, 11, 16, 13940 }, // U+0473
    { 17, 15, 251, 0, 15, 32, 13956 }, // U+0474
    { 12, 11, 188, 0, 11, 17, 13988 }, // U+0475
    { 15, 23, 248, 1, 19, 44, 14005 }, // U+048A
    { 12, 20, 203, 1, 16, 30, 14049 }, // U+048B
    { 13, 16, 210, 0, 16, 26, 14079 }, // U+048C
    { 11, 11, 175, 0, 11, 16, 14105 }, // U+048D
    { 12, 15, 203, 1, 15, 23, 14121 }, // U+048E
    { 11, 15, 196, 1, 11, 21, 14144 }, // U+048F
    { 10, 18, 170, 1, 18, 23, 14165 }, // U+0490
    { 8, 14, 143, 1, 14, 14, 14188 }, // U+0491
    { 11, 15, 174, 0, 15, 21, 14202 }, // U+0492
    { 9, 11, 142, 0, 11, 13, 14223 }, // U+0493
    { 12, 19, 208, 1, 15, 29, 14236 }, // U+0494
    { 10, 15, 181, 1, 11, 19, 14265 }, // U+0495
    { 20, 19, 307, 0, 15, 48, 14284 }, // U+0496
    { 17, 14, 258, 0, 11, 30, 14332 }, // U+0497
    { 11, 18, 191, 0, 15, 25, 14362 }, // U+0498
    { 10, 14, 163, 0, 11, 18, 14387 }, // U+0499
    { 13, 19, 219, 1, 15, 31, 14405 }, // U+049A
    { 11, 15, 182, 1, 11, 21, 14436 }, // U+049B
    { 14, 15, 236, 1, 15, 27, 14457 }, // U+049C
    { 12, 11, 206, 1, 11, 17, 14484 }, // U+049D
    { 14, 15, 214, 0, 15, 27, 14501 }, // U+049E
    { 12, 11, 185, 0, 11, 17, 14528 }, // U+049F
    { 16, 15, 246, 0, 15, 30, 14545 }, // U+04A0
    { 13, 11, 202, 0, 11, 18, 14575 }, // U+04A1
    { 14, 19, 241, 1, 15, 34, 14593 }, // U+04A2
    { 12, 14, 199, 1, 11, 21, 14627 }, // U+04A3
    { 16, 15, 272, 1, 15, 30, 14648 }, // U+04A4
    { 13, 11, 219, 1, 11, 18, 14678 }, // U+04A5
    { 20, 19, 344, 1, 15, 48, 14696 }, // U+04A6
    { 17, 15, 287, 1, 11, 32, 14744 }, // U+04A7
    { 15, 19, 262, 1, 15, 36, 14776 }, // U+04A8
    { 11, 14, 203, 1, 11, 20, 14812 }, // U+04A9
    { 12, 18, 207, 1, 15, 27, 14832 }, // U+04AA
    { 9, 15, 155, 1, 11, 17, 14859 }, // U+04AB
    { 12, 19, 188, 0, 15, 29, 14876 }, // U+04AC
    { 10, 14, 154, 0, 11, 18, 14905 }, // U+04AD
    { 13, 15, 199, 0, 15, 25, 14923 }, // U+04AE
    { 11, 15, 167, 0, 11, 21, 14948 }, // U+04AF
    { 13, 15, 199, 0, 15, 25, 14969 }, // U+04B0
    { 11, 15, 167, 0, 11, 21, 14994 }, // U+04B1
    { 14, 19, 218, 0, 15, 34, 15015 }, // U+04B2
    { 11, 14, 175, 0, 11, 20, 15049 }, // U+04B3
    { 18, 19, 282, 0, 15, 43, 15069 }, // U+04B4
    { 14, 14, 220, 0, 11, 25, 15112 }, // U+04B5
    { 13, 19, 217, 1, 15, 31, 15137 }, // U+04B6
    { 11, 14, 181, 0, 11, 20, 15168 }, // U+04B7
    { 11, 15, 213, 1, 15, 21, 15188 }, // U+04B8
    { 10, 11, 178, 0, 11, 14, 15209 }, // U+04B9
    { 12, 15, 213, 1, 15, 23, 15223 }, // U+04BA
    { 10, 16, 190, 1, 16, 20, 15246 }, // U+04BB
    { 17, 15, 278, 0, 15, 32, 15266 }, // U+04BC
    { 13, 11, 223, 0, 11, 18, 15298 }, // U+04BD
    { 17, 19, 278, 0, 15, 41, 15316 }, // U+04BE
    { 13, 14, 223, 0, 11, 23, 15357 }, // U+04BF
    { 3, 15, 90, 1, 15, 6, 15380 }, // U+04C0
    { 19, 19, 302, 0, 19, 46, 15386 }, // U+04C1
    { 16, 16, 254, 0, 16, 32, 15432 }, // U+04C2
    { 12, 19, 210, 1, 15, 29, 15464 }, // U+04C3
    { 10, 15, 181, 1, 11, 19, 15493 }, // U+04C4
    { 15, 19, 241, 0, 15, 36, 15512 }, // U+04C5
    { 13, 15, 203, 0, 11, 25, 15548 }, // U+04C6
    { 12, 19, 235, 1, 15, 29, 15573 }, // U+04C7
    { 10, 15, 195, 1, 11, 19, 15602 }, // U+04C8
    { 14, 19, 241, 1, 15, 34, 15621 }, // U+04C9
    { 12, 15, 199, 1, 11, 23, 15655 }, // U+04CA
    { 11, 19, 213, 1, 15, 27, 15678 }, // U+04CB
    { 10, 14, 178, 0, 11, 18, 15705 }, // U+04CC
    { 18, 19, 300, 1, 15, 43, 15723 }, // U+04CD
    { 15, 15, 250, 1, 11, 29, 15766 }, // U+04CE
    { 3, 15, 90, 1, 15, 6, 15795 }, // U+04CF
    { 14, 19, 221, 0, 19, 34, 15801 }, // U+04D0
    { 10, 16, 174, 0, 16, 20, 15835 }, // U+04D1
    { 14, 18, 221, 0, 18, 32, 15855 }, // U+04D2
    { 10, 15, 174, 0, 15, 19, 15887 }, // U+04D3
    { 19, 15, 312, 0, 15, 36, 15906 }, // U+04D4
    { 17, 11, 286, 0, 11, 24, 15942 }, // U+04D5
    { 11, 19, 190, 1, 19, 27, 15966 }, // U+04D6
    { 10, 16, 186, 1, 16, 20, 15993 }, // U+04D7
    { 13, 15, 235, 1, 15, 25, 16013 }, // U+04D8
    { 10, 11, 186, 1, 11, 14, 16038 }, // U+04D9
    { 13, 18, 235, 1, 18, 30, 16052 }, // U+04DA
    { 10, 15, 186, 1, 15, 19, 16082 }, // U+04DB
    { 19, 18, 302, 0, 18, 43, 16101 }, // U+04DC
    { 16, 15, 254, 0, 15, 30, 16144 }, // U+04DD
    { 11, 18, 191, 0, 18, 25, 16174 }, // U+04DE
    { 10, 15, 163, 0, 15, 19, 16199 }, // U+04DF
    { 11, 15, 189, 0, 15, 21, 16218 }, // U+04E0
    { 11, 15, 157, -1, 11, 21, 16239 }, // U+04E1
    { 13, 18, 243, 1, 18, 30, 16260 }, // U+04E2
    { 10, 15, 199, 1, 15, 19, 16290 }, // U+04E3
    { 13, 18, 243, 1, 18, 30, 16309 }, // U+04E4
    { 10, 15, 199, 1, 15, 19, 16339 }, // U+04E5
    { 15, 18, 259, 1, 18, 34, 16358 }, // U+04E6
    { 11, 15, 197, 1, 15, 21, 16392 }, // U+04E7
    { 15, 15, 259, 1, 15, 29, 16413 }, // U+04E8
    { 11, 11, 197, 1, 11, 16, 16442 }, // U+04E9
    { 15, 18, 259, 1, 18, 34, 16458 }, // U+04EA
    { 11, 15, 197, 1, 15, 21, 16492 }, // U+04EB
    { 12, 18, 207, 0, 18, 27, 16513 }, // U+04EC
    { 10, 15, 166, 0, 15, 19, 16540 }, // U+04ED
    { 13, 18, 196, 0, 18, 30, 16559 }, // U+04EE
    { 11, 19, 166, 0, 15, 27, 16589 }, // U+04EF
    { 13, 18, 196, 0, 18, 30, 16616 }, // U+04F0
    { 11, 19, 166, 0, 15, 27, 16646 }, // U+04F1
    { 13, 19, 196, 0, 19, 31, 16673 }, // U+04F2
    { 11, 20, 166, 0, 16, 28, 16704 }, // U+04F3
    { 11, 18, 210, 1, 18, 25, 16732 }, // U+04F4
    { 10, 15, 178, 0, 15, 19, 16757 }, // U+04F5
    { 10, 19, 170, 1, 15, 24, 16776 }, // U+04F6
    { 8, 14, 139, 1, 11, 14, 16800 }, // U+04F7
    { 16, 18, 285, 1, 18, 36, 16814 }, // U+04F8
    { 14, 15, 253, 1, 15, 27, 16850 }, // U+04F9
    { 13, 12, 211, 0, 12, 20, 16877 }, // U+05D0
    { 12, 12, 191, 0, 12, 18, 16897 }, // U+05D1
    { 8, 13, 125, 0, 12, 13, 16915 }, // U+05D2
    { 11, 12, 181, 0, 12, 17, 16928 }, // U+05D3
    { 11, 12, 209, 1, 12, 17, 16945 }, // U+05D4
    { 5, 12, 100, 0, 12, 8, 16962 }, // U+05D5
    { 7, 12, 110, 0, 12, 11, 16970 }, // U+05D6
    { 13, 12, 221, 0, 12, 20, 16981 }, // U+05D7
    { 12, 12, 211, 1, 12, 18, 17001 }, // U+05D8
    { 5, 8, 98, 0, 12, 5, 17019 }, // U+05D9
    { 10, 16, 182, 0, 12, 20, 17024 }, // U+05DA
    { 10, 12, 172, 0, 12, 15, 17044 }, // U+05DB
    { 11, 16, 174, 0, 16, 22, 17059 }, // U+05DC
    { 12, 12, 228, 1, 12, 18, 17081 }, // U+05DD
    { 13, 12, 220, 0, 12, 20, 17099 }, // U+05DE
    { 5, 16, 110, 0, 12, 10, 17119 }, // U+05DF
    { 6, 12, 126, 1, 12, 9, 17129 }, // U+05E0
    { 13, 12, 214, 0, 12, 20, 17138 }, // U+05E1
    { 12, 15, 198, 0, 13, 23, 17158 }, // U+05E2
    { 11, 16, 207, 1, 12, 22, 17181 }, // U+05E3
    { 11, 12, 200, 1, 12, 17, 17203 }, // U+05E4
    { 11, 16, 176, 0, 12, 22, 17220 }, // U+05E5
    { 11, 12, 185, 0, 12, 17, 17242 }, // U+05E6
    { 12, 16, 209, 1, 12, 24, 17259 }, // U+05E7
    { 10, 12, 174, 0, 12, 15, 17283 }, // U+05E8
    { 13, 12, 243, 1, 12, 20, 17298 }, // U+05E9
    { 13, 12, 228, 0, 12, 20, 17318 }, // U+05EA
    { 4, 6, 109, 1, 5, 3, 17338 }, // U+060C
    { 4, 12, 115, 1, 11, 6, 17341 }, // U+061B
    { 9, 17, 145, 0, 16, 20, 17347 }, // U+061F
    { 8, 10, 137, 0, 8, 10, 17367 }, // U+0621
    { 7, 3, 90, 0, 2, 3, 17377 }, // U+0640
    { 4, 4, 191, 4, 8, 2, 17380 }, // U+0660
    { 4, 16, 191, 4, 15, 8, 17382 }, // U+0661
    { 10, 16, 191, 1, 15, 20, 17390 }, // U+0662
    { 12, 16, 191, 0, 15, 24, 17410 }, // U+0663
    { 10, 16, 191, 1, 15, 20, 17434 }, // U+0664
    { 10, 12, 191, 1, 11, 15, 17454 }, // U+0665
    { 10, 16, 191, 1, 15, 20, 17469 }, // U+0666
    { 12, 16, 191, 0, 15, 24, 17489 }, // U+0667
    { 12, 16, 191, 0, 15, 24, 17513 }, // U+0668
    { 10, 16, 191, 1, 15, 20, 17537 }, // U+0669
    { 14, 12, 228, 0, 7, 21, 17557 }, // U+06BA
    { 6, 2, 100, 0, 2, 2, 17578 }, // U+06D4
    { 4, 4, 191, 4, 8, 2, 17580 }, // U+06F0
    { 4, 16, 191, 4, 15, 8, 17582 }, // U+06F1
    { 10, 16, 191, 1, 15, 20, 17590 }, // U+06F2
    { 12, 16, 191, 0, 15, 24, 17610 }, // U+06F3
    { 10, 15, 191, 1, 15, 19, 17634 }, // U+06F4
    { 10, 15, 191, 1, 15, 19, 17653 }, // U+06F5
    { 8, 16, 191, 2, 15, 16, 17672 }, // U+06F6
    { 12, 16, 191, 0, 15, 24, 17688 }, // U+06F7
    { 12, 16, 191, 0, 15, 24, 17712 }, // U+06F8
    { 10, 16, 191, 1, 15, 20, 17736 }, // U+06F9
    { 14, 19, 221, 0, 15, 34, 17756 }, // U+1EA0
    { 10, 16, 174, 0, 12, 20, 17790 }, // U+1EA1
    { 14, 20, 221, 0, 20, 35, 17810 }, // U+1EA2
    { 10, 17, 174, 0, 16, 22, 17845 }, // U+1EA3
    { 14, 22, 221, 0, 22, 39, 17867 }, // U+1EA4
    { 12, 20, 174, 0, 19, 30, 17906 }, // U+1EA5
    { 14, 22, 221, 0, 22, 39, 17936 }, // U+1EA6
    { 10, 20, 174, 0, 19, 25, 17975 }, // U+1EA7
    { 14, 23, 221, 0, 23, 41, 18000 }, // U+1EA8
    { 11, 20, 174, 0, 19, 28, 18041 }, // U+1EA9
    { 14, 23, 221, 0, 23, 41, 18069 }, // U+1EAA
    { 10, 20, 174, 0, 19, 25, 18110 }, // U+1EAB
    { 14, 24, 221, 0, 20, 42, 18135 }, // U+1EAC
    { 10, 21, 174, 0, 17, 27, 18177 }, // U+1EAD
    { 14, 23, 221, 0, 23, 41, 18204 }, // U+1EAE
    { 10, 21, 174, 0, 20, 27, 18245 }, // U+1EAF
    { 14, 23, 221, 0, 23, 41, 18272 }, // U+1EB0
    { 10, 21, 174, 0, 20, 27, 18313 }, // U+1EB1
    { 14, 23, 221, 0, 23, 41, 18340 }, // U+1EB2
    { 10, 21, 174, 0, 20, 27, 18381 }, // U+1EB3
    { 14, 22, 221, 0, 22, 39, 18408 }, // U+1EB4
    { 10, 20, 174, 0, 19, 25, 18447 }, // U+1EB5
    { 14, 23, 221, 0, 19, 41, 18472 }, // U+1EB6
    { 10, 20, 174, 0, 16, 25, 18513 }, // U+1EB7
    { 11, 19, 190, 1, 15, 27, 18538 }, // U+1EB8
    { 10, 16, 186, 1, 12, 20, 18565 }, // U+1EB9
    { 11, 20, 190, 1, 20, 28, 18585 }, // U+1EBA
    { 10, 17, 186, 1, 16, 22, 18613 }, // U+1EBB
    { 11, 19, 190, 1, 19, 27, 18635 }, // U+1EBC
    { 10, 17, 186, 1, 16, 22, 18662 }, // U+1EBD
    { 12, 22, 190, 1, 22, 33, 18684 }, // U+1EBE
    { 11, 20, 186, 1, 19, 28, 18717 }, // U+1EBF
    { 11, 22, 190, 1, 22, 31, 18745 }, // U+1EC0
    { 10, 20, 186, 1, 19, 25, 18776 }, // U+1EC1
    { 11, 22, 190, 1, 22, 31, 18801 }, // U+1EC2
    { 11, 20, 186, 1, 19, 28, 18832 }, // U+1EC3
    { 11, 23, 190, 1, 23, 32, 18860 }, // U+1EC4
    { 10, 21, 186, 1, 20, 27, 18892 }, // U+1EC5
    { 11, 24, 190, 1, 20, 33, 18919 }, // U+1EC6
    { 10, 21, 186, 1, 17, 27, 18952 }, // U+1EC7
    { 5, 20, 90, 0, 20, 13, 18979 }, // U+1EC8
    { 5, 16, 84, 0, 16, 10, 18992 }, // U+1EC9
    { 4, 19, 90, 1, 15, 10, 19002 }, // U+1ECA
    { 3, 20, 84, 1, 16, 8, 19012 }, // U+1ECB
    { 14, 19, 259, 1, 15, 34, 19020 }, // U+1ECC
    { 11, 16, 197, 1, 12, 22, 19054 }, // U+1ECD
    { 14, 21, 259, 1, 20, 37, 19076 }, // U+1ECE
    { 11, 17, 197, 1, 16, 24, 19113 }, // U+1ECF
    { 14, 23, 259, 1, 22, 41, 19137 }, // U+1ED0
    { 11, 20, 197, 1, 19, 28, 19178 }, // U+1ED1
    { 14, 23, 259, 1, 22, 41, 19206 }, // U+1ED2
    { 11, 20, 197, 1, 19, 28, 19247 }, // U+1ED3
    { 14, 23, 259, 1, 22, 41, 19275 }, // U+1ED4
    { 11, 20, 197, 1, 19, 28, 19316 }, // U+1ED5
    { 14, 23, 259, 1, 22, 41, 19344 }, // U+1ED6
    { 11, 20, 197, 1, 19, 28, 19385 }, // U+1ED7
    { 14, 24, 259, 1, 20, 42, 19413 }, // U+1ED8
    { 11, 21, 197, 1, 17, 29, 19455 }, // U+1ED9
    { 15, 21, 259, 1, 20, 40, 19484 }, // U+1EDA
    { 12, 18, 197, 1, 17, 27, 19524 }, // U+1EDB
    { 15, 21, 259, 1, 20, 40, 19551 }, // U+1EDC
    { 12, 18, 197, 1, 17, 27, 19591 }, // U+1EDD
    { 15, 21, 259, 1, 20, 40, 19618 }, // U+1EDE
    { 12, 17, 197, 1, 16, 26, 19658 }, // U+1EDF
    { 15, 20, 259, 1, 19, 38, 19684 }, // U+1EE0
    { 12, 17, 197, 1, 16, 26, 19722 }, // U+1EE1
    { 15, 21, 259, 1, 17, 40, 19748 }, // U+1EE2
    { 12, 18, 197, 1, 14, 27, 19788 }, // U+1EE3
    { 12, 19, 229, 1, 15, 29, 19815 }, // U+1EE4
    { 10, 15, 191, 1, 11, 19, 19844 }, // U+1EE5
    { 12, 21, 229, 1, 20, 32, 19863 }, // U+1EE6
    { 10, 17, 191, 1, 16, 22, 19895 }, // U+1EE7
    { 15, 21, 237, 1, 20, 40, 19917 }, // U+1EE8
    { 12, 18, 199, 1, 17, 27, 19957 }, // U+1EE9
    { 15, 21, 237, 1, 20, 40, 19984 }, // U+1EEA
    { 12, 18, 199, 1, 17, 27, 20024 }, // U+1EEB
    { 15, 21, 237, 1, 20, 40, 20051 }, // U+1EEC
    { 12, 17, 199, 1, 16, 26, 20091 }, // U+1EED
    { 15, 20, 237, 1, 19, 38, 20117 }, // U+1EEE
    { 12, 17, 199, 1, 16, 26, 20155 }, // U+1EEF
    { 15, 21, 237, 1, 17, 40, 20181 }, // U+1EF0
    { 12, 18, 199, 1, 14, 27, 20221 }, // U+1EF1
    { 13, 20, 199, 0, 20, 33, 20248 }, // U+1EF2
    { 11, 21, 166, 0, 17, 29, 20281 }, // U+1EF3
    { 13, 19, 199, 0, 15, 31, 20310 }, // U+1EF4
    { 10, 15, 166, 0, 11, 19, 20341 }, // U+1EF5
    { 13, 20, 199, 0, 20, 33, 20360 }, // U+1EF6
    { 10, 20, 166, 0, 16, 25, 20393 }, // U+1EF7
    { 13, 19, 199, 0, 19, 31, 20418 }, // U+1EF8
    { 10, 20, 166, 0, 16, 25, 20449 }, // U+1EF9
    { 0, 0, 43, 0, 0, 0, 20474 }, // U+2009
    { 0, 0, 0, 0, 0, 0, 20474 }, // U+200B
    { 2, 16, 0, -1, 15, 4, 20474 }, // U+200C
    { 6, 16, 0, -3, 15, 12, 20478 }, // U+200D
    { 6, 18, 0, -1, 16, 14, 20490 }, // U+200E
    { 6, 18, 0, -5, 16, 14, 20504 }, // U+200F
    { 6, 3, 107, 0, 8, 3, 20518 }, // U+2010
    { 6, 3, 107, 0, 7, 3, 20521 }, // U+2011
    { 12, 2, 165, -1, 7, 3, 20524 }, // U+2013
    { 22, 2, 332, -1, 7, 6, 20527 }, // U+2014
    { 22, 2, 332, -1, 7, 6, 20533 }, // U+2015
    { 4, 5, 78, 1, 16, 3, 20539 }, // U+2018
    { 4, 5, 78, 0, 16, 3, 20542 }, // U+2019
    { 4, 5, 78, 0, 2, 3, 20545 }, // U+201A
    { 8, 5, 139, 1, 16, 5, 20548 }, // U+201C
    { 8, 5, 139, 0, 16, 5, 20553 }, // U+201D
    { 8, 5, 139, 0, 2, 5, 20558 }, // U+201E
    { 10, 18, 159, 0, 15, 23, 20563 }, // U+2020
    { 10, 18, 159, 0, 15, 23, 20586 }, // U+2021
    { 6, 5, 120, 1, 10, 4, 20609 }, // U+2022
    { 17, 3, 332, 2, 3, 7, 20613 }, // U+2026
    { 0, 0, 43, 0, 0, 0, 20620 }, // U+202F
    { 24, 15, 409, 1, 15, 45, 20620 }, // U+2030
    { 6, 9, 97, 0, 10, 7, 20665 }, // U+2039
    { 6, 9, 97, 0, 10, 7, 20672 }, // U+203A
    { 11, 15, 49, -4, 15, 21, 20679 }, // U+2044
    { 4, 12, 115, 1, 11, 6, 20700 }, // U+204F
    { 7, 8, 120, 0, 15, 7, 20706 }, // U+2070
    { 8, 8, 120, 0, 15, 8, 20713 }, // U+2074
    { 7, 8, 120, 0, 15, 7, 20721 }, // U+2075
    { 7, 8, 120, 0, 15, 7, 20728 }, // U+2076
    { 7, 8, 120, 0, 15, 7, 20735 }, // U+2077
    { 7, 8, 120, 0, 15, 7, 20742 }, // U+2078
    { 7, 8, 120, 0, 15, 7, 20749 }, // U+2079
    { 7, 8, 120, 0, 8, 7, 20756 }, // U+2080
    { 4, 8, 120, 1, 8, 4, 20763 }, // U+2081
    { 7, 8, 120, 0, 8, 7, 20767 }, // U+2082
    { 7, 8, 120, 0, 8, 7, 20774 }, // U+2083
    { 8, 8, 120, 0, 8, 8, 20781 }, // U+2084
    { 7, 8, 120, 0, 8, 7, 20789 }, // U+2085
    { 7, 8, 120, 0, 8, 7, 20796 }, // U+2086
    { 7, 8, 120, 0, 8, 7, 20803 }, // U+2087
    { 7, 8, 120, 0, 8, 7, 20810 }, // U+2088
    { 7, 8, 120, 0, 8, 7, 20817 }, // U+2089
    { 14, 13, 264, 1, 13, 23, 20824 }, // U+20AA
    { 12, 20, 206, 1, 16, 30, 20847 }, // U+20AB
    { 12, 14, 188, 0, 14, 21, 20877 }, // U+20AC
    { 12, 15, 188, 0, 15, 23, 20898 }, // U+20AE
    { 12, 15, 188, 0, 15, 23, 20921 }, // U+20B4
    { 11, 15, 188, 1, 15, 21, 20944 }, // U+20B9
    { 12, 16, 195, 0, 16, 24, 20965 }, // U+2202
    { 14, 15, 217, 0, 15, 27, 20989 }, // U+2206
    { 12, 17, 232, 1, 15, 26, 21016 }, // U+220F
    { 11, 17, 172, 0, 15, 24, 21042 }, // U+2211
    { 10, 2, 188, 1, 7, 3, 21066 }, // U+2212
    { 11, 15, 49, -4, 15, 21, 21069 }, // U+2215
    { 3, 3, 82, 1, 8, 2, 21090 }, // U+2219
    { 13, 17, 188, 0, 16, 28, 21092 }, // U+221A
    { 12, 6, 196, 0, 9, 9, 21120 }, // U+221E
    { 8, 20, 123, 0, 16, 20, 21129 }, // U+222B
    { 11, 8, 188, 0, 10, 11, 21149 }, // U+2248
    { 10, 13, 188, 1, 13, 17, 21160 }, // U+2260
    { 10, 12, 188, 1, 12, 15, 21177 }, // U+2264
    { 10, 12, 188, 1, 12, 15, 21192 }, // U+2265
    { 16, 16, 259, 1, 16, 32, 21207 }, // U+FB00
    { 12, 16, 214, 1, 16, 24, 21239 }, // U+FB01
    { 13, 16, 221, 1, 16, 26, 21263 }, // U+FB02
    { 20, 16, 344, 1, 16, 40, 21289 }, // U+FB03
    { 21, 16, 351, 1, 16, 42, 21329 }, // U+FB04
    { 20, 17, 331, 0, 9, 43, 21371 }, // U+FB56
    { 24, 16, 364, 0, 8, 48, 21414 }, // U+FB57
    { 6, 16, 100, -1, 9, 12, 21462 }, // U+FB58
    { 9, 13, 124, 0, 6, 15, 21474 }, // U+FB59
    { 20, 16, 331, 0, 15, 40, 21489 }, // U+FB66
    { 24, 16, 364, 0, 15, 48, 21529 }, // U+FB67
    { 6, 18, 90, 0, 17, 14, 21577 }, // U+FB68
    { 9, 16, 124, 0, 15, 18, 21591 }, // U+FB69
    { 13, 18, 220, 0, 9, 30, 21609 }, // U+FB7A
    { 17, 18, 240, 0, 9, 39, 21639 }, // U+FB7B
    { 12, 15, 196, 0, 8, 23, 21678 }, // U+FB7C
    { 15, 15, 212, 0, 8, 29, 21701 }, // U+FB7D
    { 9, 20, 159, 0, 19, 23, 21730 }, // U+FB88
    { 13, 20, 177, 0, 19, 33, 21753 }, // U+FB89
    { 8, 20, 122, -1, 15, 20, 21786 }, // U+FB8A
    { 11, 20, 132, -1, 15, 28, 21806 }, // U+FB8B
    { 8, 21, 122, -1, 16, 21, 21834 }, // U+FB8C
    { 11, 21, 132, -1, 16, 29, 21855 }, // U+FB8D
    { 19, 16, 292, 0, 15, 38, 21884 }, // U+FB8E
    { 22, 16, 325, 0, 15, 44, 21922 }, // U+FB8F
    { 9, 16, 137, 0, 15, 18, 21966 }, // U+FB90
    { 12, 16, 169, 0, 15, 24, 21984 }, // U+FB91
    { 19, 19, 292, 0, 18, 46, 22008 }, // U+FB92
    { 22, 19, 325, 0, 18, 53, 22054 }, // U+FB93
    { 9, 19, 137, 0, 18, 22, 22107 }, // U+FB94
    { 12, 19, 169, 0, 18, 29, 22129 }, // U+FB95
    { 14, 12, 228, 0, 7, 21, 22158 }, // U+FB9E
    { 17, 11, 243, 0, 6, 24, 22179 }, // U+FB9F
    { 8, 10, 135, 0, 10, 10, 22203 }, // U+FBA6
    { 12, 8, 160, 0, 7, 12, 22213 }, // U+FBA7
    { 5, 13, 90, 0, 9, 9, 22225 }, // U+FBA8
    { 11, 10, 146, 0, 4, 14, 22234 }, // U+FBA9
    { 14, 12, 224, 0, 11, 21, 22248 }, // U+FBAA
    { 14, 14, 205, 0, 9, 25, 22269 }, // U+FBAB
    { 12, 12, 191, 0, 11, 18, 22294 }, // U+FBAC
    { 12, 14, 169, 0, 9, 21, 22312 }, // U+FBAD
    { 19, 11, 314, 0, 10, 27, 22333 }, // U+FBAE
    { 13, 8, 183, 0, 2, 13, 22360 }, // U+FBAF
    { 19, 16, 314, 0, 15, 38, 22373 }, // U+FBB0
    { 13, 13, 183, 0, 7, 22, 22411 }, // U+FBB1
    { 16, 14, 253, 0, 9, 28, 22433 }, // U+FBFC
    { 17, 9, 245, 0, 4, 20, 22461 }, // U+FBFD
    { 6, 13, 100, -1, 9, 10, 22481 }, // U+FBFE
    { 9, 10, 124, 0, 6, 12, 22491 }, // U+FBFF
    { 8, 10, 137, 0, 8, 10, 22503 }, // U+FE80
    { 8, 18, 78, -2, 18, 18, 22513 }, // U+FE81
    { 10, 20, 97, -2, 19, 25, 22531 }, // U+FE82
    { 5, 20, 78, 0, 20, 13, 22556 }, // U+FE83
    { 8, 22, 97, 0, 21, 22, 22569 }, // U+FE84
    { 9, 18, 149, 0, 13, 21, 22591 }, // U+FE85
    { 11, 18, 157, 0, 13, 25, 22612 }, // U+FE86
    { 5, 21, 79, 1, 15, 14, 22637 }, // U+FE87
    { 7, 21, 97, 1, 15, 19, 22651 }, // U+FE88
    { 16, 14, 253, 0, 9, 28, 22670 }, // U+FE89
    { 17, 14, 245, 0, 9, 30, 22698 }, // U+FE8A
    { 5, 16, 90, 0, 15, 10, 22728 }, // U+FE8B
    { 9, 13, 114, 0, 12, 15, 22738 }, // U+FE8C
    { 3, 15, 79, 1, 15, 6, 22753 }, // U+FE8D
    { 7, 16, 97, 1, 15, 14, 22759 }, // U+FE8E
    { 20, 13, 331, 0, 9, 33, 22773 }, // U+FE8F
    { 24, 12, 364, 0, 8, 36, 22806 }, // U+FE90
    { 5, 13, 90, 0, 9, 9, 22842 }, // U+FE91
    { 9, 10, 114, 0, 6, 12, 22851 }, // U+FE92
    { 8, 14, 135, 0, 14, 14, 22863 }, // U+FE93
    { 12, 16, 162, 0, 15, 24, 22877 }, // U+FE94
    { 20, 12, 331, 0, 11, 30, 22901 }, // U+FE95
    { 24, 12, 364, 0, 11, 36, 22931 }, // U+FE96
    { 6, 14, 90, 0, 13, 11, 22967 }, // U+FE97
    { 9, 11, 124, 0, 10, 13, 22978 }, // U+FE98
    { 20, 15, 331, 0, 14, 38, 22991 }, // U+FE99
    { 24, 15, 364, 0, 14, 45, 23029 }, // U+FE9A
    { 6, 17, 90, 0, 16, 13, 23074 }, // U+FE9B
    { 9, 14, 124, 0, 13, 16, 23087 }, // U+FE9C
    { 13, 18, 213, 0, 9, 30, 23103 }, // U+FE9D
    { 15, 18, 216, 0, 9, 34, 23133 }, // U+FE9E
    { 12, 12, 196, 0, 8, 18, 23167 }, // U+FE9F
    { 15, 12, 212, 0, 8, 23, 23185 }, // U+FEA0
    { 13, 18, 213, 0, 9, 30, 23208 }, // U+FEA1
    { 15, 18, 216, 0, 9, 34, 23238 }, // U+FEA2
    { 12, 9, 196, 0, 8, 14, 23272 }, // U+FEA3
    { 15, 9, 212, 0, 8, 17, 23286 }, // U+FEA4
    { 13, 22, 213, 0, 13, 36, 23303 }, // U+FEA5
    { 15, 22, 216, 0, 13, 42, 23339 }, // U+FEA6
    { 12, 13, 196, 0, 12, 20, 23381 }, // U+FEA7
    { 15, 13, 212, 0, 12, 25, 23401 }, // U+FEA8
    { 9, 11, 159, 0, 10, 13, 23426 }, // U+FEA9
    { 13, 11, 177, 0, 10, 18, 23439 }, // U+FEAA
    { 9, 15, 159, 0, 14, 17, 23457 }, // U+FEAB
    { 13, 15, 177, 0, 14, 25, 23474 }, // U+FEAC
    { 8, 13, 122, -1, 8, 13, 23499 }, // U+FEAD
    { 11, 13, 132, -1, 8, 18, 23512 }, // U+FEAE
    { 8, 17, 122, -1, 12, 17, 23530 }, // U+FEAF
    { 11, 17, 132, -1, 12, 24, 23547 }, // U+FEB0
    { 25, 14, 403, 0, 9, 44, 23571 }, // U+FEB1
    { 28, 13, 423, 0, 8, 46, 23615 }, // U+FEB2
    { 16, 10, 261, 0, 9, 20, 23661 }, // U+FEB3
    { 19, 9, 283, 0, 8, 22, 23681 }, // U+FEB4
    { 25, 19, 403, 0, 14, 60, 23703 }, // U+FEB5
    { 28, 19, 423, 0, 14, 67, 23763 }, // U+FEB6
    { 16, 15, 261, 0, 14, 30, 23830 }, // U+FEB7
    { 19, 15, 283, 0, 14, 36, 23860 }, // U+FEB8
    { 27, 13, 435, 0, 8, 44, 23896 }, // U+FEB9
    { 30, 13, 451, 0, 8, 49, 23940 }, // U+FEBA
    { 18, 9, 301, 0, 8, 21, 23989 }, // U+FEBB
    { 21, 9, 316, 0, 8, 24, 24010 }, // U+FEBC
    { 27, 17, 435, 0, 12, 58, 24034 }, // U+FEBD
    { 30, 17, 451, 0, 12, 64, 24092 }, // U+FEBE
    { 18, 13, 301, 0, 12, 30, 24156 }, // U+FEBF
    { 21, 13, 316, 0, 12, 35, 24186 }, // U+FEC0
    { 16, 16, 263, 0, 15, 32, 24221 }, // U+FEC1
    { 19, 16, 277, 0, 15, 38, 24253 }, // U+FEC2
    { 14, 16, 226, 0, 15, 28, 24291 }, // U+FEC3
    { 16, 16, 237, 0, 15, 32, 24319 }, // U+FEC4
    { 16, 16, 263, 0, 15, 32, 24351 }, // U+FEC5
    { 19, 16, 277, 0, 15, 38, 24383 }, // U+FEC6
    { 14, 16, 226, 0, 15, 28, 24421 }, // U+FEC7
    { 16, 16, 237, 0, 15, 32, 24449 }, // U+FEC8
    { 13, 20, 169, 0, 11, 33, 24481 }, // U+FEC9
    { 13, 18, 177, 0, 9, 30, 24514 }, // U+FECA
    { 10, 11, 168, 0, 10, 14, 24544 }, // U+FECB
    { 12, 10, 174, 0, 9, 15, 24558 }, // U+FECC
    { 13, 24, 169, 0, 15, 39, 24573 }, // U+FECD
    { 13, 22, 177, 0, 13, 36, 24612 }, // U+FECE
    { 10, 15, 168, 0, 14, 19, 24648 }, // U+FECF
    { 12, 14, 174, 0, 13, 21, 24667 }, // U+FED0
    { 20, 16, 328, 0, 15, 40, 24688 }, // U+FED1
    { 24, 14, 366, 0, 13, 42, 24728 }, // U+FED2
    { 9, 16, 149, 0, 15, 18, 24770 }, // U+FED3
    { 12, 14, 165, 0, 13, 21, 24788 }, // U+FED4
    { 16, 17, 258, 0, 13, 34, 24809 }, // U+FED5
    { 18, 17, 269, 0, 11, 39, 24843 }, // U+FED6
    { 9, 16, 149, 0, 15, 18, 24882 }, // U+FED7
    { 12, 14, 165, 0, 13, 21, 24900 }, // U+FED8
    { 18, 16, 294, 0, 15, 36, 24921 }, // U+FED9
    { 21, 16, 307, 0, 15, 42, 24957 }, // U+FEDA
    { 9, 16, 137, 0, 15, 18, 24999 }, // U+FEDB
    { 12, 16, 169, 0, 15, 24, 25017 }, // U+FEDC
    { 14, 20, 232, 0, 15, 35, 25041 }, // U+FEDD
    { 17, 20, 243, 0, 15, 43, 25076 }, // U+FEDE
    { 5, 16, 87, 0, 15, 10, 25119 }, // U+FEDF
    { 8, 16, 100, 0, 15, 16, 25129 }, // U+FEE0
    { 10, 17, 161, 0, 8, 22, 25145 }, // U+FEE1
    { 13, 17, 187, 0, 8, 28, 25167 }, // U+FEE2
    { 10, 9, 175, 0, 8, 12, 25195 }, // U+FEE3
    { 14, 9, 193, 0, 8, 16, 25207 }, // U+FEE4
    { 14, 16, 228, 0, 11, 28, 25223 }, // U+FEE5
    { 17, 16, 243, 0, 11, 34, 25251 }, // U+FEE6
    { 5, 14, 90, 0, 13, 9, 25285 }, // U+FEE7
    { 9, 11, 114, 0, 10, 13, 25294 }, // U+FEE8
    { 8, 10, 135, 0, 10, 10, 25307 }, // U+FEE9
    { 12, 12, 162, 0, 11, 18, 25317 }, // U+FEEA
    { 12, 12, 191, 0, 11, 18, 25335 }, // U+FEEB
    { 12, 14, 169, 0, 9, 21, 25353 }, // U+FEEC
    { 9, 13, 149, 0, 8, 15, 25374 }, // U+FEED
    { 11, 13, 157, 0, 8, 18, 25389 }, // U+FEEE
    { 16, 14, 253, 0, 9, 28, 25407 }, // U+FEEF
    { 17, 9, 245, 0, 4, 20, 25435 }, // U+FEF0
    { 16, 18, 253, 0, 9, 36, 25455 }, // U+FEF1
    { 17, 13, 245, 0, 4, 28, 25491 }, // U+FEF2
    { 6, 13, 100, -1, 9, 10, 25519 }, // U+FEF3
    { 9, 10, 124, 0, 6, 12, 25529 }, // U+FEF4
    { 13, 16, 194, -2, 16, 26, 25541 }, // U+FEF5
    { 16, 17, 200, -2, 16, 34, 25567 }, // U+FEF6
    { 12, 18, 194, -1, 18, 27, 25601 }, // U+FEF7
    { 14, 19, 200, 0, 18, 34, 25628 }, // U+FEF8
    { 11, 21, 194, 0, 15, 29, 25662 }, // U+FEF9
    { 14, 21, 200, 0, 15, 37, 25691 }, // U+FEFA
    { 11, 15, 194, 0, 15, 21, 25728 }, // U+FEFB
    { 14, 16, 200, 0, 15, 28, 25749 }, // U+FEFC
    { 20, 20, 333, 0, 16, 50, 25777 }, // U+FFFD
};

static const EpdUnicodeInterval ubuntu_10_regularIntervals[] = {
    { 0x0, 0x0, 0x0 },
    { 0x8, 0x9, 0x1 },
    { 0xD, 0xD, 0x3 },
    { 0x1D, 0x1D, 0x4 },
    { 0x20, 0x7E, 0x5 },
    { 0xA0, 0x17F, 0x64 },
    { 0x1A0, 0x1A1, 0x144 },
    { 0x1AF, 0x1B0, 0x146 },
    { 0x1C4, 0x21F, 0x148 },
    { 0x250, 0x2AF, 0x1A4 },
    { 0x2C8, 0x2D0, 0x204 },
    { 0x300, 0x304, 0x20D },
    { 0x306, 0x30C, 0x212 },
    { 0x311, 0x312, 0x219 },
    { 0x31B, 0x31B, 0x21B },
    { 0x323, 0x323, 0x21C },
    { 0x326, 0x328, 0x21D },
    { 0x34F, 0x34F, 0x220 },
    { 0x3B8, 0x3B8, 0x221 },
    { 0x400, 0x45F, 0x222 },
    { 0x462, 0x463, 0x282 },
    { 0x472, 0x475, 0x284 },
    { 0x48A, 0x4F9, 0x288 },
    { 0x5D0, 0x5EA, 0x2F8 },
    { 0x60C, 0x60C, 0x313 },
    { 0x61B, 0x61B, 0x314 },
    { 0x61F, 0x61F, 0x315 },
    { 0x621, 0x621, 0x316 },
    { 0x640, 0x640, 0x317 },
    { 0x660, 0x669, 0x318 },
    { 0x6BA, 0x6BA, 0x322 },
    { 0x6D4, 0x6D4, 0x323 },
    { 0x6F0, 0x6F9, 0x324 },
    { 0x1EA0, 0x1EF9, 0x32E },
    { 0x2009, 0x2009, 0x388 },
    { 0x200B, 0x2011, 0x389 },
    { 0x2013, 0x2015, 0x390 },
    { 0x2018, 0x201A, 0x393 },
    { 0x201C, 0x201E, 0x396 },
    { 0x2020, 0x2022, 0x399 },
    { 0x2026, 0x2026, 0x39C },
    { 0x202F, 0x2030, 0x39D },
    { 0x2039, 0x203A, 0x39F },
    { 0x2044, 0x2044, 0x3A1 },
    { 0x204F, 0x204F, 0x3A2 },
    { 0x2070, 0x2070, 0x3A3 },
    { 0x2074, 0x2079, 0x3A4 },
    { 0x2080, 0x2089, 0x3AA },
    { 0x20AA, 0x20AC, 0x3B4 },
    { 0x20AE, 0x20AE, 0x3B7 },
    { 0x20B4, 0x20B4, 0x3B8 },
    { 0x20B9, 0x20B9, 0x3B9 },
    { 0x2202, 0x2202, 0x3BA },
    { 0x2206, 0x2206, 0x3BB },
    { 0x220F, 0x220F, 0x3BC },
    { 0x2211, 0x2212, 0x3BD },
    { 0x2215, 0x2215, 0x3BF },
    { 0x2219, 0x221A, 0x3C0 },
    { 0x221E, 0x221E, 0x3C2 },
    { 0x222B, 0x222B, 0x3C3 },
    { 0x2248, 0x2248, 0x3C4 },
    { 0x2260, 0x2260, 0x3C5 },
    { 0x2264, 0x2265, 0x3C6 },
    { 0xFB00, 0xFB04, 0x3C8 },
    { 0xFB56, 0xFB59, 0x3CD },
    { 0xFB66, 0xFB69, 0x3D1 },
    { 0xFB7A, 0xFB7D, 0x3D5 },
    { 0xFB88, 0xFB95, 0x3D9 },
    { 0xFB9E, 0xFB9F, 0x3E7 },
    { 0xFBA6, 0xFBB1, 0x3E9 },
    { 0xFBFC, 0xFBFF, 0x3F5 },
    { 0xFE80, 0xFEFC, 0x3F9 },
    { 0xFFFD, 0xFFFD, 0x476 },
};

static const EpdKernClassEntry ubuntu_10_regularKernLeftClasses[] = {
    { 0x0022, 1 }, // "
    { 0x0027, 1 }, // '
    { 0x0028, 2 }, // (
    { 0x0029, 3 }, // )
    { 0x002A, 4 }, // *
    { 0x002C, 5 }, // ,
    { 0x002D, 6 }, // -
    { 0x002E, 5 }, // .
    { 0x002F, 7 }, // /
    { 0x003A, 8 }, // :
    { 0x003B, 8 }, // ;
    { 0x0040, 9 }, // @
    { 0x0041, 10 }, // A
    { 0x0042, 11 }, // B
    { 0x0043, 12 }, // C
    { 0x0044, 13 }, // D
    { 0x0045, 14 }, // E
    { 0x0046, 15 }, // F
    { 0x0047, 16 }, // G
    { 0x004A, 17 }, // J
    { 0x004B, 18 }, // K
    { 0x004C, 19 }, // L
    { 0x004D, 20 }, // M
    { 0x004F, 21 }, // O
    { 0x0050, 22 }, // P
    { 0x0051, 23 }, // Q
    { 0x0052, 24 }, // R
    { 0x0054, 25 }, // T
    { 0x0055, 26 }, // U
    { 0x0056, 27 }, // V
    { 0x0057, 28 }, // W
    { 0x0058, 29 }, // X
    { 0x0059, 30 }, // Y
    { 0x005A, 31 }, // Z
    { 0x005B, 32 }, // [
    { 0x005D, 33 }, // ]
    { 0x0061, 34 }, // a
    { 0x0062, 35 }, // b
    { 0x0063, 36 }, // c
    { 0x0066, 37 }, // f
    { 0x0068, 38 }, // h
    { 0x006A, 39 }, // j
    { 0x006B, 40 }, // k
    { 0x006D, 41 }, // m
    { 0x006E, 41 }, // n
    { 0x006F, 42 }, // o
    { 0x0070, 43 }, // p
    { 0x0071, 44 }, // q
    { 0x0072, 45 }, // r
    { 0x0074, 46 }, // t
    { 0x0076, 47 }, // v
    { 0x0077, 48 }, // w
    { 0x0078, 49 }, // x
    { 0x007A, 50 }, // z
    { 0x007B, 51 }, // {
    { 0x007D, 52 }, // }
    { 0x00A1, 53 }, // U+00A1
    { 0x00AB, 54 }, // U+00AB
    { 0x00BB, 55 }, // U+00BB
    { 0x00BF, 56 }, // U+00BF
    { 0x00C0, 10 }, // U+00C0
    { 0x00C1, 10 }, // U+00C1
    { 0x00C2, 10 }, // U+00C2
    { 0x00C3, 10 }, // U+00C3
    { 0x00C4, 10 }, // U+00C4
    { 0x00C5, 10 }, // U+00C5
    { 0x00C6, 14 }, // U+00C6
    { 0x00C7, 12 }, // U+00C7
    { 0x00C8, 14 }, // U+00C8
    { 0x00C9, 14 }, // U+00C9
    { 0x00CA, 14 }, // U+00CA
    { 0x00CB, 14 }, // U+00CB
    { 0x00D0, 13 }, // U+00D0
    { 0x00D2, 21 }, // U+00D2
    { 0x00D3, 21 }, // U+00D3
    { 0x00D4, 21 }, // U+00D4
    { 0x00D5, 21 }, // U+00D5
    { 0x00D6, 21 }, // U+00D6
    { 0x00D8, 21 }, // U+00D8
    { 0x00D9, 26 }, // U+00D9
    { 0x00DA, 26 }, // U+00DA
    { 0x00DB, 26 }, // U+00DB
    { 0x00DC, 26 }, // U+00DC
    { 0x00DD, 30 }, // U+00DD
    { 0x00DE, 57 }, // U+00DE
    { 0x00DF, 58 }, // U+00DF
    { 0x00E0, 34 }, // U+00E0
    { 0x00E1, 34 }, // U+00E1
    { 0x00E2, 34 }, // U+00E2
    { 0x00E3, 34 }, // U+00E3
    { 0x00E4, 34 }, // U+00E4
    { 0x00E5, 34 }, // U+00E5
    { 0x00E7, 36 }, // U+00E7
    { 0x00F0, 59 }, // U+00F0
    { 0x00F1, 41 }, // U+00F1
    { 0x00F2, 42 }, // U+00F2
    { 0x00F3, 42 }, // U+00F3
    { 0x00F4, 42 }, // U+00F4
    { 0x00F5, 42 }, // U+00F5
    { 0x00F6, 42 }, // U+00F6
    { 0x00F8, 42 }, // U+00F8
    { 0x00FE, 60 }, // U+00FE
    { 0x0100, 10 }, // U+0100
    { 0x0101, 34 }, // U+0101
    { 0x0102, 10 }, // U+0102
    { 0x0103, 34 }, // U+0103
    { 0x0104, 10 }, // U+0104
    { 0x0105, 34 }, // U+0105
    { 0x0106, 12 }, // U+0106
    { 0x0107, 36 }, // U+0107
    { 0x0108, 12 }, // U+0108
    { 0x0109, 36 }, // U+0109
    { 0x010A, 12 }, // U+010A
    { 0x010B, 36 }, // U+010B
    { 0x010C, 12 }, // U+010C
    { 0x010D, 36 }, // U+010D
    { 0x010E, 13 }, // U+010E
    { 0x010F, 61 }, // U+010F
    { 0x0110, 13 }, // U+0110
    { 0x0112, 14 }, // U+0112
    { 0x0114, 14 }, // U+0114
    { 0x0116, 14 }, // U+0116
    { 0x0118, 14 }, // U+0118
    { 0x011A, 14 }, // U+011A
    { 0x011C, 16 }, // U+011C
    { 0x011E, 16 }, // U+011E
    { 0x0120, 16 }, // U+0120
    { 0x0122, 16 }, // U+0122
    { 0x0125, 38 }, // U+0125
    { 0x0127, 38 }, // U+0127
    { 0x0132, 17 }, // U+0132
    { 0x0133, 39 }, // U+0133
    { 0x0134, 17 }, // U+0134
    { 0x0135, 39 }, // U+0135
    { 0x0136, 18 }, // U+0136
    { 0x0137, 40 }, // U+0137
    { 0x0138, 40 }, // U+0138
    { 0x0139, 19 }, // U+0139
    { 0x013B, 19 }, // U+013B
    { 0x013D, 19 }, // U+013D
    { 0x013E, 61 }, // U+013E
    { 0x013F, 19 }, // U+013F
    { 0x0141, 19 }, // U+0141
    { 0x0144, 41 }, // U+0144
    { 0x0146, 41 }, // U+0146
    { 0x0148, 41 }, // U+0148
    { 0x0149, 41 }, // U+0149
    { 0x014A, 62 }, // U+014A
    { 0x014B, 63 }, // U+014B
    { 0x014C, 21 }, // U+014C
    { 0x014D, 42 }, // U+014D
    { 0x014E, 21 }, // U+014E
    { 0x014F, 42 }, // U+014F
    { 0x0150, 21 }, // U+0150
    { 0x0151, 42 }, // U+0151
    { 0x0152, 14 }, // U+0152
    { 0x0154, 24 }, // U+0154
    { 0x0155, 45 }, // U+0155
    { 0x0156, 24 }, // U+0156
    { 0x0157, 45 }, // U+0157
    { 0x0158, 24 }, // U+0158
    { 0x0159, 45 }, // U+0159
    { 0x0162, 25 }, // U+0162
    { 0x0163, 46 }, // U+0163
    { 0x0164, 25 }, // U+0164
    { 0x0165, 46 }, // U+0165
    { 0x0166, 25 }, // U+0166
    { 0x0167, 46 }, // U+0167
    { 0x0168, 26 }, // U+0168
    { 0x016A, 26 }, // U+016A
    { 0x016C, 26 }, // U+016C
    { 0x016E, 26 }, // U+016E
    { 0x0170, 26 }, // U+0170
    { 0x0172, 26 }, // U+0172
    { 0x0174, 28 }, // U+0174
    { 0x0175, 48 }, // U+0175
    { 0x0176, 30 }, // U+0176
    { 0x0178, 30 }, // U+0178
    { 0x0179, 31 }, // U+0179
    { 0x017A, 50 }, // U+017A
    { 0x017B, 31 }, // U+017B
    { 0x017C, 50 }, // U+017C
    { 0x017D, 31 }, // U+017D
    { 0x017E, 50 }, // U+017E
    { 0x017F, 37 }, // U+017F
    { 0x01C4, 31 }, // U+01C4
    { 0x01C5, 50 }, // U+01C5
    { 0x01C6, 50 }, // U+01C6
    { 0x01C7, 17 }, // U+01C7
    { 0x01C8, 39 }, // U+01C8
    { 0x01C9, 39 }, // U+01C9
    { 0x01CA, 17 }, // U+01CA
    { 0x01CB, 39 }, // U+01CB
    { 0x01CC, 39 }, // U+01CC
    { 0x01CD, 10 }, // U+01CD
    { 0x01CE, 34 }, // U+01CE
    { 0x01D1, 21 }, // U+01D1
    { 0x01D2, 42 }, // U+01D2
    { 0x01D3, 26 }, // U+01D3
    { 0x01D5, 26 }, // U+01D5
    { 0x01D7, 26 }, // U+01D7
    { 0x01D9, 26 }, // U+01D9
    { 0x01DB, 26 }, // U+01DB
    { 0x01DD, 42 }, // U+01DD
    { 0x01DE, 10 }, // U+01DE
    { 0x01DF, 34 }, // U+01DF
    { 0x01E0, 10 }, // U+01E0
    { 0x01E1, 34 }, // U+01E1
    { 0x01E2, 14 }, // U+01E2
    { 0x01E4, 16 }, // U+01E4
    { 0x01E6, 16 }, // U+01E6
    { 0x01E8, 18 }, // U+01E8
    { 0x01E9, 40 }, // U+01E9
    { 0x01EA, 21 }, // U+01EA
    { 0x01EB, 42 }, // U+01EB
    { 0x01EC, 21 }, // U+01EC
    { 0x01ED, 42 }, // U+01ED
    { 0x01EE, 64 }, // U+01EE
    { 0x01F0, 39 }, // U+01F0
    { 0x01F1, 31 }, // U+01F1
    { 0x01F2, 50 }, // U+01F2
    { 0x01F3, 50 }, // U+01F3
    { 0x01F4, 16 }, // U+01F4
    { 0x01F7, 65 }, // U+01F7
    { 0x01F9, 41 }, // U+01F9
    { 0x01FA, 10 }, // U+01FA
    { 0x01FB, 34 }, // U+01FB
    { 0x01FC, 14 }, // U+01FC
    { 0x01FE, 21 }, // U+01FE
    { 0x01FF, 42 }, // U+01FF
    { 0x0200, 10 }, // U+0200
    { 0x0201, 34 }, // U+0201
    { 0x0202, 10 }, // U+0202
    { 0x0203, 34 }, // U+0203
    { 0x0204, 14 }, // U+0204
    { 0x0206, 14 }, // U+0206
    { 0x020C, 21 }, // U+020C
    { 0x020D, 42 }, // U+020D
    { 0x020E, 21 }, // U+020E
    { 0x020F, 42 }, // U+020F
    { 0x0210, 24 }, // U+0210
    { 0x0211, 45 }, // U+0211
    { 0x0212, 24 }, // U+0212
    { 0x0213, 45 }, // U+0213
    { 0x0214, 26 }, // U+0214
    { 0x0216, 26 }, // U+0216
    { 0x021A, 25 }, // U+021A
    { 0x021B, 46 }, // U+021B
    { 0x021C, 66 }, // U+021C
    { 0x021F, 38 }, // U+021F
    { 0x03B8, 67 }, // U+03B8
    { 0x0400, 68 }, // U+0400
    { 0x0401, 68 }, // U+0401
    { 0x0402, 69 }, // U+0402
    { 0x0403, 70 }, // U+0403
    { 0x0404, 71 }, // U+0404
    { 0x0405, 72 }, // U+0405
    { 0x040B, 73 }, // U+040B
    { 0x040C, 74 }, // U+040C
    { 0x040E, 75 }, // U+040E
    { 0x0410, 76 }, // U+0410
    { 0x0411, 69 }, // U+0411
    { 0x0412, 77 }, // U+0412
    { 0x0413, 70 }, // U+0413
    { 0x0414, 78 }, // U+0414
    { 0x0415, 68 }, // U+0415
    { 0x0417, 79 }, // U+0417
    { 0x041A, 74 }, // U+041A
    { 0x041C, 80 }, // U+041C
    { 0x041E, 81 }, // U+041E
    { 0x0420, 82 }, // U+0420
    { 0x0421, 71 }, // U+0421
    { 0x0422, 83 }, // U+0422
    { 0x0423, 75 }, // U+0423
    { 0x0424, 84 }, // U+0424
    { 0x0425, 85 }, // U+0425
    { 0x0426, 86 }, // U+0426
    { 0x0429, 86 }, // U+0429
    { 0x042D, 87 }, // U+042D
    { 0x042E, 81 }, // U+042E
    { 0x0430, 88 }, // U+0430
    { 0x0431, 89 }, // U+0431
    { 0x0432, 90 }, // U+0432
    { 0x0433, 91 }, // U+0433
    { 0x0434, 92 }, // U+0434
    { 0x0435, 93 }, // U+0435
    { 0x0436, 94 }, // U+0436
    { 0x0437, 95 }, // U+0437
    { 0x043A, 96 }, // U+043A
    { 0x043E, 97 }, // U+043E
    { 0x0440, 98 }, // U+0440
    { 0x0441, 99 }, // U+0441
    { 0x0442, 100 }, // U+0442
    { 0x0443, 101 }, // U+0443
    { 0x0444, 102 }, // U+0444
    { 0x0445, 103 }, // U+0445
    { 0x0446, 104 }, // U+0446
    { 0x0449, 104 }, // U+0449
    { 0x044A, 105 }, // U+044A
    { 0x044C, 105 }, // U+044C
    { 0x044D, 106 }, // U+044D
    { 0x044E, 107 }, // U+044E
    { 0x0450, 93 }, // U+0450
    { 0x0451, 93 }, // U+0451
    { 0x0452, 108 }, // U+0452
    { 0x0453, 91 }, // U+0453
    { 0x0454, 109 }, // U+0454
    { 0x0455, 110 }, // U+0455
    { 0x0459, 105 }, // U+0459
    { 0x045A, 105 }, // U+045A
    { 0x045B, 111 }, // U+045B
    { 0x045C, 96 }, // U+045C
    { 0x045E, 101 }, // U+045E
    { 0x0462, 69 }, // U+0462
    { 0x0463, 112 }, // U+0463
    { 0x0472, 81 }, // U+0472
    { 0x0473, 97 }, // U+0473
    { 0x0474, 113 }, // U+0474
    { 0x0475, 114 }, // U+0475
    { 0x048A, 86 }, // U+048A
    { 0x048B, 104 }, // U+048B
    { 0x048D, 105 }, // U+048D
    { 0x048F, 98 }, // U+048F
    { 0x0490, 70 }, // U+0490
    { 0x0491, 91 }, // U+0491
    { 0x0492, 70 }, // U+0492
    { 0x0493, 91 }, // U+0493
    { 0x0494, 69 }, // U+0494
    { 0x0495, 115 }, // U+0495
    { 0x0497, 94 }, // U+0497
    { 0x0498, 79 }, // U+0498
    { 0x0499, 95 }, // U+0499
    { 0x049A, 74 }, // U+049A
    { 0x049B, 96 }, // U+049B
    { 0x049C, 74 }, // U+049C
    { 0x049D, 96 }, // U+049D
    { 0x049E, 74 }, // U+049E
    { 0x049F, 96 }, // U+049F
    { 0x04A0, 74 }, // U+04A0
    { 0x04A1, 96 }, // U+04A1
    { 0x04A2, 86 }, // U+04A2
    { 0x04A3, 104 }, // U+04A3
    { 0x04A4, 83 }, // U+04A4
    { 0x04A5, 91 }, // U+04A5
    { 0x04A7, 116 }, // U+04A7
    { 0x04A8, 117 }, // U+04A8
    { 0x04A9, 118 }, // U+04A9
    { 0x04AA, 71 }, // U+04AA
    { 0x04AB, 99 }, // U+04AB
    { 0x04AC, 83 }, // U+04AC
    { 0x04AD, 100 }, // U+04AD
    { 0x04AE, 119 }, // U+04AE
    { 0x04AF, 120 }, // U+04AF
    { 0x04B0, 119 }, // U+04B0
    { 0x04B1, 120 }, // U+04B1
    { 0x04B2, 85 }, // U+04B2
    { 0x04B3, 103 }, // U+04B3
    { 0x04B4, 86 }, // U+04B4
    { 0x04B5, 104 }, // U+04B5
    { 0x04B6, 86 }, // U+04B6
    { 0x04B7, 104 }, // U+04B7
    { 0x04BA, 121 }, // U+04BA
    { 0x04BB, 122 }, // U+04BB
    { 0x04BC, 123 }, // U+04BC
    { 0x04BD, 124 }, // U+04BD
    { 0x04BE, 123 }, // U+04BE
    { 0x04BF, 124 }, // U+04BF
    { 0x04C2, 94 }, // U+04C2
    { 0x04C4, 125 }, // U+04C4
    { 0x04C6, 104 }, // U+04C6
    { 0x04C8, 126 }, // U+04C8
    { 0x04C9, 86 }, // U+04C9
    { 0x04CA, 104 }, // U+04CA
    { 0x04CD, 86 }, // U+04CD
    { 0x04CE, 104 }, // U+04CE
    { 0x04D0, 76 }, // U+04D0
    { 0x04D1, 88 }, // U+04D1
    { 0x04D2, 76 }, // U+04D2
    { 0x04D3, 88 }, // U+04D3
    { 0x04D5, 127 }, // U+04D5
    { 0x04D6, 68 }, // U+04D6
    { 0x04D7, 93 }, // U+04D7
    { 0x04D8, 128 }, // U+04D8
    { 0x04D9, 129 }, // U+04D9
    { 0x04DA, 128 }, // U+04DA
    { 0x04DB, 129 }, // U+04DB
    { 0x04DD, 94 }, // U+04DD
    { 0x04DE, 79 }, // U+04DE
    { 0x04DF, 95 }, // U+04DF
    { 0x04E0, 130 }, // U+04E0
    { 0x04E1, 131 }, // U+04E1
    { 0x04E6, 81 }, // U+04E6
    { 0x04E7, 97 }, // U+04E7
    { 0x04E8, 81 }, // U+04E8
    { 0x04E9, 97 }, // U+04E9
    { 0x04EA, 81 }, // U+04EA
    { 0x04EB, 97 }, // U+04EB
    { 0x04EC, 87 }, // U+04EC
    { 0x04ED, 95 }, // U+04ED
    { 0x04EE, 75 }, // U+04EE
    { 0x04EF, 101 }, // U+04EF
    { 0x04F0, 75 }, // U+04F0
    { 0x04F1, 101 }, // U+04F1
    { 0x04F2, 75 }, // U+04F2
    { 0x04F3, 101 }, // U+04F3
    { 0x04F6, 70 }, // U+04F6
    { 0x04F7, 91 }, // U+04F7
    { 0x05D0, 132 }, // U+05D0
    { 0x05D1, 133 }, // U+05D1
    { 0x05D2, 134 }, // U+05D2
    { 0x05D3, 135 }, // U+05D3
    { 0x05D5, 136 }, // U+05D5
    { 0x05D6, 137 }, // U+05D6
    { 0x05D8, 138 }, // U+05D8
    { 0x05D9, 139 }, // U+05D9
    { 0x05DB, 140 }, // U+05DB
    { 0x05DC, 141 }, // U+05DC
    { 0x05DE, 142 }, // U+05DE
    { 0x05E0, 143 }, // U+05E0
    { 0x05E1, 144 }, // U+05E1
    { 0x05E2, 145 }, // U+05E2
    { 0x05E4, 146 }, // U+05E4
    { 0x05E6, 147 }, // U+05E6
    { 0x05E8, 148 }, // U+05E8
    { 0x05E9, 149 }, // U+05E9
    { 0x05EA, 150 }, // U+05EA
    { 0x1EF2, 30 }, // U+1EF2
    { 0x2013, 6 }, // U+2013
    { 0x2014, 6 }, // U+2014
    { 0x2018, 151 }, // U+2018
    { 0x201A, 152 }, // U+201A
    { 0x201C, 151 }, // U+201C
    { 0x201E, 152 }, // U+201E
    { 0x2026, 5 }, // U+2026
    { 0x2039, 54 }, // U+2039
    { 0x203A, 55 }, // U+203A
    { 0xFB00, 37 }, // U+FB00
    { 0xFB8C, 153 }, // U+FB8C
    { 0xFEAD, 153 }, // U+FEAD
    { 0xFEAE, 153 }, // U+FEAE
    { 0xFEAF, 153 }, // U+FEAF
};

static const EpdKernClassEntry ubuntu_10_regularKernRightClasses[] = {
    { 0x0021, 1 }, // !
    { 0x0022, 2 }, // "
    { 0x0027, 2 }, // '
    { 0x0028, 3 }, // (
    { 0x0029, 4 }, // )
    { 0x002A, 5 }, // *
    { 0x002C, 6 }, // ,
    { 0x002D, 7 }, // -
    { 0x002E, 6 }, // .
    { 0x002F, 8 }, // /
    { 0x003A, 9 }, // :
    { 0x003B, 9 }, // ;
    { 0x003F, 10 }, // ?
    { 0x0040, 11 }, // @
    { 0x0041, 12 }, // A
    { 0x0043, 13 }, // C
    { 0x0047, 14 }, // G
    { 0x004A, 15 }, // J
    { 0x004D, 16 }, // M
    { 0x004F, 17 }, // O
    { 0x0051, 18 }, // Q
    { 0x0053, 19 }, // S
    { 0x0054, 20 }, // T
    { 0x0055, 21 }, // U
    { 0x0056, 22 }, // V
    { 0x0057, 23 }, // W
    { 0x0058, 24 }, // X
    { 0x0059, 25 }, // Y
    { 0x005A, 26 }, // Z
    { 0x005B, 27 }, // [
    { 0x005C, 28 }, // <backslash>
    { 0x005D, 29 }, // ]
    { 0x0061, 30 }, // a
    { 0x0062, 31 }, // b
    { 0x0063, 32 }, // c
    { 0x0064, 33 }, // d
    { 0x0065, 34 }, // e
    { 0x0066, 35 }, // f
    { 0x0067, 36 }, // g
    { 0x0068, 31 }, // h
    { 0x0069, 37 }, // i
    { 0x006A, 38 }, // j
    { 0x006B, 31 }, // k
    { 0x006C, 39 }, // l
    { 0x006D, 40 }, // m
    { 0x006E, 40 }, // n
    { 0x006F, 41 }, // o
    { 0x0070, 40 }, // p
    { 0x0071, 42 }, // q
    { 0x0072, 40 }, // r
    { 0x0073, 43 }, // s
    { 0x0074, 44 }, // t
    { 0x0075, 45 }, // u
    { 0x0076, 46 }, // v
    { 0x0077, 47 }, // w
    { 0x0078, 48 }, // x
    { 0x0079, 49 }, // y
    { 0x007A, 50 }, // z
    { 0x007B, 51 }, // {
    { 0x007D, 52 }, // }
    { 0x00AB, 53 }, // U+00AB
    { 0x00BB, 54 }, // U+00BB
    { 0x00C0, 12 }, // U+00C0
    { 0x00C1, 12 }, // U+00C1
    { 0x00C2, 12 }, // U+00C2
    { 0x00C3, 12 }, // U+00C3
    { 0x00C4, 12 }, // U+00C4
    { 0x00C5, 12 }, // U+00C5
    { 0x00C6, 55 }, // U+00C6
    { 0x00C7, 13 }, // U+00C7
    { 0x00D2, 17 }, // U+00D2
    { 0x00D3, 17 }, // U+00D3
    { 0x00D4, 17 }, // U+00D4
    { 0x00D5, 17 }, // U+00D5
    { 0x00D6, 17 }, // U+00D6
    { 0x00D8, 17 }, // U+00D8
    { 0x00D9, 21 }, // U+00D9
    { 0x00DA, 21 }, // U+00DA
    { 0x00DB, 21 }, // U+00DB
    { 0x00DC, 21 }, // U+00DC
    { 0x00DD, 25 }, // U+00DD
    { 0x00DF, 56 }, // U+00DF
    { 0x00E0, 30 }, // U+00E0
    { 0x00E1, 30 }, // U+00E1
    { 0x00E2, 30 }, // U+00E2
    { 0x00E3, 30 }, // U+00E3
    { 0x00E4, 30 }, // U+00E4
    { 0x00E5, 30 }, // U+00E5
    { 0x00E6, 30 }, // U+00E6
    { 0x00E7, 32 }, // U+00E7
    { 0x00E8, 34 }, // U+00E8
    { 0x00E9, 34 }, // U+00E9
    { 0x00EA, 34 }, // U+00EA
    { 0x00EB, 34 }, // U+00EB
    { 0x00EC, 57 }, // U+00EC
    { 0x00ED, 37 }, // U+00ED
    { 0x00EE, 58 }, // U+00EE
    { 0x00EF, 59 }, // U+00EF
    { 0x00F0, 60 }, // U+00F0
    { 0x00F1, 40 }, // U+00F1
    { 0x00F2, 41 }, // U+00F2
    { 0x00F3, 41 }, // U+00F3
    { 0x00F4, 41 }, // U+00F4
    { 0x00F5, 41 }, // U+00F5
    { 0x00F6, 41 }, // U+00F6
    { 0x00F8, 41 }, // U+00F8
    { 0x00F9, 45 }, // U+00F9
    { 0x00FA, 45 }, // U+00FA
    { 0x00FB, 45 }, // U+00FB
    { 0x00FC, 45 }, // U+00FC
    { 0x00FD, 49 }, // U+00FD
    { 0x00FE, 56 }, // U+00FE
    { 0x00FF, 49 }, // U+00FF
    { 0x0100, 12 }, // U+0100
    { 0x0101, 30 }, // U+0101
    { 0x0102, 12 }, // U+0102
    { 0x0103, 30 }, // U+0103
    { 0x0104, 12 }, // U+0104
    { 0x0105, 30 }, // U+0105
    { 0x0106, 13 }, // U+0106
    { 0x0107, 32 }, // U+0107
    { 0x0108, 13 }, // U+0108
    { 0x0109, 32 }, // U+0109
    { 0x010A, 13 }, // U+010A
    { 0x010B, 32 }, // U+010B
    { 0x010C, 13 }, // U+010C
    { 0x010D, 32 }, // U+010D
    { 0x010F, 33 }, // U+010F
    { 0x0111, 33 }, // U+0111
    { 0x0113, 34 }, // U+0113
    { 0x0115, 34 }, // U+0115
    { 0x0117, 34 }, // U+0117
    { 0x0119, 34 }, // U+0119
    { 0x011B, 34 }, // U+011B
    { 0x011C, 14 }, // U+011C
    { 0x011D, 36 }, // U+011D
    { 0x011E, 14 }, // U+011E
    { 0x011F, 36 }, // U+011F
    { 0x0120, 14 }, // U+0120
    { 0x0121, 36 }, // U+0121
    { 0x0122, 14 }, // U+0122
    { 0x0123, 36 }, // U+0123
    { 0x0125, 31 }, // U+0125
    { 0x0127, 31 }, // U+0127
    { 0x0129, 61 }, // U+0129
    { 0x012B, 62 }, // U+012B
    { 0x012D, 63 }, // U+012D
    { 0x012F, 37 }, // U+012F
    { 0x0131, 37 }, // U+0131
    { 0x0133, 37 }, // U+0133
    { 0x0134, 15 }, // U+0134
    { 0x0135, 38 }, // U+0135
    { 0x0137, 31 }, // U+0137
    { 0x013A, 39 }, // U+013A
    { 0x013C, 39 }, // U+013C
    { 0x013E, 39 }, // U+013E
    { 0x0140, 39 }, // U+0140
    { 0x0142, 39 }, // U+0142
    { 0x0144, 40 }, // U+0144
    { 0x0146, 40 }, // U+0146
    { 0x0148, 40 }, // U+0148
    { 0x0149, 40 }, // U+0149
    { 0x014A, 64 }, // U+014A
    { 0x014B, 65 }, // U+014B
    { 0x014C, 17 }, // U+014C
    { 0x014D, 41 }, // U+014D
    { 0x014E, 17 }, // U+014E
    { 0x014F, 41 }, // U+014F
    { 0x0150, 17 }, // U+0150
    { 0x0151, 41 }, // U+0151
    { 0x0152, 17 }, // U+0152
    { 0x0153, 41 }, // U+0153
    { 0x0155, 40 }, // U+0155
    { 0x0157, 40 }, // U+0157
    { 0x0159, 40 }, // U+0159
    { 0x015A, 19 }, // U+015A
    { 0x015B, 43 }, // U+015B
    { 0x015C, 19 }, // U+015C
    { 0x015D, 43 }, // U+015D
    { 0x015E, 19 }, // U+015E
    { 0x015F, 43 }, // U+015F
    { 0x0160, 19 }, // U+0160
    { 0x0161, 43 }, // U+0161
    { 0x0162, 20 }, // U+0162
    { 0x0163, 44 }, // U+0163
    { 0x0164, 20 }, // U+0164
    { 0x0165, 44 }, // U+0165
    { 0x0166, 20 }, // U+0166
    { 0x0167, 44 }, // U+0167
    { 0x0168, 21 }, // U+0168
    { 0x0169, 45 }, // U+0169
    { 0x016A, 21 }, // U+016A
    { 0x016B, 45 }, // U+016B
    { 0x016C, 21 }, // U+016C
    { 0x016D, 45 }, // U+016D
    { 0x016E, 21 }, // U+016E
    { 0x016F, 45 }, // U+016F
    { 0x0170, 21 }, // U+0170
    { 0x0171, 45 }, // U+0171
    { 0x0172, 21 }, // U+0172
    { 0x0173, 45 }, // U+0173
    { 0x0174, 23 }, // U+0174
    { 0x0175, 47 }, // U+0175
    { 0x0176, 25 }, // U+0176
    { 0x0177, 49 }, // U+0177
    { 0x0178, 25 }, // U+0178
    { 0x0179, 26 }, // U+0179
    { 0x017A, 50 }, // U+017A
    { 0x017B, 26 }, // U+017B
    { 0x017C, 50 }, // U+017C
    { 0x017D, 26 }, // U+017D
    { 0x017E, 50 }, // U+017E
    { 0x017F, 35 }, // U+017F
    { 0x01A0, 17 }, // U+01A0
    { 0x01A1, 41 }, // U+01A1
    { 0x01AF, 21 }, // U+01AF
    { 0x01B0, 45 }, // U+01B0
    { 0x01C6, 33 }, // U+01C6
    { 0x01C9, 39 }, // U+01C9
    { 0x01CC, 40 }, // U+01CC
    { 0x01CD, 12 }, // U+01CD
    { 0x01CE, 30 }, // U+01CE
    { 0x01D0, 37 }, // U+01D0
    { 0x01D1, 17 }, // U+01D1
    { 0x01D2, 41 }, // U+01D2
    { 0x01D3, 21 }, // U+01D3
    { 0x01D4, 45 }, // U+01D4
    { 0x01D5, 21 }, // U+01D5
    { 0x01D6, 45 }, // U+01D6
    { 0x01D7, 21 }, // U+01D7
    { 0x01D8, 45 }, // U+01D8
    { 0x01D9, 21 }, // U+01D9
    { 0x01DA, 45 }, // U+01DA
    { 0x01DB, 21 }, // U+01DB
    { 0x01DC, 45 }, // U+01DC
    { 0x01DD, 66 }, // U+01DD
    { 0x01DE, 12 }, // U+01DE
    { 0x01DF, 30 }, // U+01DF
    { 0x01E0, 12 }, // U+01E0
    { 0x01E1, 30 }, // U+01E1
    { 0x01E2, 55 }, // U+01E2
    { 0x01E3, 30 }, // U+01E3
    { 0x01E4, 14 }, // U+01E4
    { 0x01E5, 36 }, // U+01E5
    { 0x01E6, 14 }, // U+01E6
    { 0x01E7, 36 }, // U+01E7
    { 0x01E9, 31 }, // U+01E9
    { 0x01EA, 17 }, // U+01EA
    { 0x01EB, 41 }, // U+01EB
    { 0x01EC, 17 }, // U+01EC
    { 0x01ED, 41 }, // U+01ED
    { 0x01EE, 67 }, // U+01EE
    { 0x01EF, 68 }, // U+01EF
    { 0x01F0, 38 }, // U+01F0
    { 0x01F3, 33 }, // U+01F3
    { 0x01F4, 14 }, // U+01F4
    { 0x01F5, 36 }, // U+01F5
    { 0x01F7, 56 }, // U+01F7
    { 0x01F9, 40 }, // U+01F9
    { 0x01FA, 12 }, // U+01FA
    { 0x01FB, 30 }, // U+01FB
    { 0x01FC, 55 }, // U+01FC
    { 0x01FD, 30 }, // U+01FD
    { 0x01FE, 17 }, // U+01FE
    { 0x01FF, 41 }, // U+01FF
    { 0x0200, 12 }, // U+0200
    { 0x0201, 30 }, // U+0201
    { 0x0202, 12 }, // U+0202
    { 0x0203, 30 }, // U+0203
    { 0x0205, 34 }, // U+0205
    { 0x0207, 34 }, // U+0207
    { 0x0209, 37 }, // U+0209
    { 0x020B, 37 }, // U+020B
    { 0x020C, 17 }, // U+020C
    { 0x020D, 41 }, // U+020D
    { 0x020E, 17 }, // U+020E
    { 0x020F, 41 }, // U+020F
    { 0x0211, 40 }, // U+0211
    { 0x0213, 40 }, // U+0213
    { 0x0214, 21 }, // U+0214
    { 0x0215, 45 }, // U+0215
    { 0x0216, 21 }, // U+0216
    { 0x0217, 45 }, // U+0217
    { 0x0218, 19 }, // U+0218
    { 0x0219, 43 }, // U+0219
    { 0x021A, 20 }, // U+021A
    { 0x021B, 44 }, // U+021B
    { 0x021C, 69 }, // U+021C
    { 0x021D, 70 }, // U+021D
    { 0x021F, 31 }, // U+021F
    { 0x0292, 68 }, // U+0292
    { 0x0402, 71 }, // U+0402
    { 0x0404, 72 }, // U+0404
    { 0x0405, 73 }, // U+0405
    { 0x0408, 74 }, // U+0408
    { 0x0409, 75 }, // U+0409
    { 0x040B, 71 }, // U+040B
    { 0x040E, 76 }, // U+040E
    { 0x0410, 77 }, // U+0410
    { 0x0414, 78 }, // U+0414
    { 0x0416, 79 }, // U+0416
    { 0x0417, 80 }, // U+0417
    { 0x041B, 75 }, // U+041B
    { 0x041C, 81 }, // U+041C
    { 0x041E, 82 }, // U+041E
    { 0x0421, 72 }, // U+0421
    { 0x0422, 71 }, // U+0422
    { 0x0423, 76 }, // U+0423
    { 0x0424, 83 }, // U+0424
    { 0x0425, 84 }, // U+0425
    { 0x0427, 85 }, // U+0427
    { 0x042A, 71 }, // U+042A
    { 0x042D, 86 }, // U+042D
    { 0x042F, 87 }, // U+042F
    { 0x0430, 88 }, // U+0430
    { 0x0431, 89 }, // U+0431
    { 0x0432, 90 }, // U+0432
    { 0x0433, 91 }, // U+0433
    { 0x0434, 92 }, // U+0434
    { 0x0435, 93 }, // U+0435
    { 0x0436, 94 }, // U+0436
    { 0x0437, 95 }, // U+0437
    { 0x0438, 91 }, // U+0438
    { 0x0439, 91 }, // U+0439
    { 0x043A, 91 }, // U+043A
    { 0x043B, 96 }, // U+043B
    { 0x043C, 97 }, // U+043C
    { 0x043D, 91 }, // U+043D
    { 0x043E, 98 }, // U+043E
    { 0x043F, 91 }, // U+043F
    { 0x0440, 99 }, // U+0440
    { 0x0441, 100 }, // U+0441
    { 0x0442, 101 }, // U+0442
    { 0x0443, 102 }, // U+0443
    { 0x0444, 103 }, // U+0444
    { 0x0445, 104 }, // U+0445
    { 0x0446, 91 }, // U+0446
    { 0x0447, 105 }, // U+0447
    { 0x0448, 91 }, // U+0448
    { 0x0449, 106 }, // U+0449
    { 0x044A, 107 }, // U+044A
    { 0x044B, 91 }, // U+044B
    { 0x044C, 91 }, // U+044C
    { 0x044D, 108 }, // U+044D
    { 0x044E, 90 }, // U+044E
    { 0x044F, 109 }, // U+044F
    { 0x0450, 93 }, // U+0450
    { 0x0451, 93 }, // U+0451
    { 0x0452, 110 }, // U+0452
    { 0x0453, 91 }, // U+0453
    { 0x0454, 111 }, // U+0454
    { 0x0455, 112 }, // U+0455
    { 0x0456, 113 }, // U+0456
    { 0x0457, 114 }, // U+0457
    { 0x0458, 115 }, // U+0458
    { 0x0459, 96 }, // U+0459
    { 0x045A, 91 }, // U+045A
    { 0x045B, 116 }, // U+045B
    { 0x045C, 91 }, // U+045C
    { 0x045D, 91 }, // U+045D
    { 0x045E, 102 }, // U+045E
    { 0x045F, 106 }, // U+045F
    { 0x0462, 71 }, // U+0462
    { 0x0463, 117 }, // U+0463
    { 0x0472, 82 }, // U+0472
    { 0x0473, 98 }, // U+0473
    { 0x0474, 76 }, // U+0474
    { 0x0475, 102 }, // U+0475
    { 0x048B, 91 }, // U+048B
    { 0x048D, 118 }, // U+048D
    { 0x048F, 99 }, // U+048F
    { 0x0491, 91 }, // U+0491
    { 0x0493, 91 }, // U+0493
    { 0x0495, 91 }, // U+0495
    { 0x0496, 79 }, // U+0496
    { 0x0497, 94 }, // U+0497
    { 0x0498, 80 }, // U+0498
    { 0x0499, 95 }, // U+0499
    { 0x049B, 91 }, // U+049B
    { 0x049D, 91 }, // U+049D
    { 0x049F, 91 }, // U+049F
    { 0x04A1, 91 }, // U+04A1
    { 0x04A3, 91 }, // U+04A3
    { 0x04A5, 91 }, // U+04A5
    { 0x04A7, 91 }, // U+04A7
    { 0x04A8, 119 }, // U+04A8
    { 0x04A9, 120 }, // U+04A9
    { 0x04AA, 72 }, // U+04AA
    { 0x04AB, 100 }, // U+04AB
    { 0x04AC, 71 }, // U+04AC
    { 0x04AD, 101 }, // U+04AD
    { 0x04AE, 121 }, // U+04AE
    { 0x04AF, 122 }, // U+04AF
    { 0x04B0, 121 }, // U+04B0
    { 0x04B1, 122 }, // U+04B1
    { 0x04B2, 84 }, // U+04B2
    { 0x04B3, 104 }, // U+04B3
    { 0x04B4, 71 }, // U+04B4
    { 0x04B5, 101 }, // U+04B5
    { 0x04B6, 85 }, // U+04B6
    { 0x04B7, 105 }, // U+04B7
    { 0x04B8, 85 }, // U+04B8
    { 0x04B9, 105 }, // U+04B9
    { 0x04BB, 123 }, // U+04BB
    { 0x04BC, 124 }, // U+04BC
    { 0x04BD, 125 }, // U+04BD
    { 0x04BE, 124 }, // U+04BE
    { 0x04BF, 125 }, // U+04BF
    { 0x04C1, 79 }, // U+04C1
    { 0x04C2, 94 }, // U+04C2
    { 0x04C4, 91 }, // U+04C4
    { 0x04C5, 75 }, // U+04C5
    { 0x04C6, 96 }, // U+04C6
    { 0x04C8, 91 }, // U+04C8
    { 0x04CA, 91 }, // U+04CA
    { 0x04CB, 85 }, // U+04CB
    { 0x04CC, 105 }, // U+04CC
    { 0x04CE, 97 }, // U+04CE
    { 0x04D0, 77 }, // U+04D0
    { 0x04D1, 88 }, // U+04D1
    { 0x04D2, 77 }, // U+04D2
    { 0x04D3, 88 }, // U+04D3
    { 0x04D5, 126 }, // U+04D5
    { 0x04D7, 93 }, // U+04D7
    { 0x04D8, 127 }, // U+04D8
    { 0x04D9, 128 }, // U+04D9
    { 0x04DA, 127 }, // U+04DA
    { 0x04DB, 128 }, // U+04DB
    { 0x04DC, 79 }, // U+04DC
    { 0x04DD, 94 }, // U+04DD
    { 0x04DE, 80 }, // U+04DE
    { 0x04DF, 129 }, // U+04DF
    { 0x04E0, 130 }, // U+04E0
    { 0x04E1, 131 }, // U+04E1
    { 0x04E3, 91 }, // U+04E3
    { 0x04E5, 91 }, // U+04E5
    { 0x04E6, 82 }, // U+04E6
    { 0x04E7, 98 }, // U+04E7
    { 0x04E8, 82 }, // U+04E8
    { 0x04E9, 98 }, // U+04E9
    { 0x04EA, 82 }, // U+04EA
    { 0x04EB, 98 }, // U+04EB
    { 0x04EC, 86 }, // U+04EC
    { 0x04ED, 132 }, // U+04ED
    { 0x04EE, 76 }, // U+04EE
    { 0x04EF, 102 }, // U+04EF
    { 0x04F0, 76 }, // U+04F0
    { 0x04F1, 102 }, // U+04F1
    { 0x04F2, 76 }, // U+04F2
    { 0x04F3, 102 }, // U+04F3
    { 0x04F4, 85 }, // U+04F4
    { 0x04F5, 105 }, // U+04F5
    { 0x04F7, 91 }, // U+04F7
    { 0x04F9, 91 }, // U+04F9
    { 0x05D0, 133 }, // U+05D0
    { 0x05D1, 134 }, // U+05D1
    { 0x05D2, 135 }, // U+05D2
    { 0x05D3, 136 }, // U+05D3
    { 0x05D4, 137 }, // U+05D4
    { 0x05D6, 138 }, // U+05D6
    { 0x05D7, 139 }, // U+05D7
    { 0x05D8, 140 }, // U+05D8
    { 0x05D9, 141 }, // U+05D9
    { 0x05DA, 142 }, // U+05DA
    { 0x05DB, 143 }, // U+05DB
    { 0x05DC, 144 }, // U+05DC
    { 0x05DD, 145 }, // U+05DD
    { 0x05DE, 146 }, // U+05DE
    { 0x05E1, 147 }, // U+05E1
    { 0x05E2, 148 }, // U+05E2
    { 0x05E3, 149 }, // U+05E3
    { 0x05E4, 150 }, // U+05E4
    { 0x05E5, 151 }, // U+05E5
    { 0x05E7, 152 }, // U+05E7
    { 0x05E8, 153 }, // U+05E8
    { 0x05E9, 154 }, // U+05E9
    { 0x05EA, 155 }, // U+05EA
    { 0x1EF2, 25 }, // U+1EF2
    { 0x1EF3, 49 }, // U+1EF3
    { 0x2013, 7 }, // U+2013
    { 0x2014, 7 }, // U+2014
    { 0x2018, 156 }, // U+2018
    { 0x2019, 157 }, // U+2019
    { 0x201A, 158 }, // U+201A
    { 0x201C, 156 }, // U+201C
    { 0x201D, 157 }, // U+201D
    { 0x201E, 158 }, // U+201E
    { 0x2026, 6 }, // U+2026
    { 0x2039, 53 }, // U+2039
    { 0x203A, 54 }, // U+203A
    { 0xFB00, 35 }, // U+FB00
    { 0xFB01, 35 }, // U+FB01
    { 0xFB02, 35 }, // U+FB02
    { 0xFB03, 35 }, // U+FB03
    { 0xFB04, 35 }, // U+FB04
    { 0xFB8E, 159 }, // U+FB8E
    { 0xFBA6, 159 }, // U+FBA6
    { 0xFBAA, 159 }, // U+FBAA
    { 0xFE8D, 160 }, // U+FE8D
    { 0xFEA3, 159 }, // U+FEA3
    { 0xFEA9, 161 }, // U+FEA9
    { 0xFEB1, 161 }, // U+FEB1
    { 0xFEB3, 161 }, // U+FEB3
    { 0xFEB9, 161 }, // U+FEB9
    { 0xFEBB, 161 }, // U+FEBB
    { 0xFEC1, 161 }, // U+FEC1
    { 0xFEC3, 161 }, // U+FEC3
    { 0xFECB, 160 }, // U+FECB
    { 0xFEDB, 159 }, // U+FEDB
    { 0xFEDF, 160 }, // U+FEDF
    { 0xFEE1, 159 }, // U+FEE1
    { 0xFEE3, 159 }, // U+FEE3
    { 0xFEE9, 159 }, // U+FEE9
    { 0xFEEB, 159 }, // U+FEEB
};

static const int8_t ubuntu_10_regularKernMatrix[] = {
       0,    0,    0,    0,    0,    0,    0,    0,    0,    0,    0,  -26,   -8,   -8,  -41,    0,   -8,   -8,    0,    0,    0,    4,    3,    0,    0,   -4,    0,    0,    0,    0,    0,    0,    0,    0,    0,    0,    0,    0,    0,    0,    0,    0,    0,    0,    0,    0,    0,    0,    0,    0,    0,    0,    0,    0,  -45,    0,    0,    0,    0,    0,    0,    0,    0,    0,    0,    0,    0,    0,    0,    0,    0,   -8,    0,  -38,  -24,    0,  -26,  -23,    0,    0,    0,   -8,   -8,    0,    0,    0,    0,    0,    0,    0,    0,    0,    0,    0,    0,    0,    0,    0,    0,    0,    0,    0,    0,    0,    0,    0,    0,    0,    0,    0,    0,    0,    0,    0,    0,    0,    0,    0,   -9,    0,    0,    0,    0,    0,    0,    0,  -11,    0,    0,   -4,    0,    0,    0,    0,    0,    0,    0,    0,    0,    0,    0,    0,    0,    0,    0,    0,    0,    0,    0,    0,    0,    0,    0,    0,    0,    0,    0,    0,    0,    0,    0,
       0,    0,    0,   27,    0,    0,    0,    0,    0,    0,    0,    0,  -10,  -10,    0,    0,  -10,  -10,   -6,    4,   -3,    5,    0,    0,    6,    0,    0,    0,    0,    0,    0,    0,    0,    0,    0,    0,    0,    0,    0,    0,    0,    0,    0,    0,    0,    0,    0,    0,    0,    0,    0,    0,    0,    0,    0,    0,    0,    0,    0,    0,    0,    0,    0,    0,    0,    0,    0,    0,    0,    0,    4,  -10,   -4,    0,    0,    0,    0,    9,    0,    0,    0,  -10,  -10,    0,    0,    0,    0,    0,    0,    0,    0,    0,    0,    0,    0,    0,    0,    0,    0,    0,    0,    0,    0,    0,    0,    0,    0,    0,    0,    0,    0,    0,    0,    0,    0,    0,    0,    0,  -15,    0,    6,    0,    0,   -4,    0,    0,   -7,    0,    0,    0,    0,    0,    0,    0,    0,    0,    0,    0,    0,    0,    0,    0,    0,    0,    0,    0,    0,    0,    0,    0,    0,    0,    0,    0,    0,    0,    0,    0,    0,    0,    0,
       0,    0,    0,    0,    0,    0,    0,    0,    0,    0,    0,   -7,   -4,   -4,   -4,    0,   -4,   -4,   -4,   -9,    0,  -11,   -6,   -9,  -14,   -7,    0,    0,    0,    0,    0,    0,    0,    0,    0,    0,    0,    0,    0,    0,    0,    0,    0,    0,    0,    0,    0,    0,    0,    0,    0,    0,    0,    0,   -7,    0,    0,    0,    0,    0,    0,    0,    0,    0,    0,    0,    0,    0,    0,    0,   -9,   -4,   -5,    0,    0,   -9,   -7,    0,   -7,   -6,    0,   -4,   -4,   -9,   -6,   -6,   -6,    0,    0,    0,    0,    0,    0,    0,    0,    0,    0,    0,    0,    0,    0,    0,    0,    0,    0,    0,    0,    0,    0,    0,    0,    0,    0,    0,    0,    0,    0,    0,   -5,    0,  -14,    0,    0,    0,    0,    0,   -4,    0,    0,   -6,    0,    0,    0,    0,    0,    0,    0,    0,    0,    0,    0,    0,    0,    0,    0,    0,    0,    0,    0,    0,    0,    0,    0,    0,    0,    0,    0,    0,    0,    0,    0,
       0,    0,    0,    0,    0,    0,    0,    0,    0,    0,    0,  -21,   -3,   -3,  -41,    0,    0,    0,    0,    0,    0,    0,    0,   -8,    0,    0,    0,    0,    0,    0,    0,    0,    0,    0,    0,    0,    0,    0,    0,    0,    0,    0,    0,    0,    0,    0,    0,    0,    0,    0,    0,    0,    0,    0,  -32,    0,    0,    0,    0,    0,    0,    0,    0,    0,    0,    0,    0,    0,    0,    0,    0,   -3,    0,  -37,  -25,    0,  -21,  -24,  -10,   -5,    0,    0,    0,   -8,    0,    0,    0,    0,    0,    0,    0,    0,    0,    0,    0,    0,    0,    0,    0,    0,    0,    0,    0,    0,    0,    0,    0,    0,    0,    0,    0,    0,    0,    0,    0,    0,    0,    0,    0,    0,    0,    0,    0,    0,    0,    0,   -6,    0,    0,   -6,    0,    0,    0,    0,    0,    0,    0,    0,    0,    0,    0,    0,    0,    0,    0,    0,    0,    0,    0,    0,    0,    0,    0,    0,    0,    0,    0,    0,    0,    0,    0,
       0,    0,    0,    0,    0,    0,    0,    0,    0,    0,    0,    8,  -10,  -10,    9,    0,  -11,  -11,    5,  -23,   -8,  -26,  -13,    3,  -27,    6,    0,    0,    0,    0,    0,    0,    0,    0,    0,    0,    0,    0,    0,    0,    0,    0,    0,    0,    0,    0,    0,    0,    0,    0,    0,    0,    0,    0,    6,    0,    0,    0,    0,    0,    0,    0,    0,    0,    0,    0,    0,    0,    0,    0,  -23,  -10,    0,    0,    0,    0,    8,    6,    0,    0,    0,  -11,  -11,    3,  -39,    0,    0,    0,    0,    0,    0,    0,    0,    0,    0,    0,    0,    0,    0,    0,    0,    0,    0,    0,    0,    0,    0,    0,    0,    0,    0,    0,    0,    0,    0,    0,    0,    0,  -14,    0,  -27,    0,    0,  -34,    0,    0,  -10,    0,    0,    0,    0,    0,    0,    0,    0,    0,    0,    0,    0,    0,    0,    0,    0,    0,    0,    0,    0,    0,    0,    0,    0,    0,    0,    0,    0,    0,    0,    0,    0,    0,    0,
       0,    0,    0,    0,    0,    0,    0,    0,    0,    0,    0,    0,    0,    0,   -9,    0,    0,    0,    0,  -17,    0,   -4,    0,  -10,  -17,   -5,    0,    0,    0,    0,    0,    0,    0,    0,    0,    0,    0,    0,    0,    0,    0,    0,    0,    0,    0,    0,    0,    0,    0,    0,    0,    0,    0,    0,   -5,    0,    0,    0,    0,    0,    0,    0,    0,    0,    0,    0,    0,    0,    0,    0,  -17,    5,   -4,   -7,  -11,  -14,    0,   -7,  -13,   -5,    0,    5,    0,  -10,    0,   -6,    0,    0,    0,    0,    0,    0,    0,    0,    0,    0,    0,    0,    0,    0,    0,    0,    0,    0,    0,    0,    0,    0,    0,    0,    0,    0,    0,    0,    0,    0,    0,    0,    5,    0,  -17,    0,    0,    0,    0,    0,    5,    0,    0,   -8,    0,    0,    0,    0,    0,    0,    0,    0,    0,    0,    0,    0,    0,    0,    0,    0,    0,    0,    0,    0,    0,    0,    0,    0,    0,    0,    0,    0,    0,    0,    0,
       0,    0,    0,    0,    0,    0,    0,    0,    0,    0,    0,  -17,   -9,   -9,  -24,    0,   -9,   -9,    0,   10,    0,   11,    7,    7,   11,    3,    0,    0,    0,    0,    0,    0,    0,    0,    0,    0,    0,    0,    0,    0,    0,    0,    0,    0,    0,    0,    0,    0,    0,    0,    0,    0,    0,    0,  -26,    0,    0,    0,    0,    0,    0,    0,    0,    0,    0,    0,    0,    0,    0,    0,   10,   -9,    0,  -21,  -20,    9,  -17,  -20,    6,    0,    0,   -9,   -9,    7,    0,    6,    0,    0,    0,    0,    0,    0,    0,    0,    0,    0,    0,    0,    0,    0,    0,    0,    0,    0,    0,    0,    0,    0,    0,    0,    0,    0,    0,    0,    0,    0,    0,    0,   -7,    0,   11,    0,    0,    0,    0,    0,    0,    0,    0,    0,    0,    0,    0,    0,    0,    0,    0,    0,    0,    0,    0,    0,    0,    0,    0,    0,    0,    0,    0,    0,    0,    0,    0,    0,    0,    0,    0,    0,    0,    0,    0,
       0,    0,    0,    0,    0,    0,    0,    0,    0,    0,    0,    0,   -4,   -4,    0,    0,   -4,   -4,    0,  -28,   -4,   -7,   -4,    0,  -13,    0,    0,    0,    0,    0,    0,    0,    0,    0,    0,    0,    0,    0,    0,    0,    0,    0,    0,    0,    0,    0,    0,    0,    0,    0,    0,    0,    0,    0,    0,    0,    0,    0,    0,    0,    0,    0,    0,    0,    0,    0,    0,    0,    0,    0,  -28,   -4,    0,    0,    0,    0,    0,    0,    0,    0,    0,   -4,   -4,    0,    0,    0,    0,    0,    0,    0,    0,    0,    0,    0,    0,    0,    0,    0,    0,    0,    0,    0,    0,    0,    0,    0,    0,    0,    0,    0,    0,    0,    0,    0,    0,    0,    0,    0,    0,    0,  -13,    0,    0,    0,    0,    0,   -7,    0,    0,    0,    0,    0,    0,    0,    0,    0,    0,    0,    0,    0,    0,    0,    0,    0,    0,    0,    0,    0,    0,    0,    0,    0,    0,    0,    0,    0,    0,    0,    0,    0,    0,
       0,    0,    0,    0,    0,    0,    0,    0,    0,    0,    0,   -9,   -3,   -3,   -9,    0,   -3,   -3,   -6,  -15,   -4,  -12,   -8,  -13,  -18,  -11,    0,    0,    0,    0,    0,    0,    0,    0,    0,    0,    0,    0,    0,    0,    0,    0,    0,    0,    0,    0,    0,    0,    0,    0,    0,    0,    0,    0,  -13,    0,    0,    0,    0,    0,    0,    0,    0,    0,    0,    0,    0,    0,    0,    0,  -15,   -3,   -5,   -7,   -8,  -13,   -9,   -7,  -15,  -10,    0,   -3,   -3,  -13,   -4,   -9,   -5,    0,    0,    0,    0,    0,    0,    0,    0,    0,    0,    0,    0,    0,    0,    0,    0,    0,    0,    0,    0,    0,    0,    0,    0,    0,    0,    0,    0,    0,    0,    0,    0,    0,  -18,    0,    0,    0,    0,    0,    0,    0,    0,   -9,    0,    0,    0,    0,    0,    0,    0,    0,    0,    0,    0,    0,    0,    0,    0,    0,    0,    0,    0,    0,    0,    0,    0,    0,    0,    0,    0,    0,    0,    0,    0,
       0,  -26,   -6,    0,  -21,    9,    0,    6,    0,    0,   -5,   11,   -6,   -6,   10,    0,   -6,   -6,    5,  -21,   -3,  -21,   -6,    8,  -26,    6,    0,    0,   -9,    0,    0,   -4,   -4,   -4,    0,   -5,    0,    0,    0,    0,   -4,   -4,    4,    0,   -5,   -7,   -6,    9,   -5,    5,   -7,   -3,   -6,    0,   11,    0,    0,    0,    0,   -4,    0,    0,    0,    0,    0,    0,    0,    0,  -17,    0,    0,    0,    0,    0,    0,    0,    0,    0,    0,    0,    0,    0,    0,    0,    0,    0,    0,    0,    0,    0,    0,    0,    0,    0,    0,    0,    0,    0,    0,    0,    0,    0,    0,    0,    0,    0,    0,    0,    0,    0,    0,    0,    0,    0,    0,    0,    0,    0,    0,    0,    0,    0,    0,    0,    0,    0,    0,    0,    0,    0,    0,    0,    0,    0,    0,    0,    0,    0,    0,    0,    0,    0,    0,    0,    0,    0,    0,    0,    0,    0,    0,    0,    0,    0,    0,  -24,  -23,    8,    0,    0,    0,
       0,   -4,   -4,   -8,   -4,   -3,    0,   -7,   -4,   -7,    0,    0,    0,    0,    0,    0,    0,    0,    0,    0,    0,   -6,   -4,   -7,   -8,    0,    0,    0,  -11,    0,    0,    0,    0,    0,    0,    0,    0,    0,    0,    0,    0,    0,    0,    0,    0,    0,    0,    0,    0,   -4,    0,   -7,    0,    0,   -4,    0,    0,    0,    0,    0,    0,    0,    0,    0,    0,    0,    0,    0,   -5,    0,    0,    0,    0,    0,    0,    0,    0,    0,    0,    0,    0,    0,    0,    0,    0,    0,    0,    0,    0,    0,    0,    0,    0,    0,    0,    0,    0,    0,    0,    0,    0,    0,    0,    0,    0,    0,    0,    0,    0,    0,    0,    0,    0,    0,    0,    0,    0,    0,    0,    0,    0,    0,    0,    0,    0,    0,    0,    0,    0,    0,    0,    0,    0,    0,    0,    0,    0,    0,    0,    0,    0,    0,    0,    0,    0,    0,    0,    0,    0,    0,    0,    0,    0,    0,    0,    0,    0,    0,    0,    0,    0,
       0,    0,   -8,    0,    0,    7,  -10,    0,    0,    5,   -6,    7,   -7,   -7,    8,    0,   -7,   -7,    3,    6,    0,    6,    0,    4,    6,    3,   -3,    0,    0,    0,    0,   -5,   -5,   -5,    0,   -5,    0,    0,    0,    0,   -5,   -5,    0,    0,   -7,   -5,   -6,    5,   -5,    0,   -9,    0,  -15,    0,    7,    0,    0,    0,    0,   -5,    0,    0,    0,    0,    0,    0,    0,    0,    0,    0,    0,    0,    0,    0,    0,    0,    0,    0,    0,    0,    0,    0,    0,    0,    0,    0,    0,    0,    0,    0,    0,    0,    0,    0,    0,    0,    0,    0,    0,    0,    0,    0,    0,    0,    0,    0,    0,    0,    0,    0,    0,    0,    0,    0,    0,    0,    0,    0,    0,    0,    0,    0,    0,    0,    0,    0,    0,    0,    0,    0,    0,    0,    0,    0,    0,    0,    0,    0,    0,    0,    0,    0,    0,    0,    0,    0,    0,    0,    0,    0,    0,    0,    0,    0,    0,    0,    4,    6,    0,    0,    0,
      -5,   -9,   -4,  -11,    0,  -11,    0,  -14,    0,  -13,   -4,   -6,    0,    0,   -8,    0,    0,    0,   -4,   -9,    0,   -6,   -6,   -8,  -14,   -5,   -4,    0,  -14,   -5,    0,    0,    0,    0,    0,    0,    0,    0,    0,    0,    0,    0,    0,    0,    0,    0,    0,    0,    0,    0,    0,  -10,    0,    0,  -14,    0,    0,    0,    0,    0,    0,    0,    0,    0,    0,    0,  -10,    0,  -10,    0,    0,    0,    0,    0,    0,    0,    0,    0,    0,    0,    0,    0,    0,    0,    0,    0,    0,    0,    0,    0,    0,    0,    0,    0,    0,    0,    0,    0,    0,    0,    0,    0,    0,    0,    0,    0,    0,    0,    0,    0,    0,    0,    0,    0,    0,    0,    0,    0,    0,    0,    0,    0,    0,    0,    0,    0,    0,    0,    0,    0,    0,    0,    0,    0,    0,    0,    0,    0,    0,    0,    0,    0,    0,    0,    0,    0,    0,    0,    0,    0,    0,    0,    0,    0,    0,   -7,   -4,  -11,    0,    0,    0,
       0,   -5,   -7,    0,   -4,    4,    0,    0,    0,    0,   -5,    6,   -9,   -9,    6,    0,   -9,   -9,    0,    0,   -7,    0,    0,    0,    0,    0,   -6,    0,  -14,    0,    0,   -5,   -6,   -5,    0,   -8,    0,    0,    0,    0,   -6,   -5,    0,   -5,   -6,   -8,   -8,    3,   -8,    0,   -6,   -7,   -8,    0,    6,    0,    0,    0,    0,   -5,    0,    0,    0,    0,    0,    0,    0,    0,    0,    0,    0,    0,    0,    0,    0,    0,    0,    0,    0,    0,    0,    0,    0,    0,    0,    0,    0,    0,    0,    0,    0,    0,    0,    0,    0,    0,    0,    0,    0,    0,    0,    0,    0,    0,    0,    0,    0,    0,    0,    0,    0,    0,    0,    0,    0,    0,    0,    0,    0,    0,    0,    0,    0,    0,    0,    0,    0,    0,    0,    0,    0,    0,    0,    0,    0,    0,    0,    0,    0,    0,    0,    0,    0,    0,    0,    0,    0,    0,    0,    0,    0,    0,    0,    0,    0,   -4,    0,    0,    0,    0,    0,
      -3,    0,   -8,    0,    0,  -22,    0,  -20,   -6,    4,   -6,  -15,   -4,   -4,  -27,    0,   -4,   -4,    0,    5,    0,    6,    0,    0,    7,    0,   -5,    0,  -14,  -17,    0,   -5,   -5,   -5,    0,   -5,    0,    0,    0,   -9,   -5,   -5,    0,    0,   -8,    0,    0,  -12,    0,   -9,    0,    0,    0,   -7,  -25,    0,    0,    0,    0,   -5,    0,    0,    0,    0,   -8,   -6,    0,    0,    0,    0,    0,    0,    0,    0,    0,    0,    0,    0,    0,    0,    0,    0,    0,    0,    0,    0,    0,    0,    0,    0,    0,    0,    0,    0,    0,    0,    0,    0,    0,    0,    0,    0,    0,    0,    0,    0,    0,    0,    0,    0,    0,    0,    0,    0,    0,    0,    0,    0,    0,    0,    0,    0,    0,    0,    0,    0,    0,    0,    0,    0,    0,    0,    0,    0,    0,    0,    0,    0,    0,    0,    0,    0,    0,    0,    0,    0,    0,    0,    0,    0,    0,    0,    0,    0,    0,    0,    0,  -34,    0,    0,    0,
       0,    0,    0,   -3,   -8,    0,    0,    0,    0,    0,    0,    0,    0,    0,    0,    0,    0,    0,    0,    0,    0,    0,    0,    0,    0,    0,    0,    0,   -3,    0,    0,    0,    0,    0,    0,    0,    0,    0,    0,    0,    0,    0,    0,    0,    0,   -6,    0,    0,   -6,    0,    0,   -3,    0,    0,    0,    0,    0,    0,    0,    0,    0,    0,    0,    0,    0,    0,    0,    0,    0,    0,    0,    0,    0,    0,    0,    0,    0,    0,    0,    0,    0,    0,    0,    0,    0,    0,    0,    0,    0,    0,    0,    0,    0,    0,    0,    0,    0,    0,    0,    0,    0,    0,    0,    0,    0,    0,    0,    0,    0,    0,    0,    0,    0,    0,    0,    0,    0,    0,    0,    0,    0,    0,    0,    0,    0,    0,    0,    0,    0,    0,    0,    0,    0,    0,    0,    0,    0,    0,    0,    0,    0,    0,    0,    0,    0,    0,    0,    0,    0,    0,    0,    0,    0,    0,    0,    0,    0,    0,    0,    0,    0,
       0,    0,    0,   -3,    0,   -3,    0,  -12,    0,    0,    0,   -3,    0,    0,   -5,    0,    0,    0,    0,    0,    0,    0,    0,    0,    0,   -6,    0,    0,  -11,    0,    0,    0,    0,    0,    0,    0,    0,    0,    0,    0,    0,    0,    0,    0,    0,    0,    0,    0,    0,   -6,    0,   -6,    0,    0,   -8,    0,    0,    0,    0,    0,    0,    0,    0,    0,    0,    0,   -5,    0,    0,    0,    0,    0,    0,    0,    0,    0,    0,    0,    0,    0,    0,    0,    0,    0,    0,    0,    0,    0,    0,    0,    0,    0,    0,    0,    0,    0,    0,    0,    0,    0,    0,    0,    0,    0,    0,    0,    0,    0,    0,    0,    0,    0,    0,    0,    0,    0,    0,    0,    0,    0,    0,    0,    0,    0,    0,    0,    0,    0,    0,    0,    0,    0,    0,    0,    0,    0,    0,    0,    0,    0,    0,    0,    0,    0,    0,    0,    0,    0,    0,    0,    0,    0,    0,    0,    0,    0,    0,   -4,    0,    0,    0,
       0,    0,   -6,    0,  -11,    5,  -16,    6,    0,    4,   -6,   11,  -12,  -12,    9,    0,  -12,  -12,    0,    6,    0,    7,    3,    9,    7,    7,    0,    0,   -9,    0,    0,   -7,   -7,   -7,    0,   -7,    0,    0,    0,    0,   -7,   -7,    5,    0,   -4,   -5,  -16,    9,   -3,    5,   -6,    0,  -20,    0,   12,    0,    0,    0,    7,   -8,    4,    4,    0,    0,    0,   -4,    0,    0,    0,    0,    0,    0,    0,    0,    0,    0,    0,    0,    0,    0,    0,    0,    0,    0,    0,    0,    0,    0,    0,    0,    0,    0,    0,    0,    0,    0,    0,    0,    0,    0,    0,    0,    0,    0,    0,    0,    0,    0,    0,    0,    0,    0,    0,    0,    0,    0,    0,    0,    0,    0,    0,    0,    0,    0,    0,    0,    0,    0,    0,    0,    0,    0,    0,    0,    0,    0,    0,    0,    0,    0,    0,    0,    0,    0,    0,    0,    0,    0,    0,    0,    0,    0,    0,    0,    0,    0,    0,    5,    0,    0,    0,
       0,  -42,   -3,    0,  -46,    8,  -23,    4,    0,    0,    0,    9,  -15,  -15,    9,    0,  -15,  -15,    5,  -38,   -6,  -33,  -15,    7,  -38,    5,    0,    0,  -11,    0,    0,   -4,   -4,   -4,    0,   -4,    0,    0,    0,    0,   -4,   -4,    0,    0,    0,  -13,  -12,    7,   -7,    3,   -8,   -5,  -13,    4,   10,    0,    0,    0,    0,    0,    0,    0,    0,    0,    0,    0,    0,    0,  -28,    0,    0,    0,    0,    0,    0,    0,    0,    0,    0,    0,    0,    0,    0,    0,    0,    0,    0,    0,    0,    0,    0,    0,    0,    0,    0,    0,    0,    0,    0,    0,    0,    0,    0,    0,    0,    0,    0,    0,    0,    0,    0,    0,    0,    0,    0,    0,    0,    0,    0,    0,    0,    0,    0,    0,    0,    0,    0,    0,    0,    0,    0,    0,    0,    0,    0,    0,    0,    0,    0,    0,    0,    0,    0,    0,    0,    0,    0,    0,    0,    0,    0,    0,    0,    0,    0,  -40,  -39,    5,    0,    0,    0,
       0,    0,    0,    0,    0,    0,    0,    0,    0,    0,    0,    0,    0,    0,    0,    0,    0,    0,    0,    0,    0,   -2,    0,    0,   -3,    0,    0,    0,    0,    0,    0,    0,    0,    0,    0,    0,    0,    0,    0,    0,    0,    0,    0,    0,    0,    0,    0,    0,    0,    0,    0,    0,    0,    0,    0,    0,    0,    0,    0,    0,    0,    0,    0,    0,    0,    0,    0,    0,    0,    0,    0,    0,    0,    0,    0,    0,    0,    0,    0,    0,    0,    0,    0,    0,    0,    0,    0,    0,    0,    0,    0,    0,    0,    0,    0,    0,    0,    0,    0,    0,    0,    0,    0,    0,    0,    0,    0,    0,    0,    0,    0,    0,    0,    0,    0,    0,    0,    0,    0,    0,    0,    0,    0,    0,    0,    0,    0,    0,    0,    0,    0,    0,    0,    0,    0,    0,    0,    0,    0,    0,    0,    0,    0,    0,    0,    0,    0,    0,    0,    0,    0,    0,    0,    0,    0,    0,    0,    0,    0,    0,    0,
      -5,   -8,   -4,   -9,    0,  -11,    0,  -14,    0,  -11,   -4,   -6,    0,    0,   -8,    0,    0,    0,   -3,   -9,    0,   -6,   -5,   -8,  -14,   -5,   -3,    0,  -14,   -4,    0,    0,    0,    0,    0,    0,    0,    0,    0,    0,    0,    0,    0,    0,    0,    0,    0,    0,    0,    0,    0,  -10,    0,    0,  -13,    0,    0,    0,    0,    0,    0,    0,    0,    0,    0,    0,   -9,    0,   -9,    0,    0,    0,    0,    0,    0,    0,    0,    0,    0,    0,    0,    0,    0,    0,    0,    0,    0,    0,    0,    0,    0,    0,    0,    0,    0,    0,    0,    0,    0,    0,    0,    0,    0,    0,    0,    0,    0,    0,    0,    0,    0,    0,    0,    0,    0,    0,    0,    0,    0,    0,    0,    0,    0,    0,    0,    0,    0,    0,    0,    0,    0,    0,    0,    0,    0,    0,    0,    0,    0,    0,    0,    0,    0,    0,    0,    0,    0,    0,    0,    0,    0,    0,    0,    0,    0,   -5,   -3,  -10,    0,    0,    0,
      -4,    0,   -4,   -8,    0,  -30,    0,  -21,    0,    0,    0,  -17,    0,    0,  -32,    0,    0,    0,    0,    0,    0,    0,    0,   -6,    0,    0,   -5,    0,  -14,   -6,    0,   -7,   -7,  -11,    0,   -7,    0,    0,    0,    0,   -7,   -4,    0,    0,    0,    3,    3,    0,    3,    0,    0,   -8,   -6,    0,  -28,    0,    0,    0,    0,   -5,    0,    0,    0,    0,    0,    0,    0,    0,    0,    0,    0,    0,    0,    0,    0,    0,    0,    0,    0,    0,    0,    0,    0,    0,    0,    0,    0,    0,    0,    0,    0,    0,    0,    0,    0,    0,    0,    0,    0,    0,    0,    0,    0,    0,    0,    0,    0,    0,    0,    0,    0,    0,    0,    0,    0,    0,    0,    0,    0,    0,    0,    0,    0,    0,    0,    0,    0,    0,    0,    0,    0,    0,    0,    0,    0,    0,    0,    0,    0,    0,    0,    0,    0,    0,    0,    0,    0,    0,    0,    0,    0,    0,    0,    0,    0,    0,    3,  -38,    0,    0,    0,
      -5,   -8,   -4,    0,    0,  -11,    0,    0,    0,  -11,   -4,   -6,    0,    0,   -8,    0,    0,    0,   -3,   -9,    0,   -6,   -5,   -8,  -14,   -5,   -3,    0,    0,   -5,    0,    0,    0,    0,    0,    0,    0,    5,    0,    0,    0,    0,    0,    0,    0,    0,    0,    0,    0,    0,    0,    0,    0,    0,  -13,    0,    0,    0,    0,    0,    0,    0,    0,    0,    0,    0,   -9,    0,    0,    0,    0,    0,    0,    0,    0,    0,    0,    0,    0,    0,    0,    0,    0,    0,    0,    0,    0,    0,    0,    0,    0,    0,    0,    0,    0,    0,    0,    0,    0,    0,    0,    0,    0,    0,    0,    0,    0,    0,    0,    0,    0,    0,    0,    0,    0,    0,    0,    0,    0,    0,    0,    0,    0,    0,    0,    0,    0,    0,    0,    0,    0,    0,    0,    0,    0,    0,    0,    0,    0,    0,    0,    0,    0,    0,    0,    0,    0,    0,    0,    0,    0,    0,    0,    0,    0,   -5,   -3,   -7,    0,    0,    0,
       0,    0,   -4,    0,    0,    5,    0,    4,    0,   -4,   -5,    9,   -4,   -4,    7,    0,   -4,   -4,    0,    0,    0,   -3,    0,    6,   -6,    5,    0,    0,  -11,    0,    0,    0,    0,    0,    0,    0,    0,    0,    0,    0,    0,    0,    0,    0,    0,    0,    0,    7,    0,    3,   -6,   -5,   -7,    0,   10,    0,    0,    0,    0,   -5,    0,    0,    0,    0,    0,    0,    0,    0,    0,    0,    0,    0,    0,    0,    0,    0,    0,    0,    0,    0,    0,    0,    0,    0,    0,    0,    0,    0,    0,    0,    0,    0,    0,    0,    0,    0,    0,    0,    0,    0,    0,    0,    0,    0,    0,    0,    0,    0,    0,    0,    0,    0,    0,    0,    0,    0,    0,    0,    0,    0,    0,    0,    0,    0,    0,    0,    0,    0,    0,    0,    0,    0,    0,    0,    0,    0,    0,    0,    0,    0,    0,    0,    0,    0,    0,    0,    0,    0,    0,    0,    0,    0,    0,    0,    0,    0,    0,    5,    0,    0,    0,
       0,    0,   -9,    4,    0,  -25,  -16,  -29,  -28,    7,  -17,  -21,   -9,   -9,  -30,    0,   -9,   -9,    0,    8,    0,    9,    6,    5,   10,    0,    0,    0,  -11,  -15,    0,  -18,  -18,  -18,    0,  -18,    0,    0,    0,  -13,  -18,  -18,  -15,    0,  -11,   -7,  -27,   -6,   -7,  -10,   -8,    0,  -28,  -25,  -24,    0,    0,    7,   10,  -26,   17,    7,    4,    0,  -24,  -22,    0,    0,    0,    0,    0,    0,    0,    0,    0,    0,    0,    0,    0,    0,    0,    0,    0,    0,    0,    0,    0,    0,    0,    0,    0,    0,    0,    0,    0,    0,    0,    0,    0,    0,    0,    0,    0,    0,    0,    0,    0,    0,    0,    0,    0,    0,    0,    0,    0,    0,    0,    0,    0,    0,    0,    0,    0,    0,    0,    0,    0,    0,    0,    0,    0,    0,    0,    0,    0,    0,    0,    0,    0,    0,    0,    0,    0,    0,    0,    0,    0,    0,    0,    0,    0,    0,    0,    0,    0,    0,    0,  -22,    0,    0,    0,
       0,    0,   -3,    0,    0,   -3,    0,  -14,   -3,    0,    0,   -3,    0,    0,   -5,    0,    0,    0,    0,    0,    0,    0,    0,    0,    0,   -5,    0,    0,  -12,   -5,    0,    0,    0,    0,    0,    0,    0,    0,    0,    0,    0,    0,    0,    0,    0,    0,    0,    0,    0,   -6,   -3,   -7,    0,    0,  -11,    0,    0,    0,    0,    0,    0,    0,    0,    0,    0,    0,   -5,    0,    0,    0,    0,    0,    0,    0,    0,    0,    0,    0,    0,    0,    0,    0,    0,    0,    0,    0,    0,    0,    0,    0,    0,    0,    0,    0,    0,    0,    0,    0,    0,    0,    0,    0,    0,    0,    0,    0,    0,    0,    0,    0,    0,    0,    0,    0,    0,    0,    0,    0,    0,    0,    0,    0,    0,    0,    0,    0,    0,    0,    0,    0,    0,    0,    0,    0,    0,    0,    0,    0,    0,    0,    0,    0,    0,    0,    0,    0,    0,    0,    0,    0,    0,    0,    0,    0,    0,    0,    0,   -7,    0,    0,    0,
       0,    5,  -11,    5,    0,  -25,   -3,  -22,   -7,    8,  -13,  -21,   -6,   -6,  -32,   -2,   -6,   -6,    0,    9,    0,   10,    7,    6,   11,    0,    0,    0,   -9,   -8,    0,  -15,  -15,  -15,    0,  -15,    0,    0,    0,  -10,  -15,  -15,   -5,    0,   -8,    0,    0,    0,    0,   -1,   -8,    0,  -14,   -4,  -27,    0,    4,    0,   11,  -17,   14,   10,    4,    0,   -9,   -8,    0,    0,    0,    0,    0,    0,    0,    0,    0,    0,    0,    0,    0,    0,    0,    0,    0,    0,    0,    0,    0,    0,    0,    0,    0,    0,    0,    0,    0,    0,    0,    0,    0,    0,    0,    0,    0,    0,    0,    0,    0,    0,    0,    0,    0,    0,    0,    0,    0,    0,    0,    0,    0,    0,    0,    0,    0,    0,    0,    0,    0,    0,    0,    0,    0,    0,    0,    0,    0,    0,    0,    0,    0,    0,    0,    0,    0,    0,    0,    0,    0,    0,    0,    0,    0,    0,    0,    0,    0,    6,    8,  -25,    0,    0,    0,
       0,    4,   -5,    0,    0,  -12,    0,  -16,   -4,    5,   -6,   -6,   -5,   -5,  -20,    0,   -5,   -5,    0,    6,    0,    7,    4,    3,    8,    0,    0,    0,  -12,  -10,    0,   -7,   -7,   -7,    0,   -9,    0,    0,    0,   -7,   -7,   -7,   -6,    0,   -6,    0,    0,    0,    0,    0,   -6,    0,   -7,    0,  -16,    0,    0,    0,    6,   -9,    4,    0,    0,    0,   -5,    0,    0,    0,    0,    0,    0,    0,    0,    0,    0,    0,    0,    0,    0,    0,    0,    0,    0,    0,    0,    0,    0,    0,    0,    0,    0,    0,    0,    0,    0,    0,    0,    0,    0,    0,    0,    0,    0,    0,    0,    0,    0,    0,    0,    0,    0,    0,    0,    0,    0,    0,    0,    0,    0,    0,    0,    0,    0,    0,    0,    0,    0,    0,    0,    0,    0,    0,    0,    0,    0,    0,    0,    0,    0,    0,    0,    0,    0,    0,    0,    0,    0,    0,    0,    0,    0,    0,    0,    0,    0,    6,    8,  -13,    0,    0,    0,
       0,    0,   -8,    0,   -9,    4,   -9,    3,    0,    0,   -9,    9,   -8,   -8,    7,    0,   -8,   -8,    0,    4,    0,    6,    0,    6,    6,    4,    0,    0,  -11,    0,    0,   -6,   -6,   -6,    0,   -6,    0,    0,    0,    0,   -6,   -6,    0,    0,   -3,   -4,  -12,    6,   -2,    0,   -9,    0,  -16,    0,    9,    0,    0,    0,    0,  -10,    0,    0,    0,    0,    0,   -6,    0,    0,    0,    0,    0,    0,    0,    0,    0,    0,    0,    0,    0,    0,    0,    0,    0,    0,    0,    0,    0,    0,    0,    0,    0,    0,    0,    0,    0,    0,    0,    0,    0,    0,    0,    0,    0,    0,    0,    0,    0,    0,    0,    0,    0,    0,    0,    0,    0,    0,    0,    0,    0,    0,    0,    0,    0,    0,    0,    0,    0,    0,    0,    0,    0,    0,    0,    0,    0,    0,    0,    0,    0,    0,    0,    0,    0,    0,    0,    0,    0,    0,    0,    0,    0,    0,    0,    0,    0,    0,    0,    3,    0,    0,    0,
       0,    0,  -14,    6,    0,  -22,  -16,  -27,  -13,    8,  -19,  -26,  -14,  -14,  -38,   -3,  -14,  -14,    0,   10,    0,   11,    8,    7,   12,    4,    0,    0,   -9,  -14,    0,  -16,  -16,  -16,    0,  -16,    0,    0,    0,  -13,  -16,  -16,   -7,    0,  -11,    0,    0,   -5,    0,   -9,   -7,    0,  -25,  -11,  -27,    0,    0,    0,   14,  -26,   13,   11,    0,    0,  -14,  -13,    0,    0,    0,    0,    0,    0,    0,    0,    0,    0,    0,    0,    0,    0,    0,    0,    0,    0,    0,    0,    0,    0,    0,    0,    0,    0,    0,    0,    0,    0,    0,    0,    0,    0,    0,    0,    0,    0,    0,    0,    0,    0,    0,    0,    0,    0,    0,    0,    0,    0,    0,    0,    0,    0,    0,    0,    0,    0,    0,    0,    0,    0,    0,    0,    0,    0,    0,    0,    0,    0,    0,    0,    0,    0,    0,    0,    0,    0,    0,    0,    0,    0,    0,    0,    0,    0,    0,    0,    0,    4,    6,  -26,    0,    0,    0,
       0,    0,   -7,    0,    0,    4,  -20,    0,    0,    0,   -5,    6,  -12,  -12,    6,    0,  -12,  -12,    0,    0,   -5,    3,    0,    0,    4,    0,   -6,    0,  -14,    0,    0,   -5,   -6,   -5,    0,   -8,    0,    0,    0,    0,   -6,   -5,    0,   -4,   -6,   -8,   -8,    3,   -8,    0,  -12,   -5,  -17,    0,    6,    0,    0,    0,    3,   -5,    4,    0,    0,    0,    0,    0,    0,    0,    0,    0,    0,    0,    0,    0,    0,    0,    0,    0,    0,    0,    0,    0,    0,    0,    0,    0,    0,    0,    0,    0,    0,    0,    0,    0,    0,    0,    0,    0,    0,    0,    0,    0,    0,    0,    0,    0,    0,    0,    0,    0,    0,    0,    0,    0,    0,    0,    0,    0,    0,    0,    0,    0,    0,    0,    0,    0,    0,    0,    0,    0,    0,    0,    0,    0,    0,    0,    0,    0,    0,    0,    0,    0,    0,    0,    0,    0,    0,    0,    0,    0,    0,    0,    0,    0,    0,    0,    0,    0,    0,    0,    0,
       0,    0,    0,    0,    0,    0,    0,    0,    0,    0,    0,   -9,  -14,  -14,   -9,    0,  -14,  -14,   -9,  -11,  -13,  -10,  -12,  -12,   -9,  -14,    0,    0,   27,    0,    0,    0,    0,    0,    0,    0,    0,    0,    0,    0,    0,    0,    0,    0,    0,    0,    0,    0,    0,    0,    0,    0,    0,    0,   -9,    0,    0,    0,    0,    0,    0,    0,    0,    0,    0,    0,    0,    0,    0,    0,  -11,  -14,   -6,   -7,   -8,  -10,   -9,    9,  -10,    0,    0,  -14,  -14,  -12,  -16,    0,  -12,    0,    0,    0,    0,    0,    0,    0,    0,    0,    0,    0,    0,    0,    0,    0,    0,    0,    0,    0,    0,    0,    0,    0,    0,    0,    0,    0,    0,    0,    0,    0,  -16,    0,   -9,    0,    0,   -9,    0,    0,   -5,    0,    0,  -10,    0,    0,    0,    0,    0,    0,    0,    0,    0,    0,    0,    0,    0,    0,    0,    0,    0,    0,    0,    0,    0,    0,    0,    0,    0,    0,    0,    0,    0,    0,    0,
       0,    0,    0,    0,    0,    0,    0,    0,    0,    0,    0,    0,   -3,   -3,    0,    0,   -3,   -3,    0,    0,    0,    0,   -3,   -3,    0,   -5,    0,    0,    0,    0,    0,    0,    0,    0,    0,    0,    0,    0,    0,    0,    0,    0,    0,    0,    0,    0,    0,    0,    0,    0,    0,    0,    0,    0,    0,    0,    0,    0,    0,    0,    0,    0,    0,    0,    0,    0,    0,    0,    0,    0,    0,   -3,   -3,    0,    0,    0,    0,    0,    0,    0,    0,   -3,   -3,   -3,   -7,    0,   -4,    0,    0,    0,    0,    0,    0,    0,    0,    0,    0,    0,    0,    0,    0,    0,    0,    0,    0,    0,    0,    0,    0,    0,    0,    0,    0,    0,    0,    0,    0,    0,   -7,    0,    0,    0,    0,    0,    0,    0,   -6,    0,    0,    0,    0,    0,    0,    0,    0,    0,    0,    0,    0,    0,    0,    0,    0,    0,    0,    0,    0,    0,    0,    0,    0,    0,    0,    0,    0,    0,    0,    0,    0,    0,    0,
       0,   -9,    0,   -8,   -7,    0,    0,    0,    0,   -9,    0,    0,    0,    0,    0,    0,    0,    0,    0,    0,    0,    0,    0,    0,    0,    0,    0,    0,  -10,    0,    0,    0,    0,    0,    0,    0,    0,    0,    0,    0,    0,    0,    0,    0,    0,   -5,   -4,    0,   -5,    0,    0,   -7,    0,    0,    0,    0,    0,    0,    0,    0,    0,    0,    0,    0,    0,    0,    0,    0,    0,    0,    0,    0,    0,    0,    0,    0,    0,    0,    0,    0,    0,    0,    0,    0,    0,    0,    0,    0,    0,    0,    0,    0,    0,    0,    0,    0,    0,    0,    0,    0,    0,    0,    0,    0,    0,    0,    0,    0,    0,    0,    0,    0,    0,    0,    0,    0,    0,    0,    0,    0,    0,    0,    0,    0,    0,    0,    0,    0,    0,    0,    0,    0,    0,    0,    0,    0,    0,    0,    0,    0,    0,    0,    0,    0,    0,    0,    0,    0,    0,    0,    0,    0,    0,    0,    0,    0,   -8,    0,    0,    0,    0,
       0,  -12,    0,   -9,    0,    0,    0,   -7,    0,   -9,    0,    0,    0,    0,    0,    0,    0,    0,    0,    0,    0,    0,    0,    0,    0,    0,    0,    0,  -10,    0,    0,    0,    0,    0,    0,    0,    0,    0,    0,    0,    0,    0,    0,    0,    0,   -4,   -4,   -6,   -4,   -7,    0,   -7,    0,    0,    0,    0,    0,    0,    0,    0,    0,    0,    0,    0,    0,    0,    0,    0,    0,    0,    0,    0,    0,    0,    0,    0,    0,    0,    0,    0,    0,    0,    0,    0,    0,    0,    0,    0,    0,    0,    0,    0,    0,    0,    0,    0,    0,    0,    0,    0,    0,    0,    0,    0,    0,    0,    0,    0,    0,    0,    0,    0,    0,    0,    0,    0,    0,    0,    0,    0,    0,    0,    0,    0,    0,    0,    0,    0,    0,    0,    0,    0,    0,    0,    0,    0,    0,    0,    0,    0,    0,    0,    0,    0,    0,    0,    0,    0,    0,    0,    0,    0,    0,    0,    0,  -11,  -11,    0,    0,    0,    0,
       0,    0,    0,    0,    0,    3,  -11,    0,    0,    0,    0,    0,    0,    0,    0,    0,    0,    0,    0,    0,    0,    0,    0,    0,    0,    0,    0,    0,   -9,    0,    0,    0,   -4,    0,    0,   -5,    0,    0,    0,    0,   -4,    0,    0,    0,    0,    4,    3,    5,    4,    0,   -7,    0,  -10,    0,    0,    0,    0,    0,    0,    0,    0,    0,    0,    0,    0,    0,    0,    0,    0,    0,    0,    0,    0,    0,    0,    0,    0,    0,    0,    0,    0,    0,    0,    0,    0,    0,    0,    0,    0,    0,    0,    0,    0,    0,    0,    0,    0,    0,    0,    0,    0,    0,    0,    0,    0,    0,    0,    0,    0,    0,    0,    0,    0,    0,    0,    0,    0,    0,    0,    0,    0,    0,    0,    0,    0,    0,    0,    0,    0,    0,    0,    0,    0,    0,    0,    0,    0,    0,    0,    0,    0,    0,    0,    0,    0,    0,    0,    0,    0,    0,    0,    0,    0,    0,    0,    0,    0,    0,    0,    0,    0,
       0,    0,    0,   13,    4,  -17,  -12,  -14,    0,    8,    0,    0,    0,    0,    0,    0,    0,    0,    0,    0,    0,    0,    0,    0,    0,    0,    0,    0,   13,    0,    0,    0,    0,    0,    0,    0,    0,    0,    0,    0,    0,    0,    0,    0,    0,    6,    6,    5,    6,    0,    0,   13,   -6,    3,    0,    0,   10,    0,   13,   -6,   13,   10,   13,    0,    0,    0,    0,    0,    0,    0,    0,    0,    0,    0,    0,    0,    0,    0,    0,    0,    0,    0,    0,    0,    0,    0,    0,    0,    0,    0,    0,    0,    0,    0,    0,    0,    0,    0,    0,    0,    0,    0,    0,    0,    0,    0,    0,    0,    0,    0,    0,    0,    0,    0,    0,    0,    0,    0,    0,    0,    0,    0,    0,    0,    0,    0,    0,    0,    0,    0,    0,    0,    0,    0,    0,    0,    0,    0,    0,    0,    0,    0,    0,    0,    0,    0,    0,    0,    0,    0,    0,    0,    0,    0,    0,    0,    7,  -18,    0,    0,    0,
       0,  -12,    0,   -8,   -7,    0,    0,    0,    0,   -9,    0,    0,    0,    0,    0,    0,    0,    0,    0,    0,    0,    0,    0,    0,    0,    0,    0,    0,  -10,    0,    0,    0,    0,    0,    0,    0,    0,    0,    0,    0,    0,    0,    0,    0,    0,   -5,   -4,    0,   -6,    0,    0,   -7,    0,    0,    0,    0,    0,    0,    0,    0,    0,    0,    0,    0,    0,    0,    0,    0,    0,    0,    0,    0,    0,    0,    0,    0,    0,    0,    0,    0,    0,    0,    0,    0,    0,    0,    0,    0,    0,    0,    0,    0,    0,    0,    0,    0,    0,    0,    0,    0,    0,    0,    0,    0,    0,    0,    0,    0,    0,    0,    0,    0,    0,    0,    0,    0,    0,    0,    0,    0,    0,    0,    0,    0,    0,    0,    0,    0,    0,    0,    0,    0,    0,    0,    0,    0,    0,    0,    0,    0,    0,    0,    0,    0,    0,    0,    0,    0,    0,    0,    0,    0,    0,    0,    0,  -10,  -10,    0,    0,    0,    0,
       0,    0,    0,    0,    0,    0,    0,    0,    0,    0,    0,    0,    0,    0,    0,    0,    0,    0,    0,    0,    0,    0,    0,    0,    0,    0,    0,    0,    0,    0,    0,    0,    0,    0,    0,    0,    0,    3,    0,    0,    0,    0,    0,    0,    0,    0,    0,    0,    0,    0,    0,    0,    0,    0,    0,    0,    0,    0,    0,    0,    0,    0,    0,    0,    0,    0,    0,    0,    0,    0,    0,    0,    0,    0,    0,    0,    0,    0,    0,    0,    0,    0,    0,    0,    0,    0,    0,    0,    0,    0,    0,    0,    0,    0,    0,    0,    0,    0,    0,    0,    0,    0,    0,    0,    0,    0,    0,    0,    0,    0,    0,    0,    0,    0,    0,    0,    0,    0,    0,    0,    0,    0,    0,    0,    0,    0,    0,    0,    0,    0,    0,    0,    0,    0,    0,    0,    0,    0,    0,    0,    0,    0,    0,    0,    0,    0,    0,    0,    0,    0,    0,    0,    0,    0,    0,    0,    0,    0,    0,    0,    0,
       0,    0,    0,    0,    0,    0,   -9,    4,    0,    0,   -7,    0,    0,    0,    0,    0,    0,    0,    0,    0,    0,    0,    0,    0,    0,    0,    0,    0,   -8,    0,    0,   -9,   -9,   -9,    0,  -10,    0,    0,    0,    0,  -10,   -9,    0,    0,    0,    0,    0,    6,    0,    0,   -6,    0,  -11,    0,    0,    0,    0,    0,    0,   -9,    0,    0,    0,    0,    0,    0,    0,    0,    0,    0,    0,    0,    0,    0,    0,    0,    0,    0,    0,    0,    0,    0,    0,    0,    0,    0,    0,    0,    0,    0,    0,    0,    0,    0,    0,    0,    0,    0,    0,    0,    0,    0,    0,    0,    0,    0,    0,    0,    0,    0,    0,    0,    0,    0,    0,    0,    0,    0,    0,    0,    0,    0,    0,    0,    0,    0,    0,    0,    0,    0,    0,    0,    0,    0,    0,    0,    0,    0,    0,    0,    0,    0,    0,    0,    0,    0,    0,    0,    0,    0,    0,    0,    0,    0,    0,    0,    0,    0,    0,    0,    0,
       0,  -10,    0,   -8,   -7,    0,    0,    0,    0,   -9,    0,    0,    0,    0,    0,    0,    0,    0,    0,    0,    0,    0,    0,    0,    0,    0,    0,    0,  -10,    0,    0,    0,    0,    0,    0,    0,    0,    0,    0,    0,    0,    0,    0,    0,    0,   -5,   -5,    0,   -6,    0,    0,   -7,    0,    0,    0,    0,    0,    0,    0,    0,    0,    0,    0,    0,    0,    0,    0,    0,    0,    0,    0,    0,    0,    0,    0,    0,    0,    0,    0,    0,    0,    0,    0,    0,    0,    0,    0,    0,    0,    0,    0,    0,    0,    0,    0,    0,    0,    0,    0,    0,    0,    0,    0,    0,    0,    0,    0,    0,    0,    0,    0,    0,    0,    0,    0,    0,    0,    0,    0,    0,    0,    0,    0,    0,    0,    0,    0,    0,    0,    0,    0,    0,    0,    0,    0,    0,    0,    0,    0,    0,    0,    0,    0,    0,    0,    0,    0,    0,    0,    0,    0,    0,    0,    0,    0,   -7,   -9,    0,    0,    0,    0,
       0,  -11,    0,   -9,   -7,    0,    0,   -8,    0,  -10,    0,    0,    0,    0,    0,    0,    0,    0,    0,    0,    0,    0,    0,    0,    0,    0,    0,    0,  -10,    0,    0,    0,    0,    0,    0,    0,    0,    0,    0,    0,    0,    0,    0,    0,    0,   -5,   -4,   -6,   -5,   -7,    0,   -7,    0,    0,    0,    0,    0,    0,    0,    0,    0,    0,    0,    0,    0,    0,    0,    0,    0,    0,    0,    0,    0,    0,    0,    0,    0,    0,    0,    0,    0,    0,    0,    0,    0,    0,    0,    0,    0,    0,    0,    0,    0,    0,    0,    0,    0,    0,    0,    0,    0,    0,    0,    0,    0,    0,    0,    0,    0,    0,    0,    0,    0,    0,    0,    0,    0,    0,    0,    0,    0,    0,    0,    0,    0,    0,    0,    0,    0,    0,    0,    0,    0,    0,    0,    0,    0,    0,    0,    0,    0,    0,    0,    0,    0,    0,    0,    0,    0,    0,    0,    0,    0,    0,    0,   -7,   -9,    0,    0,    0,    0,
       0,  -11,    0,   -9,   -7,    0,    0,   -7,    0,   -9,    0,    0,    0,    0,    0,    0,    0,    0,    0,    0,    0,    0,    0,    0,    0,    0,    0,    0,  -10,    0,    0,    0,    0,    0,    0,    0,    0,    0,    0,    0,    0,    0,    0,    0,    0,   -5,   -4,   -6,   -5,   -6,    0,   -7,    0,    0,    0,    0,    0,    0,    0,    0,    0,    0,    0,    0,    0,    0,    0,    0,    0,    0,    0,    0,    0,    0,    0,    0,    0,    0,    0,    0,    0,    0,    0,    0,    0,    0,    0,    0,    0,    0,    0,    0,    0,    0,    0,    0,    0,    0,    0,    0,    0,    0,    0,    0,    0,    0,    0,    0,    0,    0,    0,    0,    0,    0,    0,    0,    0,    0,    0,    0,    0,    0,    0,    0,    0,    0,    0,    0,    0,    0,    0,    0,    0,    0,    0,    0,    0,    0,    0,    0,    0,    0,    0,    0,    0,    0,    0,    0,    0,    0,    0,    0,    0,    0,    0,   -7,   -9,    0,    0,    0,    0,
       0,    0,    0,    0,    0,    0,    0,    0,    0,    0,    0,    0,    0,    0,    0,    0,    0,    0,    0,    0,    0,    0,    0,    0,    0,    0,    0,    0,    0,    0,    0,    0,    0,    0,    0,    0,    0,   10,    0,    0,    0,    0,    0,    0,    0,    0,    0,    0,    0,    0,    0,    0,    0,    0,    0,    0,    0,    0,    0,    0,    0,    0,    0,    0,    0,    0,    0,    0,    0,    0,    0,    0,    0,    0,    0,    0,    0,    0,    0,    0,    0,    0,    0,    0,    0,    0,    0,    0,    0,    0,    0,    0,    0,    0,    0,    0,    0,    0,    0,    0,    0,    0,    0,    0,    0,    0,    0,    0,    0,    0,    0,    0,    0,    0,    0,    0,    0,    0,    0,    0,    0,    0,    0,    0,    0,    0,    0,    0,    0,    0,    0,    0,    0,    0,    0,    0,    0,    0,    0,    0,    0,    0,    0,    0,    0,    0,    0,    0,    0,    0,    0,    0,    0,    0,    0,    0,    0,    0,    0,    0,    0,
       0,    0,    0,    0,    4,  -18,  -11,  -15,    0,  -14,    0,    0,    0,    0,    0,    0,    0,    0,    0,    0,    0,    0,    0,    0,    0,    0,    0,    0,   -8,    0,    0,    0,    0,    0,    0,    0,    0,    0,    0,    0,    0,   -4,    0,    0,    0,    7,    6,    5,    7,    0,    0,    0,   -7,    0,    0,    0,    0,    0,    0,   -6,    0,    0,    0,    0,    0,    0,    0,    0,    0,    0,    0,    0,    0,    0,    0,    0,    0,    0,    0,    0,    0,    0,    0,    0,    0,    0,    0,    0,    0,    0,    0,    0,    0,    0,    0,    0,    0,    0,    0,    0,    0,    0,    0,    0,    0,    0,    0,    0,    0,    0,    0,    0,    0,    0,    0,    0,    0,    0,    0,    0,    0,    0,    0,    0,    0,    0,    0,    0,    0,    0,    0,    0,    0,    0,    0,    0,    0,    0,    0,    0,    0,    0,    0,    0,    0,    0,    0,    0,    0,    0,    0,    0,    0,    0,    0,    0,    5,  -17,    0,    0,    0,
       0,    0,    0,    0,    0,    4,  -13,    0,    0,    0,    0,    0,    0,    0,    0,    0,    0,    0,    0,    0,    0,    0,    0,    0,    0,    0,    0,    0,   -9,    0,    0,   -4,   -5,   -3,    0,   -3,    0,    0,    0,    0,   -5,   -4,    0,    0,    0,    0,    0,    6,    0,    0,   -7,    0,   -9,    0,    0,    0,    0,    0,    0,   -4,    0,    0,    0,    0,    0,    0,    0,    0,    0,    0,    0,    0,    0,    0,    0,    0,    0,    0,    0,    0,    0,    0,    0,    0,    0,    0,    0,    0,    0,    0,    0,    0,    0,    0,    0,    0,    0,    0,    0,    0,    0,    0,    0,    0,    0,    0,    0,    0,    0,    0,    0,    0,    0,    0,    0,    0,    0,    0,    0,    0,    0,    0,    0,    0,    0,    0,    0,    0,    0,    0,    0,    0,    0,    0,    0,    0,    0,    0,    0,    0,    0,    0,    0,    0,    0,    0,    0,    0,    0,    0,    0,    0,    0,    0,    0,    0,    0,    0,    0,    0,    0,
       0,    0,    0,    0,    3,  -12,    0,  -11,    0,  -13,    0,    0,    0,    0,    0,    0,    0,    0,    0,    0,    0,    0,    0,    0,    0,    0,    0,    0,   -9,    0,    0,   -5,   -5,   -5,    0,   -4,    0,    0,    0,    0,   -5,   -5,    0,    0,    0,    6,    6,    5,    6,    0,    0,    0,    0,    0,    0,    0,    0,    0,    0,   -6,    0,    0,    0,    0,    0,    0,    0,    0,    0,    0,    0,    0,    0,    0,    0,    0,    0,    0,    0,    0,    0,    0,    0,    0,    0,    0,    0,    0,    0,    0,    0,    0,    0,    0,    0,    0,    0,    0,    0,    0,    0,    0,    0,    0,    0,    0,    0,    0,    0,    0,    0,    0,    0,    0,    0,    0,    0,    0,    0,    0,    0,    0,    0,    0,    0,    0,    0,    0,    0,    0,    0,    0,    0,    0,    0,    0,    0,    0,    0,    0,    0,    0,    0,    0,    0,    0,    0,    0,    0,    0,    0,    0,    0,    0,    0,    0,    4,  -12,    0,    0,    0,
       0,    0,    0,    0,    3,  -11,    0,   -9,    0,  -12,    0,    0,    0,    0,    0,    0,    0,    0,    0,    0,    0,    0,    0,    0,    0,    0,    0,    0,   -9,    0,    0,   -4,    0,    0,    0,    0,    0,    0,    0,    0,   -4,    0,    0,    0,    0,    6,    6,    5,    6,    0,    0,    0,    0,    0,    0,    0,    0,    0,    0,   -5,    0,    0,    0,    0,    0,    0,    0,    0,    0,    0,    0,    0,    0,    0,    0,    0,    0,    0,    0,    0,    0,    0,    0,    0,    0,    0,    0,    0,    0,    0,    0,    0,    0,    0,    0,    0,    0,    0,    0,    0,    0,    0,    0,    0,    0,    0,    0,    0,    0,    0,    0,    0,    0,    0,    0,    0,    0,    0,    0,    0,    0,    0,    0,    0,    0,    0,    0,    0,    0,    0,    0,    0,    0,    0,    0,    0,    0,    0,    0,    0,    0,    0,    0,    0,    0,    0,    0,    0,    0,    0,    0,    0,    0,    0,    0,    0,    4,  -10,    0,    0,    0,
       0,    0,    0,    0,    0,    0,    0,    0,    0,    0,    0,    0,    0,    0,    0,    0,    0,    0,    0,    0,    0,    0,    0,    0,    0,    0,    0,    0,   -9,    0,    0,   -7,   -7,   -7,    0,   -7,    0,    0,    0,    0,   -7,   -7,    0,    0,    0,    0,    0,    6,    0,    0,   -7,    0,  -10,    0,    0,    0,    0,    0,    0,   -8,    0,    0,    0,    0,    0,    0,    0,    0,    0,    0,    0,    0,    0,    0,    0,    0,    0,    0,    0,    0,    0,    0,    0,    0,    0,    0,    0,    0,    0,    0,    0,    0,    0,    0,    0,    0,    0,    0,    0,    0,    0,    0,    0,    0,    0,    0,    0,    0,    0,    0,    0,    0,    0,    0,    0,    0,    0,    0,    0,    0,    0,    0,    0,    0,    0,    0,    0,    0,    0,    0,    0,    0,    0,    0,    0,    0,    0,    0,    0,    0,    0,    0,    0,    0,    0,    0,    0,    0,    0,    0,    0,    0,    0,    0,    0,    0,    0,    0,    0,    0,    0,
       0,    0,    0,    0,    0,    0,    0,    0,    0,    0,    0,    0,    0,    0,    0,    0,    0,    0,    0,    0,    0,    0,    0,    0,    0,    0,    0,    0,  -11,    0,    0,   -6,   -7,   -6,   -4,   -7,    0,    0,    0,    0,   -7,   -6,    0,   -4,   -4,    0,    0,    0,    0,    0,   -9,   -7,  -11,    0,    0,    0,    0,    0,    0,   -6,    0,    0,    0,    0,    0,    0,    0,    0,    0,    0,    0,    0,    0,    0,    0,    0,    0,    0,    0,    0,    0,    0,    0,    0,    0,    0,    0,    0,    0,    0,    0,    0,    0,    0,    0,    0,    0,    0,    0,    0,    0,    0,    0,    0,    0,    0,    0,    0,    0,    0,    0,    0,    0,    0,    0,    0,    0,    0,    0,    0,    0,    0,    0,    0,    0,    0,    0,    0,    0,    0,    0,    0,    0,    0,    0,    0,    0,    0,    0,    0,    0,    0,    0,    0,    0,    0,    0,    0,    0,    0,    0,    0,    0,    0,    0,    0,    0,    0,    0,    0,    0,
       0,    0,    0,    0,    0,    0,    0,    0,    0,    0,    0,   -4,   -9,  -10,   -4,    0,  -10,  -10,   -7,    0,   -8,    0,    0,    0,    0,   -6,    0,    0,    0,    0,    0,    0,    0,    0,    0,    0,    0,    0,    0,    0,    0,    0,    0,    0,    0,    0,    0,    0,    0,    0,    0,   27,    0,    0,   -4,    0,    0,    0,    0,    0,    0,    0,    0,    0,    0,    0,    0,    0,    0,    0,    0,   -9,   -6,    0,    0,    0,   -4,    9,    0,    0,    0,  -10,  -10,    0,   -4,    0,   -7,    0,    0,    0,    0,    0,    0,    0,    0,    0,    0,    0,    0,    0,    0,    0,    0,    0,    0,    0,    0,    0,    0,    0,    0,    0,    0,    0,    0,    0,    0,    0,  -11,    0,    0,    0,    0,   -3,    0,    0,   -5,    0,    0,   -3,    0,    0,    0,    0,    0,    0,    0,    0,    0,    0,    0,    0,    0,    0,    0,    0,    0,    0,    0,    0,    0,    0,    0,    0,    0,    0,    0,    0,    0,    0,    0,
       0,    0,    0,    0,    0,    0,    0,    0,    0,    0,    0,   -7,    0,    0,   -7,    0,    0,    0,   -6,   -8,   -4,   -8,   -6,  -10,   -8,  -11,    0,    0,    0,    0,    0,    0,    0,    0,    0,    0,    0,    0,    0,    0,    0,    0,    0,    0,    0,    0,    0,    0,    0,    0,    0,    0,    0,    0,   -7,    0,    0,    0,    0,    0,    0,    0,    0,    0,    0,    0,    0,    0,    0,    0,   -8,    0,   -6,   -5,   -6,   -8,   -7,   -6,   -8,   -9,    0,    0,    0,  -10,    0,   -8,   -5,    0,    0,    0,    0,    0,    0,    0,    0,    0,    0,    0,    0,    0,    0,    0,    0,    0,    0,    0,    0,    0,    0,    0,    0,    0,    0,    0,    0,    0,    0,    0,    0,    0,   -8,    0,    0,    0,    0,    0,    0,    0,    0,   -8,    0,    0,    0,    0,    0,    0,    0,    0,    0,    0,    0,    0,    0,    0,    0,    0,    0,    0,    0,    0,    0,    0,    0,    0,    0,    0,    0,    0,    0,    0,    0,
       0,    0,    0,    0,    0,    0,    0,    0,    0,    0,    0,    0,    0,    0,    0,    0,    0,    0,    0,  -28,   -4,  -10,   -7,    0,  -16,   -4,    0,    0,    0,    0,    0,    0,    0,    0,    0,    0,    0,    0,    0,    0,    0,    0,    0,    0,    0,    0,    0,    0,    0,    0,    0,    0,    0,    0,    0,    0,    0,    0,    0,    0,    0,    0,    0,    0,    0,    0,    0,    0,    0,    0,    0,    0,    0,    0,    0,    0,    0,    0,    0,    0,    0,    0,    0,    0,    0,    0,    0,    0,    0,    0,    0,    0,    0,    0,    0,    0,    0,    0,    0,    0,    0,    0,    0,    0,    0,    0,    0,    0,    0,    0,    0,    0,    0,    0,    0,    0,    0,    0,    0,    0,    0,    0,    0,    0,    0,    0,    0,    0,    0,    0,    0,    0,    0,    0,    0,    0,    0,    0,    0,    0,    0,    0,    0,    0,    0,    0,    0,    0,    0,    0,    0,    0,    0,    0,    0,    0,    0,    0,    0,    0,    0,
       0,    0,    0,    0,    0,    0,    0,    0,    0,    0,    0,    0,    0,    0,    0,    0,    0,    0,    0,  -26,    0,   -4,    0,    0,  -11,    0,    0,    0,    0,    0,    0,    0,    0,    0,    0,    0,    0,    0,    0,    0,    0,    0,    0,    0,    0,    0,    0,    0,    0,    0,    0,    0,    0,    0,    0,    0,    0,    0,    0,    0,    0,    0,    0,    0,    0,    0,    0,    0,    0,    0,  -26,    0,    0,    0,    0,    0,    0,    0,    0,    0,    0,    0,    0,    0,    0,    0,    0,    0,    0,    0,    0,    0,    0,    0,    0,    0,    0,    0,    0,    0,    0,    0,    0,    0,    0,    0,    0,    0,    0,    0,    0,    0,    0,    0,    0,    0,    0,    0,    0,    0,  -11,    0,    0,    0,    0,    0,    0,    0,    0,    0,    0,    0,    0,    0,    0,    0,    0,    0,    0,    0,    0,    0,    0,    0,    0,    0,    0,    0,    0,    0,    0,    0,    0,    0,    0,    0,    0,    0,    0,    0,    0,
       0,    0,    0,    0,    0,    0,    0,    0,    0,    0,    0,   -7,    0,    0,  -14,    0,    0,    0,   -7,  -29,    0,  -15,   -7,  -17,  -26,  -14,    0,    0,    0,    0,    0,    0,    0,    0,    0,    0,    0,    0,    0,    0,    0,    0,    0,    0,    0,    0,    0,    0,    0,    0,    0,    0,    0,    0,  -15,    0,    0,    0,    0,    0,    0,    0,    0,    0,    0,    0,    0,    0,    0,    0,  -29,    0,   -8,  -12,  -12,  -18,   -7,  -11,  -19,  -13,    0,    0,    0,  -17,   -5,  -14,   -8,    0,    0,    0,    0,    0,    0,    0,    0,    0,    0,    0,    0,    0,    0,    0,    0,    0,    0,    0,    0,    0,    0,    0,    0,    0,    0,    0,    0,    0,    0,    0,    0,    0,  -26,    0,    0,   -3,    0,    0,    0,    0,    0,  -13,    0,    0,    0,    0,    0,    0,    0,    0,    0,    0,    0,    0,    0,    0,    0,    0,    0,    0,    0,    0,    0,    0,    0,    0,    0,    0,    0,    0,    0,    0,    0,
       0,    0,    0,    0,    0,    0,    0,    0,    0,    0,    0,  -15,  -12,  -12,  -21,    0,  -12,  -12,  -10,  -37,  -15,  -16,  -13,  -23,  -22,  -23,    0,    0,    0,    0,    0,    0,    0,    0,    0,    0,    0,    0,    0,    0,    0,    0,    0,    0,    0,    0,    0,    0,    0,    0,    0,    0,    0,    0,  -24,    0,    0,    0,    0,    0,    0,    0,    0,    0,    0,    0,    0,    0,    0,    0,    0,    0,    0,    0,    0,    0,    0,    0,    0,    0,    0,    0,    0,    0,    0,    0,    0,    0,    0,    0,    0,    0,    0,    0,    0,    0,    0,    0,    0,    0,    0,    0,    0,    0,    0,    0,    0,    0,    0,    0,    0,    0,    0,    0,    0,    0,    0,    0,    0,    0,    0,    0,    0,    0,    0,    0,    0,    0,    0,    0,    0,    0,    0,    0,    0,    0,    0,    0,    0,    0,    0,    0,    0,    0,    0,    0,    0,    0,    0,    0,    0,    0,    0,    0,    0,    0,    0,    0,    0,    0,    0,
      -5,  -11,    0,  -13,    0,  -20,    0,  -14,    0,  -11,    0,   -9,    0,    0,  -19,    0,    0,    0,    0,  -15,    0,   -7,    0,  -14,  -14,  -16,   -5,    0,  -14,   -5,    0,    0,    0,    0,    0,    0,    0,    0,    0,    0,    0,    0,    0,    0,    0,    0,    0,    0,    0,    0,    0,   -9,    0,    0,  -16,    0,    0,    0,    0,    0,    0,    0,    0,    0,    0,    0,  -14,    0,   -8,    0,    0,    0,    0,    0,    0,    0,    0,    0,    0,    0,    0,    0,    0,    0,    0,    0,    0,    0,    0,    0,    0,    0,    0,    0,    0,    0,    0,    0,    0,    0,    0,    0,    0,    0,    0,    0,    0,    0,    0,    0,    0,    0,    0,    0,    0,    0,    0,    0,    0,    0,    0,    0,    0,    0,    0,    0,    0,    0,    0,    0,    0,    0,    0,    0,    0,    0,    0,    0,    0,    0,    0,    0,    0,    0,    0,    0,    0,    0,    0,    0,    0,    0,    0,    0,    0,   -8,   -5,  -19,    0,    0,    0,
       0,  -13,    0,   -9,  -11,    0,    0,    0,    0,   -7,    0,    0,    0,    0,    0,    0,    0,    0,    0,    0,    0,    0,    0,    0,    0,    0,    0,    0,   -7,    0,    0,    0,    0,    0,    0,    0,    0,    0,    0,    0,    0,    0,    0,    0,    0,   -9,   -8,    0,   -9,    0,    0,   -7,    0,    0,    0,    0,    0,    0,    0,    0,    0,    0,    0,    0,    0,    0,    0,  -11,    0,   -7,    0,    0,    0,    0,    0,    0,    0,    0,    0,    0,    0,    0,    0,    0,    0,    0,    0,    0,    0,    0,    0,    0,    0,    0,    0,    0,    0,    0,    0,    0,    0,    0,    0,    0,    0,    0,    0,    0,    0,    0,    0,    0,    0,    0,    0,    0,    0,    0,    0,    0,    0,    0,    0,    0,    0,    0,    0,    0,    0,    0,    0,    0,    0,    0,    0,    0,    0,    0,    0,    0,    0,    0,    0,    0,    0,    0,    0,    0,    0,    0,    0,    0,    0,    0,    0,  -10,  -10,    0,    0,    0,    0,
       0,    0,    0,    0,    0,    0,    0,   -7,    0,    5,    0,    0,    0,    0,    0,    0,    0,    0,    0,    0,    0,    0,    0,    0,    0,    0,    0,    0,    4,    0,    0,    0,    0,    0,    0,    0,    0,    0,    0,    0,    0,    0,    0,    0,    0,    0,    0,    0,    0,    0,    0,    4,    0,    0,    0,    0,    0,    0,    0,    0,    0,    0,    0,    0,    0,    0,    0,    0,    0,    0,    0,    0,    0,    0,    0,    0,    0,    0,    0,    0,    0,    0,    0,    0,    0,    0,    0,    0,    0,    0,    0,    0,    0,    0,    0,    0,    0,    0,    0,    0,    0,    0,    0,    0,    0,    0,    0,    0,    0,    0,    0,    0,    0,    0,    0,    0,    0,    0,    0,    0,    0,    0,    0,    0,    0,    0,    0,    0,    0,    0,    0,    0,    0,    0,    0,    0,    0,    0,    0,    0,    0,    0,    0,    0,    0,    0,    0,    0,    0,    0,    0,    0,    0,    0,    0,    0,    0,    0,    0,    0,    0,
       0,  -13,    0,   -9,   -7,    0,    0,   -7,    0,   -9,    0,    0,    0,    0,    0,    0,    0,    0,    0,    0,    0,    0,    0,    0,    0,    0,    0,    0,  -10,    0,    0,    0,    0,    0,    0,    0,    0,    0,    0,    0,    0,    0,    0,    0,    0,   -5,   -4,   -6,   -5,   -6,    0,   -7,    0,    0,    0,    0,    0,    0,    0,    0,    0,    0,    0,    0,    0,    0,    0,    0,    0,    0,    0,    0,    0,    0,    0,    0,    0,    0,    0,    0,    0,    0,    0,    0,    0,    0,    0,    0,    0,    0,    0,    0,    0,    0,    0,    0,    0,    0,    0,    0,    0,    0,    0,    0,    0,    0,    0,    0,    0,    0,    0,    0,    0,    0,    0,    0,    0,    0,    0,    0,    0,    0,    0,    0,    0,    0,    0,    0,    0,    0,    0,    0,    0,    0,    0,    0,    0,    0,    0,    0,    0,    0,    0,    0,    0,    0,    0,    0,    0,    0,    0,    0,    0,    0,    0,  -12,  -12,    0,    0,    0,    0,
       0,    6,    0,   20,    0,   -4,   -4,    0,   -4,   15,    0,    0,    0,    0,    0,    0,    0,    0,    0,    0,    0,    0,    0,    0,    0,    0,    0,   30,   23,   -4,    5,   -4,   -4,   -4,    0,   -4,    3,    3,    5,   -4,   -4,   -4,   -4,    3,   -4,    0,    0,    0,    0,    0,    0,   23,    0,    0,    0,    0,   23,   31,   37,    0,   37,   37,   29,    0,    0,    0,    0,    0,    0,    0,    0,    0,    0,    0,    0,    0,    0,    0,    0,    0,    0,    0,    0,    0,    0,    0,    0,    0,    0,    0,    0,    0,    0,    0,    0,    0,    0,    0,    0,    0,    0,    0,    0,    0,    0,    0,    0,    0,    0,    0,    0,    0,    0,    0,    0,    0,    0,    0,    0,    0,    0,    0,    0,    0,    0,    0,    0,    0,    0,    0,    0,    0,    0,    0,    0,    0,    0,    0,    0,    0,    0,    0,    0,    0,    0,    0,    0,    0,    0,    0,    0,    0,    0,    0,    0,    0,    7,    0,    0,    0,    0,
       0,    0,    0,    0,    0,    0,    0,    0,    0,    0,    0,    0,    0,    0,    0,    0,    0,    0,    0,    0,    0,    0,    0,    0,    0,    0,    0,    0,    0,    0,    0,    0,    0,    0,    0,    0,    0,    6,    0,    0,    0,    0,    0,    0,    0,    0,    0,    0,    0,   -4,    0,    0,    0,    0,    0,    0,    0,    0,    0,    0,    0,    0,    0,    0,    0,    0,    0,    0,    0,    0,    0,    0,    0,    0,    0,    0,    0,    0,    0,    0,    0,    0,    0,    0,    0,    0,    0,    0,    0,    0,    0,    0,    0,    0,    0,    0,    0,    0,    0,    0,    0,    0,    0,    0,    0,    0,    0,    0,    0,    0,    0,    0,    0,    0,    0,    0,    0,    0,    0,    0,    0,    0,    0,    0,    0,    0,    0,    0,    0,    0,    0,    0,    0,    0,    0,    0,    0,    0,    0,    0,    0,    0,    0,    0,    0,    0,    0,    0,    0,    0,    0,    0,    0,    0,    0,    0,    0,    0,    0,    0,    0,
       0,  -14,    0,    0,   -7,    0,    0,    0,    0,   -8,    0,    0,    0,    0,    0,    0,    0,    0,    0,    0,    0,    0,    0,    0,    0,    0,    0,    0,    0,    0,    0,    0,    0,    0,    0,    0,    0,    0,    0,    0,    0,    0,    0,    0,    0,   -5,   -4,    0,    0,    0,    0,    0,    0,    0,    0,    0,    0,    0,    0,    0,    0,    0,    0,    0,    0,    0,    0,    0,    0,    0,    0,    0,    0,    0,    0,    0,    0,    0,    0,    0,    0,    0,    0,    0,    0,    0,    0,    0,    0,    0,    0,    0,    0,    0,    0,    0,    0,    0,    0,    0,    0,    0,    0,    0,    0,    0,    0,    0,    0,    0,    0,    0,    0,    0,    0,    0,    0,    0,    0,    0,    0,    0,    0,    0,    0,    0,    0,    0,    0,    0,    0,    0,    0,    0,    0,    0,    0,    0,    0,    0,    0,    0,    0,    0,    0,    0,    0,    0,    0,    0,    0,    0,    0,    0,    0,  -11,  -11,    0,    0,    0,    0,
       0,    0,    0,    0,    0,    0,    0,    0,    0,    0,    0,    0,    0,    0,    0,    0,    0,    0,    0,    0,    0,    0,    0,    0,    0,    0,    0,    0,    0,    0,    0,    0,    0,    0,    0,    0,    0,   -5,    0,    0,    0,    0,    0,    0,    0,   -8,   -7,   -5,   -8,    0,    0,    0,    0,    0,    0,    0,    0,    0,    0,    0,    0,    0,    0,    0,    0,    0,    0,  -11,    0,   -8,    0,    0,    0,    0,    0,    0,    0,    0,    0,    0,    0,    0,    0,    0,    0,    0,    0,    0,    0,    0,    0,    0,    0,    0,    0,    0,    0,    0,    0,    0,    0,    0,    0,    0,    0,    0,    0,    0,    0,    0,    0,    0,    0,    0,    0,    0,    0,    0,    0,    0,    0,    0,    0,    0,    0,    0,    0,    0,    0,    0,    0,    0,    0,    0,    0,    0,    0,    0,    0,    0,    0,    0,    0,    0,    0,    0,    0,    0,    0,    0,    0,    0,    0,    0,    0,    0,    0,    0,    0,    0,    0,
       0,    0,    0,    0,    0,    0,    0,    0,    0,    0,    0,  -12,    0,    0,  -21,    0,    0,    0,    0,    0,    0,    0,    0,  -10,   -5,   -5,    0,    0,    0,   -7,   -4,    0,    0,    0,   -4,    0,   -4,   -4,    0,   -4,    0,    0,    0,    0,    0,    0,    0,    0,    0,    0,    0,    0,    0,    0,  -19,   -4,   -4,   -4,   -4,    0,   -4,   -4,   -4,   -4,    0,    0,   -6,    0,    0,    0,    0,    0,    0,    0,    0,    0,    0,    0,    0,    0,    0,    0,    0,    0,    0,    0,    0,    0,    0,    0,    0,    0,    0,    0,    0,    0,    0,    0,    0,    0,    0,    0,    0,    0,    0,    0,    0,    0,    0,    0,    0,    0,    0,    0,    0,    0,    0,    0,    0,    0,    0,    0,    0,    0,    0,    0,    0,    0,    0,    0,    0,    0,    0,    0,    0,    0,    0,    0,    0,    0,    0,    0,    0,    0,    0,    0,    0,    0,    0,    0,    0,    0,    0,    0,    0,    0,    0,    0,    0,    0,    0,
       0,    0,    0,    0,    0,    0,    0,    0,    0,    0,    0,    0,    0,    0,    0,    0,    0,    0,    0,    0,    0,   -5,    0,    0,   -7,    0,    0,    0,    0,    0,    0,    0,    0,    0,    0,    0,    0,    0,    0,    0,    0,    0,    0,    0,    0,    0,    0,    0,    0,    0,    0,    0,    0,    0,    0,    0,    0,    0,    0,    0,    0,    0,    0,   -4,    0,    0,    0,    0,   -5,    0,    0,    0,    0,    0,    0,    0,    0,    0,    0,    0,    0,    0,    0,    0,    0,    0,    0,    0,    0,    0,    0,    0,    0,    0,    0,    0,    0,    0,    0,    0,    0,    0,    0,    0,    0,    0,    0,    0,    0,    0,    0,    0,    0,    0,    0,    0,    0,    0,    0,    0,    0,    0,    0,    0,    0,    0,    0,    0,    0,    0,    0,    0,    0,    0,    0,    0,    0,    0,    0,    0,    0,    0,    0,    0,    0,    0,    0,    0,    0,    0,    0,    0,    0,    0,    0,    0,    0,    0,    0,    0,    0,
       0,    0,   -4,   -8,    0,  -10,    0,  -11,    0,    0,    0,    0,    0,    0,    0,    0,    0,    0,    0,    0,    0,    0,    0,    0,    0,    0,    0,    0,   -5,    0,    0,    0,    0,    0,    0,    0,    0,    0,    0,    0,    0,    0,    0,    0,    0,    0,    0,    0,    0,    0,    0,   -5,    0,    0,    0,    0,    0,    0,    0,    0,    0,    0,    0,    0,    0,    0,    0,    0,    0,    0,    0,    0,    0,    0,    0,    0,    0,    0,    0,    0,    0,    0,    0,    0,    0,    0,    0,    0,    0,    0,    0,    0,    0,    0,    0,    0,    0,    0,    0,    0,    0,    0,    0,    0,    0,    0,    0,    0,    0,    0,    0,    0,    0,    0,    0,    0,    0,    0,    0,    0,    0,    0,    0,    0,    0,    0,    0,    0,    0,    0,    0,    0,    0,    0,    0,    0,    0,    0,    0,    0,    0,    0,    0,    0,    0,    0,    0,    0,    0,    0,    0,    0,    0,    0,    0,    0,    0,  -10,    0,    0,    0,
       0,   -5,   -7,    0,   -4,    4,    0,    0,    0,    0,   -5,    0,    0,    0,    0,    0,    0,    0,    0,    0,    0,    0,    0,    0,    0,    0,   -6,    0,  -14,    0,    0,    0,    0,    0,    0,    0,    0,    0,    0,    0,    0,    0,    0,    0,    0,    0,    0,    0,    0,    0,   -6,   -7,   -8,    0,    0,    0,    0,    0,    0,    0,    0,    0,    0,    0,    0,    0,    0,    0,    0,    0,    0,   -9,    0,    5,    0,    0,    6,    0,    0,    0,    0,   -9,   -9,    0,    0,    0,    0,    0,   -5,    0,    0,    0,   -5,    0,    0,    0,    0,   -6,    0,   -5,   -5,   -8,   -6,    3,   -6,    0,   -5,    0,    0,    0,    0,    0,    0,    0,    0,    0,   -5,    0,   -8,   -4,    0,   -8,    0,    0,    0,    0,   -6,    0,    0,    0,   -6,    0,    0,    0,    0,    0,    0,    0,    0,    0,    0,    0,    0,    0,    0,    0,    0,    0,    0,    0,    0,    0,    0,    0,    0,   -4,    0,    0,    0,    0,    0,
      -4,  -12,    0,   -6,  -10,   -4,    5,   -5,   -4,   -4,    0,    0,    0,    0,    0,    0,    0,    0,    0,    0,    0,    0,    0,    0,    0,    0,   -6,    0,  -14,    0,    0,    0,    0,    0,    0,    0,    0,    0,    0,    0,    0,    0,    0,    0,    0,    0,    0,    0,    0,    0,    0,   -9,    0,    0,    0,    0,    0,    0,    0,    0,    0,    0,    0,    0,    0,    0,    0,    0,    0,    0,    0,    0,    0,    0,    0,   -4,    0,    0,   -6,    0,    0,    0,    0,   -6,   -7,    0,   -6,    0,    0,    0,    0,    0,    0,   -6,   -3,    0,    0,    0,    0,    0,  -11,   -5,    0,   -5,    0,    0,  -11,    0,    0,    0,    0,    0,    0,    0,    0,    0,  -11,   -3,    0,    0,    0,   -5,    0,   -6,    0,    0,    0,    0,   -3,    0,  -10,   -3,    0,    0,    0,    0,    0,    0,    0,    0,    0,    0,    0,    0,    0,    0,    0,    0,    0,    0,    0,    0,    0,    0,    0,    0,    0,    0,    0,    0,    0,
       0,    0,   -9,    4,    0,  -25,  -16,  -29,  -28,    7,  -17,    0,    0,    0,    0,    0,    0,    0,    0,    0,    0,    0,    0,    0,    0,    0,    0,    0,  -11,    0,    0,    0,    0,    0,    0,    0,    0,    0,    0,    0,    0,    0,    0,    0,    0,    0,    0,    0,    0,    0,   -8,    0,  -28,  -25,    0,    0,    0,    0,    0,    0,    0,    0,    0,    0,    0,    0,    0,    0,    0,    0,    8,   -9,    0,  -37,  -22,    7,  -21,  -21,    0,    0,    0,   -9,   -9,    5,    0,    6,    0,  -32,    0,  -30,  -31,  -38,  -38,  -25,  -27,  -38,  -35,  -38,  -31,  -38,  -21,  -21,  -26,  -22,  -25,  -31,  -21,  -26,  -37,    9,  -38,  -35,    0,   14,    0,    9,    0,  -25,   -7,  -40,    0,  -21,    0,    0,  -31,  -32,    0,  -32,  -44,    0,  -21,  -37,    0,    0,    0,    0,    0,    0,    0,    0,    0,    0,    0,    0,    0,    0,    0,    0,    0,    0,    0,    0,    0,    0,    0,    0,    0,  -22,    0,    0,    0,
       0,    0,   -8,    0,    0,    7,  -10,    0,    0,    5,   -6,    0,    0,    0,    0,    0,    0,    0,    0,    0,    0,    0,    0,    0,    0,    0,   -3,    0,    0,    0,    0,    0,    0,    0,    0,    0,    0,    0,    0,    0,    0,    0,    0,    0,    0,    0,    0,    0,    0,    0,   -9,    0,  -15,    0,    0,    0,    0,    0,    0,    0,    0,    0,    0,    0,    0,    0,    0,    0,    0,    0,    6,   -7,    0,    7,    6,    0,    7,    6,    0,    0,    0,   -7,   -7,    4,    0,    0,    0,    0,   -5,    0,    0,    6,   -5,    5,    0,    6,    0,   -5,    0,   -5,  -11,   -5,   -5,    5,  -16,    0,  -11,    0,    0,    7,    0,    0,    0,    0,    0,    7,    0,    0,  -10,   -3,    6,   -5,    0,    0,  -17,    0,   -4,    0,    0,    0,  -12,    0,    0,    0,    0,    0,    0,    0,    0,    0,    0,    0,    0,    0,    0,    0,    0,    0,    0,    0,    0,    0,    0,    0,    0,    0,    4,    6,    0,    0,    0,
       0,   -4,    0,    0,   -6,    0,    0,    0,    0,    0,    0,    0,    0,    0,    0,    0,    0,    0,    0,    0,    0,    0,    0,    0,    0,    0,    0,    0,    0,    0,    0,    0,    0,    0,    0,    0,    0,    0,    0,    0,    0,    0,    0,    0,    0,    0,    0,    0,    0,    0,    0,    0,    0,    0,    0,    0,    0,    0,    0,    0,    0,    0,    0,    0,    0,    0,    0,    0,    0,    0,    0,    0,    0,    0,    0,    0,    0,    0,    0,    0,    0,    0,    0,    0,    0,    0,    0,    0,    0,    0,    0,    0,    0,    0,    0,    0,    0,    0,    0,    0,  -15,   -5,    0,    0,    0,    0,  -11,    0,    0,    0,    0,    0,    0,    0,    0,    0,   -8,    0,    0,    0,    0,   -5,    0,    0,    0,    0,    0,    0,    0,    0,   -7,    0,    0,    0,    0,    0,    0,    0,    0,    0,    0,    0,    0,    0,    0,    0,    0,    0,    0,    0,    0,    0,    0,    0,    0,    0,    0,    0,    0,    0,    0,
      -5,  -25,   -6,   -7,  -12,    0,    0,    0,    0,  -10,   -4,    0,    0,    0,    0,    0,    0,    0,    0,    0,    0,    0,    0,    0,    0,    0,   -6,    0,  -17,    0,    0,    0,    0,    0,    0,    0,    0,    0,    0,    0,    0,    0,    0,    0,    0,    0,    0,    0,    0,    0,    0,  -12,    0,    0,    0,    0,    0,    0,    0,    0,    0,    0,    0,    0,    0,    0,    0,    0,    0,    0,  -17,   -4,    0,    0,    0,    0,    0,    0,    0,    0,    0,   -4,   -5,    0,  -10,    0,    0,    0,   -4,    0,    0,    0,    0,    0,    0,    0,    0,    0,    0,    0,  -12,   -8,    0,    0,    0,    0,  -12,    0,    0,   -5,    0,    0,   -6,   -6,   -6,   -5,  -12,   -4,   -4,    0,    0,   -7,   -4,   -7,    0,    0,   -3,    0,    0,    0,  -13,    0,    0,    0,    0,    0,    0,    0,    0,    0,    0,    0,    0,    0,    0,    0,    0,    0,    0,    0,    0,    0,    0,    0,    0,    0,    0,    0,    0,    0,    0,
       0,    0,   -6,    0,  -11,    5,  -16,    6,    0,    4,   -6,    0,    0,    0,    0,    0,    0,    0,    0,    0,    0,    0,    0,    0,    0,    0,    0,    0,   -9,    0,    0,    0,    0,    0,    0,    0,    0,    0,    0,    0,    0,    0,    0,    0,    0,    0,    0,    0,    0,    0,   -6,    0,  -20,    0,    0,    0,    0,    0,    0,    0,    0,    0,    0,    0,    0,    0,    0,    0,    0,    0,    6,  -12,    0,    8,    8,    0,   11,    9,    8,    5,    0,  -12,  -12,    9,    0,    7,    6,    0,   -8,    0,    0,    9,   -6,    9,    0,    8,    0,   -6,    0,   -6,  -13,  -16,   -9,    9,  -20,    0,   -8,    6,    6,    7,   -6,    5,    0,    0,    0,    7,   -8,    0,  -14,   -7,    0,  -16,    0,  -13,  -20,    0,   -6,   -5,    0,    6,  -17,    0,    0,    0,    0,    0,    0,    0,    0,    0,    0,    0,    0,    0,    0,    0,    0,    0,    0,    0,    0,    0,    0,    0,    0,    0,    0,    5,    0,    0,    0,
       0,    5,  -11,    5,    0,  -25,   -3,  -22,   -7,    8,  -13,    0,    0,    0,    0,    0,    0,    0,    0,    0,    0,    0,    0,    0,    0,    0,    0,    0,   -9,    0,    0,    0,    0,    0,    0,    0,    0,    0,    0,    0,    0,    0,    0,    0,    0,    0,    0,    0,    0,    0,   -8,    0,  -14,   -4,    0,    0,    0,    0,    0,    0,    0,    0,    0,    0,    0,    0,    0,    0,    0,    0,    9,   -6,    0,  -27,  -21,    8,  -21,  -20,    5,    0,   -2,   -6,   -6,    6,    0,    6,    0,   -9,   -6,   -6,   -6,  -21,  -13,    0,    0,  -21,  -10,  -13,   -6,  -13,    0,    0,  -13,    0,    0,   -6,    0,    0,  -10,   11,  -13,   -6,    0,   14,    0,   11,    0,    0,   -7,  -13,    0,    0,    0,    0,    0,   -9,    0,   -8,    0,    0,    0,    0,    0,    0,    0,    0,    0,    0,    0,    0,    0,    0,    0,    0,    0,    0,    0,    0,    0,    0,    0,    0,    0,    0,    0,    6,    8,  -25,    0,    0,    0,
       0,  -26,   -6,    0,  -21,    9,    0,    6,    0,    0,   -5,    0,    0,    0,    0,    0,    0,    0,    0,    0,    0,    0,    0,    0,    0,    0,    0,    0,   -9,    0,    0,    0,    0,    0,    0,    0,    0,    0,    0,    0,    0,    0,    0,    0,    0,    0,    0,    0,    0,    0,   -7,   -3,   -6,    0,    0,    0,    0,    0,    0,    0,    0,    0,    0,    0,    0,    0,    0,    0,    0,    0,  -21,   -6,    5,    9,    8,    0,   11,    9,    7,    5,    0,   -6,   -6,    8,  -17,    7,    5,    0,   -5,    0,    0,    9,   -4,    9,    0,    8,    0,   -4,    0,   -4,  -13,   -5,   -4,    9,   -9,    0,   -8,    6,    6,    0,    0,    5,    0,    0,    0,    0,   -8,    0,   -8,    0,  -26,   -7,    0,  -12,   -6,    0,   -5,    0,    0,    6,  -12,    0,    0,    0,    0,    0,    0,    0,    0,    0,    0,    0,    0,    0,    0,    0,    0,    0,    0,    0,    0,    0,    0,    0,    0,  -24,  -23,    8,    0,    0,    0,
       0,   -4,   -4,   -8,   -4,   -3,    0,   -7,   -4,   -7,    0,    0,    0,    0,    0,    0,    0,    0,    0,    0,    0,    0,    0,    0,    0,    0,   -4,    0,  -11,    0,    0,    0,    0,    0,    0,    0,    0,    0,    0,    0,    0,    0,    0,    0,    0,    0,    0,    0,    0,    0,    0,   -7,    0,    0,    0,    0,    0,    0,    0,    0,    0,    0,    0,    0,    0,    0,    0,    0,    0,    0,    0,    0,    0,    0,    0,   -4,    0,    0,   -6,    0,    0,    0,   -3,   -7,   -6,    0,   -5,    0,    0,    0,    0,    0,    0,    0,   -4,    0,    0,    0,    0,    0,    0,    0,    0,    0,    0,    0,    0,    0,    0,    0,    0,    0,    0,    0,   -3,    0,    0,    0,    0,    0,   -8,    0,    0,    0,    0,    0,    0,    0,   -4,    0,    0,   -4,    0,    0,    0,    0,    0,    0,    0,    0,    0,    0,    0,    0,    0,    0,    0,    0,    0,    0,    0,    0,    0,    0,    0,    0,    0,    0,    0,    0,    0,
       0,   -4,    0,    9,   -6,    6,    0,   14,    0,    0,    0,    0,    0,    0,    0,    0,    0,    0,    0,    0,    0,    0,    0,    0,    0,    0,    0,    0,    8,    0,    0,    0,    0,    0,    0,    0,    0,    0,    0,    0,    0,    0,    0,    0,    0,    0,    0,    0,    0,    0,   -5,    8,   -5,    0,    0,    0,    0,    0,    0,    0,    0,    0,    0,    0,    0,    0,    0,    0,    0,    0,    0,   -6,    0,    8,    7,    0,    8,    7,    6,    5,    0,   -6,   -9,    6,   -9,    6,    0,    0,    0,    0,    0,    7,    0,    7,    0,    7,    0,    0,    0,    0,    0,   10,    0,    7,   -6,    0,    0,    0,    5,    0,    0,    0,    0,    0,   22,    0,    0,    0,   -8,    0,    0,    0,    0,    0,    0,    0,   -3,    0,    0,    6,   10,    0,    0,    0,    0,    0,    0,    0,    0,    0,    0,    0,    0,    0,    0,    0,    0,    0,    0,    0,    0,    0,    0,    0,    0,    0,    0,    0,    0,    0,    0,
       0,   -4,   -4,   -9,    0,    0,    0,   -5,   -4,   -4,    0,    0,    0,    0,    0,    0,    0,    0,    0,    0,    0,    0,    0,    0,    0,    0,   -4,    0,  -13,    0,    0,    0,    0,    0,    0,    0,    0,    0,    0,    0,    0,    0,    0,    0,    0,    0,    0,    0,    0,    0,    0,   -9,    0,    0,    0,    0,    0,    0,    0,    0,    0,    0,    0,    0,    0,    0,    0,    0,    0,    0,    0,    0,    0,    0,    0,   -3,    0,    0,   -5,    0,    0,    0,   -4,   -5,   -5,    0,   -5,    0,    0,    0,    0,    0,    0,    0,    0,    0,    0,    0,    0,    0,    0,    0,    0,    0,    0,    0,    0,    0,    0,    0,    0,    0,    0,    0,   -3,    0,    0,    0,    0,    0,    0,    0,    0,    0,    0,    0,    0,    0,    0,    0,    0,    0,    0,    0,    0,    0,    0,    0,    0,    0,    0,    0,    0,    0,    0,    0,    0,    0,    0,    0,    0,    0,    0,    0,    0,    0,    0,    0,    0,    0,    0,
       0,   -5,   -5,   -7,   -5,    0,    0,    0,    0,   -4,   -4,    0,    0,    0,    0,    0,    0,    0,    0,    0,    0,    0,    0,    0,    0,    0,   -4,    0,  -11,    0,    0,    0,    0,    0,    0,    0,    0,    0,    0,    0,    0,    0,    0,    0,    0,    0,    0,    0,    0,    0,    0,   -8,    0,    0,    0,    0,    0,    0,    0,    0,    0,    0,    0,    0,    0,    0,    0,    0,    0,    0,    0,    0,    0,    0,    0,   -2,    0,    0,    0,    0,    0,    0,    0,    0,    0,    0,    0,    0,    0,    0,    0,    0,    0,    0,    0,    0,    0,    0,    0,    0,    0,    0,   -3,    0,   -4,    0,    0,    0,    0,    0,    0,    0,    0,    0,    0,    0,    0,    0,    0,    0,   -3,    0,    0,    0,    0,    0,    0,    0,    0,    0,    0,    0,    0,    0,    0,    0,    0,    0,    0,    0,    0,    0,    0,    0,    0,    0,    0,    0,    0,    0,    0,    0,    0,    0,    0,    0,    0,    0,    0,    0,    0,
      -5,   -8,   -4,   -9,    0,  -11,    5,  -14,    0,  -11,   -4,    0,    0,    0,    0,    0,    0,    0,    0,    0,    0,    0,    0,    0,    0,    0,   -3,    0,  -14,    0,    0,    0,    0,    0,    0,    0,    0,    0,    0,    0,    0,    0,    0,    0,    0,    0,    0,    0,    0,    0,    0,  -10,    0,    0,    0,    0,    0,    0,    0,    0,    0,    0,    0,    0,    0,    0,    0,    0,    0,    0,   -9,    0,    0,   -8,   -8,  -12,   -6,   -7,  -16,  -10,    0,    0,    0,   -8,    0,  -10,    0,   -4,    0,    0,    0,   -8,    0,   -3,   -4,   -9,    0,    0,    0,    0,    0,    0,    0,    0,    0,    0,    0,    0,    0,   -4,    0,    0,   -4,   -4,   -5,    0,    0,    0,    0,    0,  -14,    0,    0,    0,    0,    0,    0,    0,   -4,   -9,    0,   -4,    0,    0,    0,    0,    0,    0,    0,    0,    0,    0,    0,    0,    0,    0,    0,    0,    0,    0,    0,    0,    0,    0,    0,   -5,   -3,  -10,    0,    0,    0,
      -4,    0,   -4,   -8,    0,  -30,    0,  -21,    0,    0,    0,    0,    0,    0,    0,    0,    0,    0,    0,    0,    0,    0,    0,    0,    0,    0,   -5,    0,  -14,    0,    0,    0,    0,    0,    0,    0,    0,    0,    0,    0,    0,    0,    0,    0,    0,    0,    0,    0,    0,    0,    0,   -8,   -6,    0,    0,    0,    0,    0,    0,    0,    0,    0,    0,    0,    0,    0,    0,    0,    0,    0,    0,    0,    0,  -31,  -24,    0,  -17,  -23,   -9,   -5,    0,    0,    0,   -6,    0,    0,    0,   -6,    0,    0,    0,  -15,    0,    0,    0,  -16,   -4,    0,    0,    0,    0,    3,    0,    0,    0,    0,    0,    0,    0,    0,    0,    0,    0,    0,    0,    0,    0,    5,    0,    0,    0,    3,    0,    5,    0,   -4,    0,    0,    0,    0,    0,    0,    0,    0,    0,    0,    0,    0,    0,    0,    0,    0,    0,    0,    0,    0,    0,    0,    0,    0,    0,    0,    0,    0,    0,    0,    3,  -38,    0,    0,    0,
       0,    0,   -9,    4,    0,  -25,  -16,  -29,  -28,    7,  -17,    0,    0,    0,    0,    0,    0,    0,    0,    0,    0,    0,    0,    0,    0,    0,    0,    0,  -11,    0,    0,    0,    0,    0,    0,    0,    0,    0,    0,    0,    0,    0,    0,    0,    0,    0,    0,    0,    0,    0,   -8,    0,  -28,  -25,    0,    0,    0,    0,    0,    0,    0,    0,    0,    0,    0,    0,    0,    0,    0,    0,    8,   -9,    0,  -22,  -22,    7,  -21,  -21,    0,    0,    0,   -9,   -9,    5,    0,    6,    0,  -15,    0,  -25,  -25,  -23,  -18,  -23,  -27,  -23,  -25,  -18,  -13,  -18,  -21,   -7,  -18,   -6,  -25,  -25,  -21,  -26,  -25,    9,  -26,  -26,    0,   14,    0,    9,    0,  -23,   -7,  -26,   10,   -7,    0,    0,  -22,  -27,    0,  -27,  -45,    0,  -21,  -38,    0,    0,    0,    0,    0,    0,    0,    0,    0,    0,    0,    0,    0,    0,    0,    0,    0,    0,    0,    0,    0,    0,    0,    0,    0,  -22,    0,    0,    0,
      -5,   -8,   -4,   -9,    0,  -11,    0,  -14,    0,  -11,   -4,    0,    0,    0,    0,    0,    0,    0,    0,    0,    0,    0,    0,    0,    0,    0,   -3,    0,  -14,    0,    0,    0,    0,    0,    0,    0,    0,    0,    0,    0,    0,    0,    0,    0,    0,    0,    0,    0,    0,    0,    0,  -10,    0,    0,    0,    0,    0,    0,    0,    0,    0,    0,    0,    0,    0,    0,    0,    0,    0,    0,   -9,    0,    0,  -18,  -19,  -12,   -6,  -18,  -20,  -15,    0,    0,    0,   -8,    0,  -13,    0,   -6,    0,   -5,   -4,  -13,    0,   -4,   -3,  -14,   -6,    0,   -5,    0,    0,    0,    0,    0,    0,   -4,    0,    0,    0,   -5,    0,    0,   -5,   -5,   -5,   -5,    0,    0,    0,    0,    0,    0,   -5,    0,    0,   -6,    0,    0,   -3,  -19,    0,   -3,    0,    0,    0,    0,    0,    0,    0,    0,    0,    0,    0,    0,    0,    0,    0,    0,    0,    0,    0,    0,    0,    0,    0,   -5,   -3,  -10,    0,    0,    0,
       0,    0,   -8,    0,   -9,    4,   -9,    3,    0,    0,   -9,    0,    0,    0,    0,    0,    0,    0,    0,    0,    0,    0,    0,    0,    0,    0,    0,    0,  -11,    0,    0,    0,    0,    0,    0,    0,    0,    0,    0,    0,    0,    0,    0,    0,    0,    0,    0,    0,    0,    0,   -9,    0,  -16,    0,    0,    0,    0,    0,    0,    0,    0,    0,    0,    0,    0,    0,    0,    0,    0,    0,    4,   -8,    0,    0,    0,    0,    9,    0,    0,    0,    0,   -8,   -8,    6,    0,    0,    0,    0,   -9,    0,    0,    7,   -6,    7,    0,    6,    0,   -6,    0,   -6,  -10,   -2,   -6,    6,  -15,    0,  -10,    0,    0,    6,   -7,    0,    0,    0,    0,    6,   -9,    0,    0,   -8,    6,   -4,    0,    0,  -16,    0,    0,   -6,    0,    0,  -11,    0,    0,    0,    0,    0,    0,    0,    0,    0,    0,    0,    0,    0,    0,    0,    0,    0,    0,    0,    0,    0,    0,    0,    0,    0,    0,    3,    0,    0,    0,
       0,   -4,    0,    9,   -6,    6,    0,   14,    0,    0,    0,    0,    0,    0,    0,    0,    0,    0,    0,    0,    0,    0,    0,    0,    0,    0,    0,    0,    8,    0,    0,    0,    0,    0,    0,    0,    0,    0,    0,    0,    0,    0,    0,    0,    0,    0,    0,    0,    0,    0,   -5,    8,   -5,    0,    0,    0,    0,    0,    0,    0,    0,    0,    0,    0,    0,    0,    0,    0,    0,    0,    0,   -6,    0,    8,    7,    0,    8,    7,    6,    5,    0,   -6,   -9,    6,   -9,    6,    0,    0,    0,    0,    0,    7,    0,    7,    0,    7,    0,    0,    0,    0,    0,   10,    0,    7,   -6,    0,    0,    0,    5,    0,    0,    0,    0,    0,   23,    0,    0,    0,   -8,    0,    0,    0,    0,    0,    0,    0,   -3,    0,    0,    6,   10,    0,    0,    0,    0,    0,    0,    0,    0,    0,    0,    0,    0,    0,    0,    0,    0,    0,    0,    0,    0,    0,    0,    0,    0,    0,    0,    0,    0,    0,    0,
      -5,   -8,   -4,   -9,    0,  -11,    5,  -14,    0,  -11,   -4,    0,    0,    0,    0,    0,    0,    0,    0,    0,    0,    0,    0,    0,    0,    0,   -3,    0,  -14,    0,    0,    0,    0,    0,    0,    0,    0,    0,    0,    0,    0,    0,    0,    0,    0,    0,    0,    0,    0,    0,    0,  -10,    0,    0,    0,    0,    0,    0,    0,    0,    0,    0,    0,    0,    0,    0,    0,    0,    0,    0,   -9,    0,    0,   -7,   -7,  -11,   -6,   -6,  -15,  -10,    0,    0,    0,   -8,    0,   -9,    0,    0,    0,    0,    0,   -8,    0,    0,   -4,   -9,    0,    0,    0,    0,    0,    0,    0,    0,    0,    0,    0,    0,    0,    0,    0,    0,   -4,   -4,   -5,    0,    0,    0,    0,    0,    0,    0,    0,    0,    0,    0,    0,    0,   -4,   -9,    0,   -4,    0,    0,    0,    0,    0,    0,    0,    0,    0,    0,    0,    0,    0,    0,    0,    0,    0,    0,    0,    0,    0,    0,    0,   -5,   -3,  -10,    0,    0,    0,
       0,   -9,    0,   -8,   -7,    0,    0,    0,    0,   -9,    0,    0,    0,    0,    0,    0,    0,    0,    0,    0,    0,    0,    0,    0,    0,    0,    0,    0,  -10,    0,    0,    0,    0,    0,    0,    0,    0,    0,    0,    0,    0,    0,    0,    0,    0,    0,    0,    0,    0,    0,    0,   -7,    0,    0,    0,    0,    0,    0,    0,    0,    0,    0,    0,    0,    0,    0,    0,    0,    0,    0,    0,    0,    0,    0,    0,    0,    0,    0,    0,    0,    0,    0,    0,    0,    0,    0,    0,    0,    0,    0,    0,    0,    0,    0,    0,    0,    0,    0,    0,    0,    0,   -5,    0,    0,    0,    0,    0,    0,    0,    0,    0,    0,    0,    0,    0,    0,    0,    0,    0,    0,    0,   -5,    0,    0,    0,    0,    0,    0,    0,    0,    0,    0,    0,    0,    0,    0,    0,    0,    0,    0,    0,    0,    0,    0,    0,    0,    0,    0,    0,    0,    0,    0,    0,    0,    0,    0,   -8,    0,    0,    0,    0,
      -4,   -8,   -4,    0,   -6,   -6,    6,   -7,   -6,    0,    0,    0,    0,    0,    0,    0,    0,    0,    0,    0,    0,    0,    0,    0,    0,    0,   -6,    0,    0,    0,    0,    0,    0,    0,    0,    0,    0,    0,    0,    0,    0,    0,    0,    0,    0,    0,    0,    0,    0,    0,    0,    0,    0,    0,    0,    0,    0,    0,    0,    0,    0,    0,    0,    0,    0,    0,    0,    0,    0,    0,    0,    0,    0,    0,    0,    0,    0,    0,    0,    0,    0,    0,    0,    0,    0,    0,    0,    0,    0,    0,    0,    0,    0,   -7,   -5,    0,    0,    0,    0,    0,    0,    0,    0,   -4,    0,    0,    0,    0,    0,    0,    0,    0,    0,    0,    0,    0,    0,    0,    0,    0,    0,    0,    0,    0,    0,    0,    0,    0,   -5,    0,    0,   -5,    0,    0,    0,    0,    0,    0,    0,    0,    0,    0,    0,    0,    0,    0,    0,    0,    0,    0,    0,    0,    0,    0,    0,    0,    0,    0,    0,    0,    0,
       0,  -12,    0,   -8,   -5,    0,    0,    0,    0,   -7,    0,    0,    0,    0,    0,    0,    0,    0,    0,    0,    0,    0,    0,    0,    0,    0,    0,    0,   -9,    0,    0,    0,    0,    0,    0,    0,    0,    0,    0,    0,    0,    0,    0,    0,    0,    0,    0,    0,    0,    0,    0,   -6,    0,    0,    0,    0,    0,    0,    0,    0,    0,    0,    0,    0,    0,    0,    0,    0,    0,    0,    0,    0,    0,    0,    0,    0,    0,    0,    0,    0,    0,    0,    0,    0,    0,    0,    0,    0,    0,    0,    0,    0,    0,    0,    0,    0,    0,    0,    0,    0,    0,    0,    0,    0,    0,    0,    0,    0,    0,    0,    0,    0,    0,    0,    0,    0,    0,    0,    0,    0,    0,    0,    0,    0,    0,    0,    0,    0,    0,    0,    0,    0,    0,    0,    0,    0,    0,    0,    0,    0,    0,    0,    0,    0,    0,    0,    0,    0,    0,    0,    0,    0,    0,    0,    0,    0,    0,    0,    0,    0,    0,
       0,    0,    0,   -5,    0,  -26,  -19,  -15,    0,  -17,    0,    0,    0,    0,    0,    0,    0,    0,    0,    0,    0,    0,    0,    0,    0,    0,    0,    0,   -9,    0,    0,    0,    0,    0,    0,    0,    0,    0,    0,    0,    0,    0,    0,    0,    0,    0,    0,    0,    0,    0,   -6,   -4,   -7,    0,    0,    0,    0,    0,    0,    0,    0,    0,    0,    0,    0,    0,    0,    0,    0,    0,    0,    0,    0,    0,    0,    0,    0,    0,    0,    0,    0,    0,    0,    0,    0,    0,    0,    0,    0,    0,    0,  -15,    0,    0,    0,  -12,    0,    0,    0,    0,    7,    7,    0,    6,    0,    0,    7,    0,    0,    0,    0,    0,    0,    0,    0,    0,    0,    8,    0,    0,    0,    7,    0,    0,    7,    0,    0,    0,    0,    0,    7,    0,    0,    0,    0,    0,    0,    0,    0,    0,    0,    0,    0,    0,    0,    0,    0,    0,    0,    0,    0,    0,    0,    0,    0,    0,    0,    0,    0,    0,    0,
       0,  -10,    0,    8,    0,    0,    0,   11,    0,    0,    0,    0,    0,    0,    0,    0,    0,    0,    0,    0,    0,    0,    0,    0,    0,    0,    0,    0,    8,    0,    0,    0,    0,    0,    0,    0,    0,    0,    0,    0,    0,    0,    0,    0,    0,    0,    0,    0,    0,    0,    0,    8,    0,    0,    0,    0,    0,    0,    0,    0,    0,    0,    0,    0,    0,    0,    0,    0,    0,    0,    0,    0,    0,    0,    0,    0,    0,    0,    0,    0,    0,    0,    0,    0,    0,    0,    0,    0,    0,    0,    0,    7,    0,    7,    0,    7,    0,    0,    0,    0,    0,    8,   -4,    7,   -4,    0,    0,    0,    0,    0,    0,    0,    0,    0,    0,    0,    0,    0,    0,    0,    0,    0,    0,    0,    0,    0,    0,    0,    0,    0,   10,    0,    0,    0,    0,    0,    0,    0,    0,    0,    0,    0,    0,    0,    0,    0,    0,    0,    0,    0,    0,    0,    0,    0,    0,    0,    0,    0,    0,    0,    0,
       0,   -9,    0,   -9,   -6,   -4,    5,   -4,   -4,  -10,    0,    0,    0,    0,    0,    0,    0,    0,    0,    0,    0,    0,    0,    0,    0,    0,   -4,    0,  -10,    0,    0,    0,    0,    0,    0,    0,    0,    0,    0,    0,    0,    0,    0,    0,    0,    0,    0,    0,    0,    0,    0,   -7,    0,    0,    0,    0,    0,    0,    0,    0,    0,    0,    0,    0,    0,    0,    0,    0,    0,    0,    0,    0,    0,    0,    0,    0,    0,    0,    0,    0,    0,    0,    0,    0,    0,    0,    0,    0,    0,    0,    0,    0,    0,    0,   -4,    0,    0,    0,    0,    0,    0,   -4,    0,    0,    0,    0,    0,    0,    0,    0,    0,    0,    0,    0,    0,    0,    0,    0,    0,    0,    0,   -4,    0,    0,    0,    0,    0,    0,   -4,    0,    0,   -4,    0,    0,    0,    0,    0,    0,    0,    0,    0,    0,    0,    0,    0,    0,    0,    0,    0,    0,    0,    0,    0,    0,    0,    0,   -8,    0,    0,    0,    0,
       0,   -4,   -6,    0,    0,    0,   -9,    4,    0,    0,   -7,    0,    0,    0,    0,    0,    0,    0,    0,    0,    0,    0,    0,    0,    0,    0,    0,    0,   -8,    0,    0,    0,    0,    0,    0,    0,    0,    0,    0,    0,    0,    0,    0,    0,    0,    0,    0,    0,    0,    0,   -6,    0,  -11,    0,    0,    0,    0,    0,    0,    0,    0,    0,    0,    0,    0,    0,    0,    0,    0,    0,    0,    0,    0,    0,    0,    0,    0,    0,    0,    0,    0,    0,    0,    0,    0,    0,    0,    0,    0,    0,    0,    8,   -9,    8,    0,    7,    0,  -10,    0,   -9,    0,    0,  -10,    6,    0,    0,    0,    0,    5,    0,   -7,    0,    0,    0,    0,    0,    0,    0,    0,   -8,    0,    0,    0,    0,    0,    0,    0,   -4,    0,    0,    0,    0,    0,    0,    0,    0,    0,    0,    0,    0,    0,    0,    0,    0,    0,    0,    0,    0,    0,    0,    0,    0,    0,    0,    0,    0,    0,    0,    0,    0,    0,
       0,  -12,    0,   -8,   -6,    0,    0,    0,    0,   -8,    0,    0,    0,    0,    0,    0,    0,    0,    0,    0,    0,    0,    0,    0,    0,    0,    0,    0,  -11,    0,    0,    0,    0,    0,    0,    0,    0,    0,    0,    0,    0,    0,    0,    0,    0,    0,    0,    0,    0,    0,    0,   -7,    0,    0,    0,    0,    0,    0,    0,    0,    0,    0,    0,    0,    0,    0,    0,    0,    0,    0,    0,    0,    0,    0,    0,    0,    0,    0,    0,    0,    0,    0,    0,    0,    0,    0,    0,    0,    0,    0,    0,    0,    0,    0,    0,    0,    0,    0,    0,    0,    0,    0,    0,    0,    0,    0,    0,    0,    0,    0,    0,    0,    0,    0,    0,    0,    0,    0,    0,    0,    0,    0,    0,    0,    0,    0,    0,    0,    0,    0,    0,    0,    0,    0,    0,    0,    0,    0,    0,    0,    0,    0,    0,    0,    0,    0,    0,    0,    0,    0,    0,    0,    0,    0,    0,    0,    0,    0,    0,    0,    0,
       0,    0,   -5,    0,    0,    0,   -9,    4,    0,    0,   -7,    0,    0,    0,    0,    0,    0,    0,    0,    0,    0,    0,    0,    0,    0,    0,    0,    0,   -8,    0,    0,    0,    0,    0,    0,    0,    0,    0,    0,    0,    0,    0,    0,    0,    0,    0,    0,    0,    0,    0,   -6,    0,  -11,    0,    0,    0,    0,    0,    0,    0,    0,    0,    0,    0,    0,    0,    0,    0,    0,    0,    0,    0,    0,    0,    0,    0,    0,    0,    0,    0,    0,    0,    0,    0,    0,    0,    0,    0,    0,    0,    0,    8,   -9,    8,    0,    7,    0,  -10,    0,   -9,    0,    0,  -10,    6,    0,    0,    0,    0,    5,    0,   -8,    0,    0,    0,    0,    0,    0,    0,    0,   -8,    0,    0,    0,    0,    0,    0,    0,    0,    0,    0,    0,    0,    0,    0,    0,    0,    0,    0,    0,    0,    0,    0,    0,    0,    0,    0,    0,    0,    0,    0,    0,    0,    0,    0,    0,    0,    0,    0,    0,    0,    0,
       0,  -11,    0,   -9,   -7,   -7,    6,   -8,   -6,  -10,    0,    0,    0,    0,    0,    0,    0,    0,    0,    0,    0,    0,    0,    0,    0,    0,    0,    0,  -10,    0,    0,    0,    0,    0,    0,    0,    0,    0,    0,    0,    0,    0,    0,    0,    0,    0,    0,    0,    0,    0,    0,   -7,    0,    0,    0,    0,    0,    0,    0,    0,    0,    0,    0,    0,    0,    0,    0,    0,    0,    0,    0,    0,    0,    0,    0,    0,    0,    0,    0,    0,    0,    0,    0,    0,    0,    0,    0,    0,    0,    0,    0,    0,    0,   -8,   -6,    0,    0,    0,    0,    0,    0,   -5,    0,   -6,    0,    0,    0,   -4,    0,    0,    0,    0,    0,    0,    0,    0,    0,    0,    0,    0,    0,   -5,    0,    0,    0,    0,    0,    0,   -6,    0,    0,   -6,    0,    0,    0,    0,    0,    0,    0,    0,    0,    0,    0,    0,    0,    0,    0,    0,    0,    0,    0,    0,    0,    0,    0,   -7,   -9,    0,    0,    0,    0,
       0,  -11,   -4,   -9,   -7,   -6,    6,   -7,   -6,   -9,    0,    0,    0,    0,    0,    0,    0,    0,    0,    0,    0,    0,    0,    0,    0,    0,   -6,    0,  -10,    0,    0,    0,    0,    0,    0,    0,    0,    0,    0,    0,    0,    0,    0,    0,    0,    0,    0,    0,    0,    0,    0,   -7,    0,    0,    0,    0,    0,    0,    0,    0,    0,    0,    0,    0,    0,    0,    0,    0,    0,    0,    0,    0,    0,    0,    0,    0,    0,    0,    0,    0,    0,    0,    0,    0,    0,    0,    0,    0,    0,    0,    0,    0,    0,   -7,   -5,    0,    0,    0,    0,    0,    0,   -5,    0,   -6,    0,    0,    0,    0,    0,   -4,    0,    0,    0,    0,    0,    0,    0,    0,    0,    0,    0,   -5,    0,    0,    0,    0,    0,    0,   -5,    0,    0,   -5,    0,    0,    0,    0,    0,    0,    0,    0,    0,    0,    0,    0,    0,    0,    0,    0,    0,    0,    0,    0,    0,    0,    0,   -7,   -9,    0,    0,    0,    0,
       0,    0,    0,    0,    0,    3,  -11,    0,    0,    0,    0,    0,    0,    0,    0,    0,    0,    0,    0,    0,    0,    0,    0,    0,    0,    0,    0,    0,   -9,    0,    0,    0,    0,    0,    0,    0,    0,    0,    0,    0,    0,    0,    0,    0,    0,    0,    0,    0,    0,    0,   -7,   -4,  -10,    0,    0,    0,    0,    0,    0,    0,    0,    0,    0,    0,    0,    0,    0,    0,    0,    0,    0,    0,    0,    0,    0,    0,    0,    0,    0,    0,    0,    0,    0,    0,    0,    0,    0,    0,    0,    0,    0,    7,    0,    7,    0,    6,    0,   -4,    0,    0,    5,    4,   -4,    5,    0,    0,    5,    0,    0,    0,    0,    0,    0,    0,    0,    0,    0,    0,    0,    0,    0,    4,    0,    0,    0,    0,    0,    0,    0,    0,    0,    0,    0,    0,    0,    0,    0,    0,    0,    0,    0,    0,    0,    0,    0,    0,    0,    0,    0,    0,    0,    0,    0,    0,    0,    0,    0,    0,    0,    0,    0,
       0,    0,    0,   -4,    0,  -17,  -10,  -15,    0,  -16,    0,    0,    0,    0,    0,    0,    0,    0,    0,    0,    0,    0,    0,    0,    0,    0,    0,    0,   -8,    0,    0,    0,    0,    0,    0,    0,    0,    0,    0,    0,    0,    0,    0,    0,    0,    0,    0,    0,    0,    0,   -6,   -4,   -6,    0,    0,    0,    0,    0,    0,    0,    0,    0,    0,    0,    0,    0,    0,    0,    0,    0,    0,    0,    0,    0,    0,    0,    0,    0,    0,    0,    0,    0,    0,    0,    0,    0,    0,    0,    0,    0,    0,  -12,    0,    0,    0,  -12,    0,    0,    0,    0,    7,    7,    0,    6,    0,    0,    7,    0,    0,    0,    0,    0,    0,    0,    0,    0,    0,    8,    0,    0,    0,    7,    0,    0,    7,    0,    0,    0,    0,    0,    7,    0,    0,    0,    0,    0,    0,    0,    0,    0,    0,    0,    0,    0,    0,    0,    0,    0,    0,    0,    0,    0,    0,    0,    0,    0,    0,    0,    0,    0,    0,
       0,    0,    0,   -5,    0,   -7,    0,  -10,    0,  -11,    0,    0,    0,    0,    0,    0,    0,    0,    0,    0,    0,    0,    0,    0,    0,    0,    0,    0,   -9,    0,    0,    0,    0,    0,    0,    0,    0,    0,    0,    0,    0,    0,    0,    0,    0,    0,    0,    0,    0,    0,    0,   -4,    0,    0,    0,    0,    0,    0,    0,    0,    0,    0,    0,    0,    0,    0,    0,    0,    0,    0,    0,    0,    0,    0,    0,    0,    0,    0,    0,    0,    0,    0,    0,    0,    0,    0,    0,    0,    0,    0,    0,   -8,   -4,    0,    0,   -9,    0,   -4,    0,   -4,    7,    6,   -4,    4,    0,    0,    7,    0,    0,    0,    0,    0,    0,    0,    0,    0,    0,    6,    0,    0,    0,    6,    0,    0,    0,    0,    0,    0,    0,    0,    6,    0,    0,    0,    0,    0,    0,    0,    0,    0,    0,    0,    0,    0,    0,    0,    0,    0,    0,    0,    0,    0,    0,    0,    0,    0,    4,  -10,    0,    0,    0,
      -7,  -11,    0,   -9,   -7,   -8,    6,   -8,   -7,  -10,    0,    0,    0,    0,    0,    0,    0,    0,    0,    0,    0,    0,    0,    0,    0,    0,   -6,    0,  -10,    0,    0,    0,    0,    0,    0,    0,    0,    0,    0,    0,    0,    0,    0,    0,    0,    0,    0,    0,    0,    0,    0,   -7,    0,    0,    0,    0,    0,    0,    0,    0,    0,    0,    0,    0,    0,    0,    0,    0,    0,    0,    0,    0,    0,    0,    0,    0,    0,    0,    0,    0,    0,    0,    0,    0,    0,    0,    0,    0,    0,    0,    0,    0,    0,   -9,   -7,   -4,    0,    0,    0,    0,    0,   -5,    0,   -6,    0,    0,    0,   -5,    0,   -4,    0,    0,    0,    0,    0,    0,    0,    0,    0,    0,    0,    0,    0,    0,    0,    0,    0,    0,   -7,    0,   -4,   -7,    0,    0,    0,    0,    0,    0,    0,    0,    0,    0,    0,    0,    0,    0,    0,    0,    0,    0,    0,    0,    0,    0,    0,   -7,   -9,    0,    0,    0,    0,
       0,    0,   -5,    0,    0,    0,   -5,    0,    0,   -4,   -4,    0,    0,    0,    0,    0,    0,    0,    0,    0,    0,    0,    0,    0,    0,    0,    0,    0,   -9,    0,    0,    0,    0,    0,    0,    0,    0,    0,    0,    0,    0,    0,    0,    0,    0,    0,    0,    0,    0,    0,   -7,   -4,  -10,    0,    0,    0,    0,    0,    0,    0,    0,    0,    0,    0,    0,    0,    0,    0,    0,    0,    0,    0,    0,    0,    0,    0,    0,    0,    0,    0,    0,    0,    0,    0,    0,    0,    0,    0,    0,    0,    0,    7,   -7,    7,    0,    6,    0,   -7,    0,   -7,    0,    0,   -7,    6,    0,    0,    0,    0,    0,    0,   -5,    0,    0,    0,    0,    0,    0,    0,    0,   -5,    0,    0,    0,    0,    0,    0,    0,    0,    0,    0,    0,    0,    0,    0,    0,    0,    0,    0,    0,    0,    0,    0,    0,    0,    0,    0,    0,    0,    0,    0,    0,    0,    0,    0,    0,    0,    0,    0,    0,    0,    0,
       0,  -10,    0,    8,    0,    0,    0,   11,    0,    0,    0,    0,    0,    0,    0,    0,    0,    0,    0,    0,    0,    0,    0,    0,    0,    0,    0,    0,    8,    0,    0,    0,    0,    0,    0,    0,    0,    0,    0,    0,    0,    0,    0,    0,    0,    0,    0,    0,    0,    0,    0,    8,    0,    0,    0,    0,    0,    0,    0,    0,    0,    0,    0,    0,    0,    0,    0,    0,    0,    0,    0,    0,    0,    0,    0,    0,    0,    0,    0,    0,    0,    0,    0,    0,    0,    0,    0,    0,    0,    0,    0,    7,    0,    7,    0,    7,    0,    0,    0,    0,    0,    8,   -4,    7,   -4,    0,    0,    0,    0,    0,    0,    0,    0,    0,   28,    0,    0,    0,    0,    0,    0,    0,    0,    0,    0,    0,    0,    0,    0,    0,   10,    0,    0,    0,    0,    0,    0,    0,    0,    0,    0,    0,    0,    0,    0,    0,    0,    0,    0,    0,    0,    0,    0,    0,    0,    0,    0,    0,    0,    0,    0,
       0,  -27,    0,   -8,  -17,    0,    0,    0,    0,   -6,    0,    0,    0,    0,    0,    0,    0,    0,    0,    0,    0,    0,    0,    0,    0,    0,    0,    0,  -11,    0,    0,    0,    0,    0,    0,    0,    0,    0,    0,    0,    0,    0,    0,    0,    0,    0,    0,    0,    0,    0,    0,   -6,    0,    0,    0,    0,    0,    0,    0,    0,    0,    0,    0,    0,    0,    0,    0,    0,    0,    0,    0,    0,    0,    0,    0,    0,    0,    0,    0,    0,    0,    0,    0,    0,    0,    0,    0,    0,    0,    0,    0,    0,    0,    0,    0,    0,    0,    0,    0,    0,  -16,   -6,    0,    0,    0,    0,  -11,    0,    0,    0,    0,    0,    0,    0,    0,    0,    0,    0,    0,    0,    0,   -6,    0,    0,    0,    0,    0,    0,    0,    0,   -7,    0,    0,    0,    0,    0,    0,    0,    0,    0,    0,    0,    0,    0,    0,    0,    0,    0,    0,    0,    0,    0,    0,    0,    0,    0,    0,    0,    0,    0,    0,
       0,  -11,    0,   -9,   -7,   -6,    6,   -8,   -5,  -10,    0,    0,    0,    0,    0,    0,    0,    0,    0,    0,    0,    0,    0,    0,    0,    0,    0,    0,  -10,    0,    0,    0,    0,    0,    0,    0,    0,    0,    0,    0,    0,    0,    0,    0,    0,    0,    0,    0,    0,    0,    0,   -7,    0,    0,    0,    0,    0,    0,    0,    0,    0,    0,    0,    0,    0,    0,    0,    0,    0,    0,    0,    0,    0,    0,    0,    0,    0,    0,    0,    0,    0,    0,    0,    0,    0,    0,    0,    0,    0,    0,    0,    0,    0,   -7,   -5,    0,    0,    0,    0,    0,    0,   -5,    0,   -6,    0,    0,    0,   -4,    0,    0,    0,    0,    0,    0,    0,    0,    0,    0,    0,    0,    0,    0,    0,    0,    0,    0,    0,    0,   -5,    0,    0,   -5,    0,    0,    0,    0,    0,    0,    0,    0,    0,    0,    0,    0,    0,    0,    0,    0,    0,    0,    0,    0,    0,    0,    0,   -7,   -9,    0,    0,    0,    0,
       0,  -11,    0,   -9,   -7,   -7,    6,   -8,   -6,  -10,    0,    0,    0,    0,    0,    0,    0,    0,    0,    0,    0,    0,    0,    0,    0,    0,    0,    0,  -10,    0,    0,    0,    0,    0,    0,    0,    0,    0,    0,    0,    0,    0,    0,    0,    0,    0,    0,    0,    0,    0,    0,   -7,    0,    0,    0,    0,    0,    0,    0,    0,    0,    0,    0,    0,    0,    0,    0,    0,    0,    0,    0,    0,    0,    0,    0,    0,    0,    0,    0,    0,    0,    0,    0,    0,    0,    0,    0,    0,    0,    0,    0,    0,    0,   -8,   -6,    0,    0,    0,    0,    0,    0,   -5,    0,   -6,    0,    0,    0,   -4,    0,    0,    0,    0,    0,    0,    0,    0,    0,    0,    0,    0,    0,    0,    0,    0,    0,    0,    0,    0,   -6,    0,    0,   -6,    0,    0,    0,    0,    0,    0,    0,    0,    0,    0,    0,    0,    0,    0,    0,    0,    0,    0,    0,    0,    0,    0,    0,   -7,   -9,    0,    0,    0,    0,
       0,  -19,   -6,    0,   -8,    0,    0,    0,    0,  -10,   -4,    0,    0,    0,    0,    0,    0,    0,    0,    0,    0,    0,    0,    0,    0,    0,   -4,    0,    0,    0,    0,    0,    0,    0,    0,    0,    0,    0,    0,    0,    0,    0,    0,    0,    0,    0,    0,    0,    0,    0,    0,    0,    0,    0,    0,    0,    0,    0,    0,    0,    0,    0,    0,    0,    0,    0,    0,    0,    0,    0,    0,    0,    0,    0,    0,    0,    0,    0,    0,    0,    0,    0,    0,    0,    0,    0,    0,    0,   -4,    0,    0,    0,    0,    0,    0,    0,    0,    0,    0,    0,    0,    0,    0,    0,    0,    0,    0,    0,    0,   -6,    0,    0,    0,    0,    0,    0,    0,    0,    0,    0,    0,    0,    0,    0,    0,    0,    0,    0,    0,    0,    0,    0,    0,    0,    0,    0,    0,    0,    0,    0,    0,    0,    0,    0,    0,    0,    0,    0,    0,    0,    0,    0,    0,    0,    0,    0,    0,    0,    0,    0,    0,
       0,   -4,   -6,    0,    0,    0,   -5,    0,    0,   -5,   -4,    0,    0,    0,    0,    0,    0,    0,    0,    0,    0,    0,    0,    0,    0,    0,   -4,    0,  -11,    0,    0,    0,    0,    0,    0,    0,    0,    0,    0,    0,    0,    0,    0,    0,    0,    0,    0,    0,    0,    0,   -8,   -6,  -10,    0,    0,    0,    0,    0,    0,    0,    0,    0,    0,    0,    0,    0,    0,    0,    0,    0,    0,    0,    0,    0,    0,    0,    0,    0,    0,    0,    0,    0,    0,    0,    0,    0,    0,    0,    0,    0,    0,    0,   -4,    0,    0,    0,    0,   -4,    0,   -4,    0,    0,   -5,    0,    0,    0,    0,    0,    0,    0,   -4,    0,    0,    0,    0,    0,    0,    0,    0,   -4,    0,    0,    0,    0,    0,    0,    0,    0,    0,    0,    0,    0,    0,    0,    0,    0,    0,    0,    0,    0,    0,    0,    0,    0,    0,    0,    0,    0,    0,    0,    0,    0,    0,    0,    0,    0,    0,    0,    0,    0,    0,
       0,   -8,    0,   -9,    0,    0,    0,    0,    0,   -6,    0,    0,    0,    0,    0,    0,    0,    0,    0,    0,    0,    0,    0,    0,    0,    0,    0,    0,  -12,    0,    0,    0,    0,    0,    0,    0,    0,    0,    0,    0,    0,    0,    0,    0,    0,    0,    0,    0,    0,    0,   -4,   -7,    0,    0,    0,    0,    0,    0,    0,    0,    0,    0,    0,    0,    0,    0,    0,    0,    0,    0,    0,    0,    0,    0,    0,    0,    0,    0,    0,    0,    0,    0,    0,    0,    0,    0,    0,    0,    0,    0,    0,    0,    0,    0,    0,    0,    0,    0,    0,    0,    0,    0,    0,    0,    0,    0,    0,    0,    0,    0,    0,    0,    0,    0,    0,    0,    0,    0,    0,    0,    0,    0,    0,    0,    0,    0,    0,    0,    0,    0,    0,    0,    0,    0,    0,    0,    0,    0,    0,    0,    0,    0,    0,    0,    0,    0,    0,    0,    0,    0,    0,    0,    0,    0,    0,    0,    0,    0,    0,    0,    0,
       0,  -19,   -6,   -8,   -8,    0,    0,    0,    0,  -10,   -4,    0,    0,    0,    0,    0,    0,    0,    0,    0,    0,    0,    0,    0,    0,    0,   -4,    0,  -14,    0,    0,    0,    0,    0,    0,    0,    0,    0,    0,    0,    0,    0,    0,    0,    0,    0,    0,    0,    0,    0,    0,  -11,    0,    0,    0,    0,    0,    0,    0,    0,    0,    0,    0,    0,    0,    0,    0,    0,    0,    0,    0,    0,    0,    0,    0,    0,    0,    0,    0,    0,    0,    0,    0,    0,    0,    0,    0,    0,   -4,    0,    0,    0,    0,    0,    0,    0,    0,    0,    0,    0,    0,    0,    0,    0,    0,    0,    0,    0,    0,   -4,    0,    0,    0,    0,    0,    0,    0,    0,    0,    0,    0,    0,    0,    0,    0,    0,    0,    0,    0,    0,    0,    0,    0,    0,    0,    0,    0,    0,    0,    0,    0,    0,    0,    0,    0,    0,    0,    0,    0,    0,    0,    0,    0,    0,    0,    0,    0,    0,    0,    0,    0,
       0,  -25,    0,   -8,  -17,    0,    0,    0,    0,   -6,    0,    0,    0,    0,    0,    0,    0,    0,    0,    0,    0,    0,    0,    0,    0,    0,    0,    0,  -11,    0,    0,    0,    0,    0,    0,    0,    0,    0,    0,    0,    0,    0,    0,    0,    0,    0,    0,    0,    0,    0,    0,   -6,    0,    0,    0,    0,    0,    0,    0,    0,    0,    0,    0,    0,    0,    0,    0,    0,    0,    0,    0,    0,    0,    0,    0,    0,    0,    0,    0,    0,    0,    0,    0,    0,    0,    0,    0,    0,    0,    0,    0,    0,    0,    0,    0,    0,    0,    0,    0,    0,  -13,   -6,    0,    0,    0,    0,  -10,    0,    0,    0,    0,    0,    0,    0,    0,    0,    0,    0,    0,    0,    0,   -6,    0,    0,    0,    0,    0,    0,    0,    0,   -7,    0,    0,    0,    0,    0,    0,    0,    0,    0,    0,    0,    0,    0,    0,    0,    0,    0,    0,    0,    0,    0,    0,    0,    0,    0,    0,    0,    0,    0,    0,
       0,    0,   -6,    7,    0,    0,  -22,  -23,  -16,   12,  -13,    0,    0,    0,    0,    0,    0,    0,    0,    0,    0,    0,    0,    0,    0,    0,    0,    0,    8,    0,    0,    0,    0,    0,    0,    0,    0,    0,    0,    0,    0,    0,    0,    0,    0,    0,    0,    0,    0,    0,    0,    8,  -30,  -15,    0,    0,    0,    0,    0,    0,    0,    0,    0,    0,    0,    0,    0,    0,    0,    0,   13,   -6,    0,    0,  -17,   11,  -23,  -17,    7,    6,    0,   -6,  -10,    8,    6,   11,    0,  -18,    0,  -15,  -17,  -35,  -29,  -11,  -13,  -32,  -21,  -29,  -17,  -30,   -6,   -6,  -26,   -8,  -12,  -17,   -6,  -12,  -25,   15,  -29,  -21,    0,    0,    0,   15,    0,  -11,   -7,  -30,    0,   -6,    0,    0,  -17,  -18,    0,  -19,  -13,    6,   -7,  -13,    0,    0,    0,    0,    0,    0,    0,    0,    0,    0,    0,    0,    0,    0,    0,    0,    0,    0,    0,    0,    0,    0,    0,    0,    0,    0,    0,    0,    0,
       0,    0,    0,    0,    7,  -26,   -7,  -15,    0,  -12,    0,    0,    0,    0,    0,    0,    0,    0,    0,    0,    0,    0,    0,    0,    0,    0,    0,    0,   -5,    0,    0,    0,    0,    0,    0,    0,    0,    0,    0,    0,    0,    0,    0,    0,    0,    0,    0,    0,    0,    0,    0,    0,   -5,    6,    0,    0,    0,    0,    0,    0,    0,    0,    0,    0,    0,    0,    0,    0,    0,    0,    0,    0,    0,    0,    0,    0,    0,    0,    0,    0,    0,    0,    0,    0,    0,    0,    0,    0,    0,    0,    0,   -9,    0,    7,    0,   -9,    0,    0,    0,    0,   11,   11,    0,   10,    6,    0,   11,    6,    0,    0,    0,    0,    0,    0,    0,    0,    0,   10,    0,    0,    0,   11,    0,    0,    8,    0,    0,    0,    0,    0,   10,    0,    0,    0,    0,    0,    0,    0,    0,    0,    0,    0,    0,    0,    0,    0,    0,    0,    0,    0,    0,    0,    0,    0,    0,    0,    0,    0,    0,    0,    0,
       0,  -14,   -4,    0,   -6,    0,    0,    0,    0,   -5,    0,    0,    0,    0,    0,    0,    0,    0,    0,    0,    0,    0,    0,    0,    0,    0,    0,    0,    0,    0,    0,    0,    0,    0,    0,    0,    0,    0,    0,    0,    0,    0,    0,    0,    0,    0,    0,    0,    0,    0,    0,    0,    0,    0,    0,    0,    0,    0,    0,    0,    0,    0,    0,    0,    0,    0,    0,    0,    0,    0,    0,    0,    0,    0,    0,    0,    0,    0,    0,    0,    0,    0,    0,    0,    0,    0,    0,    0,    0,    0,    0,    0,    0,    0,    0,    0,    0,    0,    0,    0,    0,    0,    0,    0,   -6,    0,    0,    0,    0,    0,    0,    0,    0,    0,    0,    0,    0,    0,    0,    0,    0,    0,    0,    0,    0,    0,    0,    0,    0,    0,    0,    0,    0,    0,    0,    0,    0,    0,    0,    0,    0,    0,    0,    0,    0,    0,    0,    0,    0,    0,    0,    0,    0,    0,    0,    0,    0,    0,    0,    0,    0,
       0,  -32,    0,    0,  -22,    0,    0,    0,    0,   -4,    0,    0,    0,    0,    0,    0,    0,    0,    0,    0,    0,    0,    0,    0,    0,    0,    0,    0,    0,    0,    0,    0,    0,    0,    0,    0,    0,    0,    0,    0,    0,    0,    0,    0,    0,    0,    0,    0,    0,    0,    0,    0,    0,    0,    0,    0,    0,    0,    0,    0,    0,    0,    0,    0,    0,    0,    0,    0,    0,    0,    0,    0,    0,    0,    0,    0,    0,    0,    0,    0,    0,    0,    0,    0,    0,    0,    0,    0,    0,    0,    0,    0,    0,    0,    0,    5,    0,    0,    0,    0,  -17,    0,    0,    0,   -5,    0,  -11,    0,    0,    0,    0,    0,    0,    0,    0,    0,    0,    0,    0,    0,    0,   -9,    0,    0,   -5,    0,    0,    0,    0,    0,    0,    0,    0,    0,    0,    0,    0,    0,    0,    0,    0,    0,    0,    0,    0,    0,    0,    0,    0,    0,    0,    0,    0,    0,    0,    0,    0,    0,    0,    0,    0,
      -6,  -19,   -4,    0,   -6,  -11,    6,    0,   -5,  -11,    0,    0,    0,    0,    0,    0,    0,    0,    0,    0,    0,    0,    0,    0,    0,    0,   -7,    0,    0,    0,    0,    0,    0,    0,    0,    0,    0,    0,    0,    0,    0,    0,    0,    0,    0,    0,    0,    0,    0,    0,    0,    0,    0,    0,    0,    0,    0,    0,    0,    0,    0,    0,    0,    0,    0,    0,    0,    0,    0,    0,  -21,    0,   -6,   -5,   -6,  -11,   -5,    0,  -13,   -7,    0,    0,    0,  -12,   -4,   -7,   -6,    0,    0,    0,    0,    0,    0,  -10,   -7,   -7,    0,    0,   -3,    0,    0,    0,    0,   -6,    0,   -5,    0,   -6,    0,   -5,    0,    0,   -5,   -5,    9,   -5,    0,    0,    0,    0,    0,    0,   -5,    0,    0,    0,    0,    0,   -7,   -7,    0,   -7,    0,    0,    0,    0,    0,    0,    0,    0,    0,    0,    0,    0,    0,    0,    0,    0,    0,    0,    0,    0,    0,    0,    0,    0,    0,    0,    0,    0,    0,
       0,  -22,    0,    0,  -10,   -4,    0,    0,   -4,  -10,    0,    0,    0,    0,    0,    0,    0,    0,    0,    0,    0,    0,    0,    0,    0,    0,   -5,    0,    0,    0,    0,    0,    0,    0,    0,    0,    0,    0,    0,    0,    0,    0,    0,    0,    0,    0,    0,    0,    0,    0,    0,    0,    0,    0,    0,    0,    0,    0,    0,    0,    0,    0,    0,    0,    0,    0,    0,    0,    0,    0,    0,    0,    0,    0,    0,    0,    0,    0,    0,    0,    0,    0,    0,    0,    0,    0,    0,    0,    0,    0,    0,    0,    0,   -5,    0,    0,    0,    0,    0,    0,  -11,    0,    0,   -5,    0,    0,  -11,    0,    0,    0,    0,    0,    0,    0,    0,    0,    0,    0,    0,    0,    0,   -5,    0,    0,    0,    0,    0,    0,    0,    0,    0,    0,    0,    0,    0,    0,    0,    0,    0,    0,    0,    0,    0,    0,    0,    0,    0,    0,    0,    0,    0,    0,    0,    0,    0,    0,    0,    0,    0,    0,    0,
       0,    0,  -14,    6,    0,  -22,  -16,  -27,  -13,    8,  -19,    0,    0,    0,    0,    0,    0,    0,    0,    0,    0,    0,    0,    0,    0,    0,    0,    0,   -9,    0,    0,    0,    0,    0,    0,    0,    0,    0,    0,    0,    0,    0,    0,    0,    0,    0,    0,    0,    0,    0,   -7,    0,  -25,  -11,    0,    0,    0,    0,    0,    0,    0,    0,    0,    0,    0,    0,    0,    0,    0,    0,   10,  -14,    0,    0,    0,    0,  -26,    0,    0,    0,   -3,  -14,    0,    7,    0,    0,    0,  -14,   -9,  -11,  -12,  -25,  -16,   -6,   -8,  -25,  -16,  -16,  -13,  -16,    0,    0,  -23,   -5,   -7,  -12,    0,   -7,  -18,   11,  -22,  -14,    0,    0,    0,   11,    0,   -4,    0,  -22,   12,    0,    0,    0,   -9,  -14,    0,  -14,   -8,    0,    0,   -8,    0,    0,    0,    0,    0,    0,    0,    0,    0,    0,    0,    0,    0,    0,    0,    0,    0,    0,    0,    0,    0,    0,    0,    4,    6,  -26,    0,    0,    0,
       0,    0,    0,   -4,    3,  -12,    0,  -11,    0,  -13,    0,    0,    0,    0,    0,    0,    0,    0,    0,    0,    0,    0,    0,    0,    0,    0,    0,    0,   -9,    0,    0,    0,    0,    0,    0,    0,    0,    0,    0,    0,    0,    0,    0,    0,    0,    0,    0,    0,    0,    0,    0,   -4,    0,    0,    0,    0,    0,    0,    0,    0,    0,    0,    0,    0,    0,    0,    0,    0,    0,    0,    0,    0,    0,    0,    0,    0,    0,    0,    0,    0,    0,    0,    0,    0,    0,    0,    0,    0,    0,    0,    0,   -9,   -5,    0,    0,  -12,    0,   -5,    0,   -5,    7,    6,    0,    5,    0,    0,    7,    0,    0,    0,    0,    0,    0,    0,    0,    0,    0,    6,    0,    0,    0,    6,    0,    0,    0,    0,    0,    0,    0,    0,    7,    0,    0,    0,    0,    0,    0,    0,    0,    0,    0,    0,    0,    0,    0,    0,    0,    0,    0,    0,    0,    0,    0,    0,    0,    0,    4,  -12,    0,    0,    0,
      -4,  -29,   -5,   -6,   -9,    0,    0,    0,    0,   -9,    0,    0,    0,    0,    0,    0,    0,    0,    0,    0,    0,    0,    0,    0,    0,    0,   -6,    0,  -16,    0,    0,    0,    0,    0,    0,    0,    0,    0,    0,    0,    0,    0,    0,    0,    0,    0,    0,    0,    0,    0,    0,  -11,    0,    0,    0,    0,    0,    0,    0,    0,    0,    0,    0,    0,    0,    0,    0,    0,    0,    0,  -27,    0,    0,    0,    0,    0,    0,    0,    0,    0,    0,    0,    0,    0,   -7,    0,    0,    0,    0,    0,    0,    0,    0,    0,    0,    0,    0,    0,    0,    0,    0,    0,    0,    0,    0,    0,    0,    0,    0,    0,    0,    0,    0,    0,    0,    0,    0,    0,    0,    0,    0,    0,    0,   -4,    0,    0,    0,    0,    0,    0,    0,    0,    0,    0,    0,    0,    0,    0,    0,    0,    0,    0,    0,    0,    0,    0,    0,    0,    0,    0,    0,    0,    0,    0,    0,    0,    0,    0,    0,    0,    0,
       0,  -19,   -6,   -8,   -8,    0,    0,    0,    0,  -10,   -4,    0,    0,    0,    0,    0,    0,    0,    0,    0,    0,    0,    0,    0,    0,    0,   -5,    0,  -15,    0,    0,    0,    0,    0,    0,    0,    0,    0,    0,    0,    0,    0,    0,    0,    0,    0,    0,    0,    0,    0,    0,  -12,    0,    0,    0,    0,    0,    0,    0,    0,    0,    0,    0,    0,    0,    0,    0,    0,    0,    0,    0,    0,    0,    0,    0,    0,    0,    0,    0,    0,    0,    0,    0,    0,    0,    0,    0,    0,   -4,    0,    0,    0,    0,    0,    0,    0,    0,    0,    0,    0,    0,    0,    0,    0,    0,    0,    0,    0,    0,   -4,    0,    0,    0,    0,    0,    0,    0,    0,    0,    0,    0,    0,    0,    0,    0,    0,    0,    0,    0,    0,    0,    0,    0,    0,    0,    0,    0,    0,    0,    0,    0,    0,    0,    0,    0,    0,    0,    0,    0,    0,    0,    0,    0,    0,    0,    0,    0,    0,    0,    0,    0,
       0,   -6,   -4,  -11,    0,   -6,    0,   -7,    0,   -6,    0,    0,    0,    0,    0,    0,    0,    0,    0,    0,    0,    0,    0,    0,    0,    0,   -6,    0,  -15,    0,    0,    0,    0,    0,    0,    0,    0,    0,    0,    0,    0,    0,    0,    0,    0,    0,    0,    0,    0,    0,    0,  -10,    0,    0,    0,    0,    0,    0,    0,    0,    0,    0,    0,    0,    0,    0,    0,    0,    0,    0,    0,    0,    0,    0,    0,   -7,    0,    0,   -4,   -4,    0,    0,    0,   -4,    0,   -3,    0,   -6,    0,    0,    0,    0,    0,    0,    0,    0,   -4,    0,    0,    0,    0,    0,    0,    0,    0,    0,    0,    0,    0,    0,    0,    0,   -5,   -5,   -5,    0,    0,    0,    0,    0,    0,    0,    0,    0,    0,   -6,    0,   -5,    0,   -3,    0,    0,    0,    0,    0,    0,    0,    0,    0,    0,    0,    0,    0,    0,    0,    0,    0,    0,    0,    0,    0,    0,    0,    0,    0,    0,    0,    0,    0,    0,    0,
       0,  -15,    0,  -10,   -6,   -4,    5,   -4,   -4,  -11,    0,    0,    0,    0,    0,    0,    0,    0,    0,    0,    0,    0,    0,    0,    0,    0,   -4,    0,  -13,    0,    0,    0,    0,    0,    0,    0,    0,    0,    0,    0,    0,    0,    0,    0,    0,    0,    0,    0,    0,    0,    0,   -9,    0,    0,    0,    0,    0,    0,    0,    0,    0,    0,    0,    0,    0,    0,    0,    0,    0,    0,    0,    0,    0,    0,    0,    0,    0,    0,    0,    0,    0,    0,    0,    0,    0,    0,    0,    0,    0,    0,    0,    0,    0,    0,   -4,    0,    0,    0,    0,    0,    0,    0,    0,    0,    0,    0,    0,    0,    0,    0,    0,    0,    0,    0,    0,    0,    0,    0,    0,    0,    0,    0,    0,    0,    0,    0,    0,    0,   -4,    0,    0,   -4,    0,    0,    0,    0,    0,    0,    0,    0,    0,    0,    0,    0,    0,    0,    0,    0,    0,    0,    0,    0,    0,    0,    0,    0,    0,    0,    0,    0,    0,
       0,    0,   -4,    0,    0,    0,    0,    0,    0,   -4,    0,    0,    0,    0,    0,    0,    0,    0,    0,    0,    0,    0,    0,    0,    0,    0,    0,    0,    0,    0,    0,    0,    0,    0,    0,    0,    0,    0,    0,    0,    0,    0,    0,    0,    0,    0,    0,    0,    0,    0,   -6,    0,   -5,    0,    0,    0,    0,    0,    0,    0,    0,    0,    0,    0,    0,    0,    0,    0,    0,    0,    0,    0,    0,    0,    0,    0,    0,    0,    0,    0,    0,    0,    0,    0,    0,    0,    0,    0,    0,    0,    0,    0,    0,    0,    0,    0,    0,    0,    0,    0,    0,    0,    0,    0,    0,    0,    0,    0,    0,    0,    0,    0,    0,    0,    0,    0,    0,    0,    0,    0,    0,    0,    0,    0,    0,    0,    0,    0,    0,    0,    0,    0,    0,    0,    0,    0,    0,    0,    0,    0,    0,    0,    0,    0,    0,    0,    0,    0,    0,    0,    0,    0,    0,    0,    0,    0,    0,    0,    0,    0,    0,
       0,   -8,   -4,    0,    0,    0,    0,    0,    0,   -8,    0,    0,    0,    0,    0,    0,    0,    0,    0,    0,    0,    0,    0,    0,    0,    0,    0,    0,    0,    0,    0,    0,    0,    0,    0,    0,    0,    0,    0,    0,    0,    0,    0,    0,    0,    0,    0,    0,    0,    0,    0,    0,    0,    0,    0,    0,    0,    0,    0,    0,    0,    0,    0,    0,    0,    0,    0,    0,    0,    0,    0,    0,    0,    0,    0,    0,    0,    0,    0,    0,    0,    0,    0,    0,    0,    0,    0,    0,    0,    0,    0,    0,    0,    0,    0,    0,    0,    0,    0,    0,    0,    0,   -4,    0,    0,    0,    0,    0,    0,    0,    0,    0,    0,    0,    0,    0,    0,    0,    0,   -4,    0,    0,    0,    0,    0,    0,    0,    0,    0,    0,    0,    0,    0,    0,    0,    0,    0,    0,    0,    0,    0,    0,    0,    0,    0,    0,    0,    0,    0,    0,    0,    0,    0,    0,    0,    0,    0,    0,    0,    0,    0,
       0,  -14,    0,  -10,   -6,   -5,    5,   -4,   -4,  -10,    0,    0,    0,    0,    0,    0,    0,    0,    0,    0,    0,    0,    0,    0,    0,    0,   -4,    0,  -13,    0,    0,    0,    0,    0,    0,    0,    0,    0,    0,    0,    0,    0,    0,    0,    0,    0,    0,    0,    0,    0,    0,   -9,    0,    0,    0,    0,    0,    0,    0,    0,    0,    0,    0,    0,    0,    0,    0,    0,    0,    0,    0,    0,    0,    0,    0,    0,    0,    0,    0,    0,    0,    0,    0,    0,    0,    0,    0,    0,    0,    0,    0,    0,    0,    0,   -4,    0,    0,    0,    0,    0,    0,    0,    0,    0,    0,    0,    0,    0,    0,    0,    0,    0,    0,    0,    0,    0,    0,    0,    0,    0,    0,    0,    0,    0,    0,    0,    0,    0,   -4,    0,    0,   -4,    0,    0,    0,    0,    0,    0,    0,    0,    0,    0,    0,    0,    0,    0,    0,    0,    0,    0,    0,    0,    0,    0,    0,    0,    0,    0,    0,    0,    0,
      -5,   -8,   -4,   -9,    0,  -11,    5,  -14,    0,  -11,   -4,    0,    0,    0,    0,    0,    0,    0,    0,    0,    0,    0,    0,    0,    0,    0,   -3,    0,  -14,    0,    0,    0,    0,    0,    0,    0,    0,    0,    0,    0,    0,    0,    0,    0,    0,    0,    0,    0,    0,    0,    0,  -10,    0,    0,    0,    0,    0,    0,    0,    0,    0,    0,    0,    0,    0,    0,    0,    0,    0,    0,   -9,    0,    0,    0,    0,    0,   -6,    0,    0,    0,    0,    0,    0,   -8,    0,    0,    0,   -4,    0,    0,    0,   -7,    0,    0,   -4,   -8,    0,    0,    0,    0,    0,    0,    0,    0,    0,    0,    0,    0,    0,    0,    0,    0,   -4,   -4,   -4,    0,    0,    0,    0,    0,  -14,    0,    0,    0,    0,    0,    0,    0,   -4,    0,    0,   -4,    0,    0,    0,    0,    0,    0,    0,    0,    0,    0,    0,    0,    0,    0,    0,    0,    0,    0,    0,    0,    0,    0,    0,   -5,   -3,  -10,    0,    0,    0,
       0,  -11,    0,   -9,   -7,   -6,    6,   -8,   -5,  -10,    0,    0,    0,    0,    0,    0,    0,    0,    0,    0,    0,    0,    0,    0,    0,    0,    0,    0,  -10,    0,    0,    0,    0,    0,    0,    0,    0,    0,    0,    0,    0,    0,    0,    0,    0,    0,    0,    0,    0,    0,    0,   -7,    0,    0,    0,    0,    0,    0,    0,    0,    0,    0,    0,    0,    0,    0,    0,    0,    0,    0,    0,    0,    0,    0,    0,    0,    0,    0,    0,    0,    0,    0,    0,    0,    0,    0,    0,    0,    0,    0,    0,    0,    0,   -7,   -6,    0,    0,    0,    0,    0,    0,   -5,    0,   -6,    0,    0,    0,   -4,    0,    0,    0,    0,    0,    0,    0,    0,    0,    0,    0,    0,    0,   -5,    0,    0,    0,    0,    0,    0,   -6,    0,    0,   -6,    0,    0,    0,    0,    0,    0,    0,    0,    0,    0,    0,    0,    0,    0,    0,    0,    0,    0,    0,    0,    0,    0,    0,   -7,   -9,    0,    0,    0,    0,
       0,    0,   -4,    0,   -6,   -4,    0,   -5,   -4,    0,    0,    0,    0,    0,    0,    0,    0,    0,    0,    0,    0,    0,    0,    0,    0,    0,   -5,    0,  -14,    0,    0,    0,    0,    0,    0,    0,    0,    0,    0,    0,    0,    0,    0,    0,    0,    0,    0,    0,    0,    0,    0,   -5,    0,    0,    0,    0,    0,    0,    0,    0,    0,    0,    0,    0,    0,    0,    0,    0,    0,    0,    0,    0,    0,    0,    0,    0,    0,    0,    0,    0,    0,    0,   -4,    0,    0,    0,   -6,    0,    0,    0,    0,    0,    0,   -5,    0,    0,    0,    0,    0,    0,  -11,   -7,    0,   -4,    0,    0,  -11,    0,   -4,    0,    0,    0,   -4,   -4,   -4,    0,   -9,   -4,    0,    0,    0,   -7,    0,   -8,    0,    0,    0,    0,    0,    0,  -10,    0,    0,    0,    0,    0,    0,    0,    0,    0,    0,    0,    0,    0,    0,    0,    0,    0,    0,    0,    0,    0,    0,    0,    0,    0,    0,    0,    0,    0,    0,
       0,   -7,   -6,    0,    0,    0,    0,    0,    0,   -5,   -4,    0,    0,    0,    0,    0,    0,    0,    0,    0,    0,    0,    0,    0,    0,    0,    0,    0,    0,    0,    0,    0,    0,    0,    0,    0,    0,    0,    0,    0,    0,    0,    0,    0,    0,    0,    0,    0,    0,    0,   -7,    0,   -8,    0,    0,    0,    0,    0,    0,    0,    0,    0,    0,    0,    0,    0,    0,    0,    0,    0,    0,    0,    0,    0,    0,    0,    0,    0,    0,    0,    0,    0,    0,    0,    0,    0,    0,    0,    0,    0,    0,    0,    0,    0,    0,    0,    0,   -4,    0,    0,    0,    0,   -4,    0,    0,    0,    0,    0,    0,    0,    0,    0,    0,    0,    0,    0,    0,    0,    0,   -4,    0,    0,    0,    0,    0,    0,    0,    0,    0,    0,    0,    0,    0,    0,    0,    0,    0,    0,    0,    0,    0,    0,    0,    0,    0,    0,    0,    0,    0,    0,    0,    0,    0,    0,    0,    0,    0,    0,    0,    0,    0,
       0,    0,    0,    0,    0,    0,    0,    0,    0,    0,    0,    0,    0,    0,    0,    0,    0,    0,    0,    0,    0,    0,    0,    0,    0,    0,    0,    0,    0,    0,    0,    0,    0,    0,    0,    0,    0,    0,    0,    0,    0,    0,    0,    0,    0,    0,    0,    0,    0,    0,    0,    0,    0,    0,    0,    0,    0,    0,    0,    0,    0,    0,    0,    0,    0,    0,    0,    0,    0,    0,    0,    0,    0,    0,    0,    0,    0,    0,    0,    0,    0,    0,    0,    0,    0,    0,    0,    0,    0,    0,    0,    0,    0,    0,    0,    0,    0,    0,    0,    0,    0,    0,    0,    0,    0,    0,    0,    0,    0,    0,    0,    0,    0,    0,    0,    0,    0,    0,    0,    0,    0,    0,    0,    0,    0,    0,    0,    0,    0,    0,    0,    0,    0,    0,    0,    0,    0,    0,    0,    0,   -7,    0,   -2,   -2,    0,    0,    0,    0,    0,   -7,    0,   -3,    0,   -7,    0,    0,    0,    0,    0,    0,    0,
       0,    0,    0,    0,    0,    0,    0,    0,    0,    0,    0,    0,    0,    0,    0,    0,    0,    0,    0,    0,    0,    0,    0,    0,    0,    0,    0,    0,    0,    0,    0,    0,    0,    0,    0,    0,    0,    0,    0,    0,    0,    0,    0,    0,    0,    0,    0,    0,    0,    0,    0,    0,    0,    0,    0,    0,    0,    0,    0,    0,    0,    0,    0,    0,    0,    0,    0,    0,    0,    0,    0,    0,    0,    0,    0,    0,    0,    0,    0,    0,    0,    0,    0,    0,    0,    0,    0,    0,    0,    0,    0,    0,    0,    0,    0,    0,    0,    0,    0,    0,    0,    0,    0,    0,    0,    0,    0,    0,    0,    0,    0,    0,    0,    0,    0,    0,    0,    0,    0,    0,    0,    0,    0,    0,    0,    0,    0,    0,    0,    0,    0,    0,    0,    0,    0,   -4,    0,    0,    0,    0,    0,   -6,    0,    0,    0,    0,  -11,    0,    0,  -11,    0,    0,   -8,    0,    0,    0,    0,    0,    0,    0,    0,
       0,    0,    0,    0,    0,    0,    0,    0,    0,    0,    0,    0,    0,    0,    0,    0,    0,    0,    0,    0,    0,    0,    0,    0,    0,    0,    0,    0,    0,    0,    0,    0,    0,    0,    0,    0,    0,    0,    0,    0,    0,    0,    0,    0,    0,    0,    0,    0,    0,    0,    0,    0,    0,    0,    0,    0,    0,    0,    0,    0,    0,    0,    0,    0,    0,    0,    0,    0,    0,    0,    0,    0,    0,    0,    0,    0,    0,    0,    0,    0,    0,    0,    0,    0,    0,    0,    0,    0,    0,    0,    0,    0,    0,    0,    0,    0,    0,    0,    0,    0,    0,    0,    0,    0,    0,    0,    0,    0,    0,    0,    0,    0,    0,    0,    0,    0,    0,    0,    0,    0,    0,    0,    0,    0,    0,    0,    0,    0,    0,    0,    0,    0,    0,    1,    0,    0,    0,    0,    0,   -6,  -11,    0,   -4,   -5,    0,   -7,    0,    0,    0,   -8,    0,    0,    0,    0,    0,    0,    0,    0,    0,    0,    0,
       0,    0,    0,    0,    0,    0,    0,    0,    0,    0,    0,    0,    0,    0,    0,    0,    0,    0,    0,    0,    0,    0,    0,    0,    0,    0,    0,    0,    0,    0,    0,    0,    0,    0,    0,    0,    0,    0,    0,    0,    0,    0,    0,    0,    0,    0,    0,    0,    0,    0,    0,    0,    0,    0,    0,    0,    0,    0,    0,    0,    0,    0,    0,    0,    0,    0,    0,    0,    0,    0,    0,    0,    0,    0,    0,    0,    0,    0,    0,    0,    0,    0,    0,    0,    0,    0,    0,    0,    0,    0,    0,    0,    0,    0,    0,    0,    0,    0,    0,    0,    0,    0,    0,    0,    0,    0,    0,    0,    0,    0,    0,    0,    0,    0,    0,    0,    0,    0,    0,    0,    0,    0,    0,    0,    0,    0,    0,    0,    0,    0,    0,    0,    0,  -13,    0,    0,   -7,    0,    0,   -6,    0,  -17,  -12,    0,   -8,   -4,  -11,    0,  -17,  -12,    0,    0,  -12,    0,    0,    0,    0,    0,    0,    0,    0,
       0,    0,    0,    0,    0,    0,    0,    0,    0,    0,    0,    0,    0,    0,    0,    0,    0,    0,    0,    0,    0,    0,    0,    0,    0,    0,    0,    0,    0,    0,    0,    0,    0,    0,    0,    0,    0,    0,    0,    0,    0,    0,    0,    0,    0,    0,    0,    0,    0,    0,    0,    0,    0,    0,    0,    0,    0,    0,    0,    0,    0,    0,    0,    0,    0,    0,    0,    0,    0,    0,    0,    0,    0,    0,    0,    0,    0,    0,    0,    0,    0,    0,    0,    0,    0,    0,    0,    0,    0,    0,    0,    0,    0,    0,    0,    0,    0,    0,    0,    0,    0,    0,    0,    0,    0,    0,    0,    0,    0,    0,    0,    0,    0,    0,    0,    0,    0,    0,    0,    0,    0,    0,    0,    0,    0,    0,    0,    0,    0,    0,    0,    0,    0,   -2,    0,    0,    0,    0,    0,   -5,    0,    0,    0,    0,   -3,    0,   -2,    0,    0,   -7,    0,    0,   -4,    0,    0,    0,    0,    0,    0,    0,    0,
       0,    0,    0,    0,    0,    0,    0,    0,    0,    0,    0,    0,    0,    0,    0,    0,    0,    0,    0,    0,    0,    0,    0,    0,    0,    0,    0,    0,    0,    0,    0,    0,    0,    0,    0,    0,    0,    0,    0,    0,    0,    0,    0,    0,    0,    0,    0,    0,    0,    0,    0,    0,    0,    0,    0,    0,    0,    0,    0,    0,    0,    0,    0,    0,    0,    0,    0,    0,    0,    0,    0,    0,    0,    0,    0,    0,    0,    0,    0,    0,    0,    0,    0,    0,    0,    0,    0,    0,    0,    0,    0,    0,    0,    0,    0,    0,    0,    0,    0,    0,    0,    0,    0,    0,    0,    0,    0,    0,    0,    0,    0,    0,    0,    0,    0,    0,    0,    0,    0,    0,    0,    0,    0,    0,    0,    0,    0,    0,    0,    0,    0,    0,    0,   -6,    0,    0,    0,    0,    0,    0,    0,    0,    0,    0,    0,    0,    0,    0,    0,    0,    0,    0,    0,    0,    0,    0,    0,    0,    0,    0,    0,
       0,    0,    0,    0,    0,    0,    0,    0,    0,    0,    0,    0,    0,    0,    0,    0,    0,    0,    0,    0,    0,    0,    0,    0,    0,    0,    0,    0,    0,    0,    0,    0,    0,    0,    0,    0,    0,    0,    0,    0,    0,    0,    0,    0,    0,    0,    0,    0,    0,    0,    0,    0,    0,    0,    0,    0,    0,    0,    0,    0,    0,    0,    0,    0,    0,    0,    0,    0,    0,    0,    0,    0,    0,    0,    0,    0,    0,    0,    0,    0,    0,    0,    0,    0,    0,    0,    0,    0,    0,    0,    0,    0,    0,    0,    0,    0,    0,    0,    0,    0,    0,    0,    0,    0,    0,    0,    0,    0,    0,    0,    0,    0,    0,    0,    0,    0,    0,    0,    0,    0,    0,    0,    0,    0,    0,    0,    0,    0,    0,    0,    0,    0,    0,    0,    0,   -4,    0,    0,    0,   -7,    0,   -6,   -2,    0,    0,    0,    0,    0,   -4,   -7,   -6,   -6,   -4,    0,    0,    0,    0,    0,    0,    0,    0,
       0,    0,    0,    0,    0,    0,    0,    0,    0,    0,    0,    0,    0,    0,    0,    0,    0,    0,    0,    0,    0,    0,    0,    0,    0,    0,    0,    0,    0,    0,    0,    0,    0,    0,    0,    0,    0,    0,    0,    0,    0,    0,    0,    0,    0,    0,    0,    0,    0,    0,    0,    0,    0,    0,    0,    0,    0,    0,    0,    0,    0,    0,    0,    0,    0,    0,    0,    0,    0,    0,    0,    0,    0,    0,    0,    0,    0,    0,    0,    0,    0,    0,    0,    0,    0,    0,    0,    0,    0,    0,    0,    0,    0,    0,    0,    0,    0,    0,    0,    0,    0,    0,    0,    0,    0,    0,    0,    0,    0,    0,    0,    0,    0,    0,    0,    0,    0,    0,    0,    0,    0,    0,    0,    0,    0,    0,    0,    0,    0,    0,    0,    0,    0,  -21,    0,    0,   -7,    0,   -2,   -2,    0,    0,   -2,    0,  -10,   -2,   -2,    0,    0,   -8,    0,    0,   -7,    0,   -7,    0,    0,    0,    0,    0,    0,
       0,    0,    0,    0,    0,    0,    0,    0,    0,    0,    0,    0,    0,    0,    0,    0,    0,    0,    0,    0,    0,    0,    0,    0,    0,    0,    0,    0,    0,    0,    0,    0,    0,    0,    0,    0,    0,    0,    0,    0,    0,    0,    0,    0,    0,    0,    0,    0,    0,    0,    0,    0,    0,    0,    0,    0,    0,    0,    0,    0,    0,    0,    0,    0,    0,    0,    0,    0,    0,    0,    0,    0,    0,    0,    0,    0,    0,    0,    0,    0,    0,    0,    0,    0,    0,    0,    0,    0,    0,    0,    0,    0,    0,    0,    0,    0,    0,    0,    0,    0,    0,    0,    0,    0,    0,    0,    0,    0,    0,    0,    0,    0,    0,    0,    0,    0,    0,    0,    0,    0,    0,    0,    0,    0,    0,    0,    0,    0,    0,    0,    0,    0,    0,    0,    0,    0,    0,    0,    0,   -6,    0,    0,   -4,    0,    0,   -5,   -5,    0,   -9,   -9,    0,    0,    0,    0,    0,    0,    0,    0,    0,    0,    0,
       0,    0,    0,    0,    0,    0,    0,    0,    0,    0,    0,    0,    0,    0,    0,    0,    0,    0,    0,    0,    0,    0,    0,    0,    0,    0,    0,    0,    0,    0,    0,    0,    0,    0,    0,    0,    0,    0,    0,    0,    0,    0,    0,    0,    0,    0,    0,    0,    0,    0,    0,    0,    0,    0,    0,    0,    0,    0,    0,    0,    0,    0,    0,    0,    0,    0,    0,    0,    0,    0,    0,    0,    0,    0,    0,    0,    0,    0,    0,    0,    0,    0,    0,    0,    0,    0,    0,    0,    0,    0,    0,    0,    0,    0,    0,    0,    0,    0,    0,    0,    0,    0,    0,    0,    0,    0,    0,    0,    0,    0,    0,    0,    0,    0,    0,    0,    0,    0,    0,    0,    0,    0,    0,    0,    0,    0,    0,    0,    0,    0,    0,    0,    0,  -13,   -1,    0,    0,    0,    0,   -6,    0,  -10,   -9,    0,    0,    0,   -6,    0,  -12,   -5,    0,    0,    0,    6,   -2,    0,    0,    0,    0,    0,    0,
       0,    0,    0,    0,    0,    0,    0,    0,    0,    0,    0,    0,    0,    0,    0,    0,    0,    0,    0,    0,    0,    0,    0,    0,    0,    0,    0,    0,    0,    0,    0,    0,    0,    0,    0,    0,    0,    0,    0,    0,    0,    0,    0,    0,    0,    0,    0,    0,    0,    0,    0,    0,    0,    0,    0,    0,    0,    0,    0,    0,    0,    0,    0,    0,    0,    0,    0,    0,    0,    0,    0,    0,    0,    0,    0,    0,    0,    0,    0,    0,    0,    0,    0,    0,    0,    0,    0,    0,    0,    0,    0,    0,    0,    0,    0,    0,    0,    0,    0,    0,    0,    0,    0,    0,    0,    0,    0,    0,    0,    0,    0,    0,    0,    0,    0,    0,    0,    0,    0,    0,    0,    0,    0,    0,    0,    0,    0,    0,    0,    0,    0,    0,    0,    0,    0,    0,    0,    0,    0,    0,    0,    0,   -7,    0,   -4,   -7,   -7,    0,    0,   -9,    0,    0,    0,    0,    0,    0,    0,    0,    0,    0,    0,
       0,    0,    0,    0,    0,    0,    0,    0,    0,    0,    0,    0,    0,    0,    0,    0,    0,    0,    0,    0,    0,    0,    0,    0,    0,    0,    0,    0,    0,    0,    0,    0,    0,    0,    0,    0,    0,    0,    0,    0,    0,    0,    0,    0,    0,    0,    0,    0,    0,    0,    0,    0,    0,    0,    0,    0,    0,    0,    0,    0,    0,    0,    0,    0,    0,    0,    0,    0,    0,    0,    0,    0,    0,    0,    0,    0,    0,    0,    0,    0,    0,    0,    0,    0,    0,    0,    0,    0,    0,    0,    0,    0,    0,    0,    0,    0,    0,    0,    0,    0,    0,    0,    0,    0,    0,    0,    0,    0,    0,    0,    0,    0,    0,    0,    0,    0,    0,    0,    0,    0,    0,    0,    0,    0,    0,    0,    0,    0,    0,    0,    0,    0,    0,    0,    0,    0,    0,    0,    0,   -5,   -5,    0,   -8,    0,    0,    0,    0,    0,    0,    0,    0,    0,    0,    0,    0,    0,    0,    0,    0,    0,    0,
       0,    0,    0,    0,    0,    0,    0,    0,    0,    0,    0,    0,    0,    0,    0,    0,    0,    0,    0,    0,    0,    0,    0,    0,    0,    0,    0,    0,    0,    0,    0,    0,    0,    0,    0,    0,    0,    0,    0,    0,    0,    0,    0,    0,    0,    0,    0,    0,    0,    0,    0,    0,    0,    0,    0,    0,    0,    0,    0,    0,    0,    0,    0,    0,    0,    0,    0,    0,    0,    0,    0,    0,    0,    0,    0,    0,    0,    0,    0,    0,    0,    0,    0,    0,    0,    0,    0,    0,    0,    0,    0,    0,    0,    0,    0,    0,    0,    0,    0,    0,    0,    0,    0,    0,    0,    0,    0,    0,    0,    0,    0,    0,    0,    0,    0,    0,    0,    0,    0,    0,    0,    0,    0,    0,    0,    0,    0,    0,    0,    0,    0,    0,    0,    0,    0,    0,    0,    0,    0,   -1,    0,  -10,    0,   -1,    0,    0,   -1,    0,  -10,   -4,    0,    0,   -4,    0,    0,    0,    0,    0,    0,    0,    0,
       0,    0,    0,    0,    0,    0,    0,    0,    0,    0,    0,    0,    0,    0,    0,    0,    0,    0,    0,    0,    0,    0,    0,    0,    0,    0,    0,    0,    0,    0,    0,    0,    0,    0,    0,    0,    0,    0,    0,    0,    0,    0,    0,    0,    0,    0,    0,    0,    0,    0,    0,    0,    0,    0,    0,    0,    0,    0,    0,    0,    0,    0,    0,    0,    0,    0,    0,    0,    0,    0,    0,    0,    0,    0,    0,    0,    0,    0,    0,    0,    0,    0,    0,    0,    0,    0,    0,    0,    0,    0,    0,    0,    0,    0,    0,    0,    0,    0,    0,    0,    0,    0,    0,    0,    0,    0,    0,    0,    0,    0,    0,    0,    0,    0,    0,    0,    0,    0,    0,    0,    0,    0,    0,    0,    0,    0,    0,    0,    0,    0,    0,    0,    0,    0,    0,    0,    0,    0,    0,   -2,    0,    0,    0,    0,    0,    0,   -8,    0,    0,    0,    0,    0,    0,    0,    0,    0,    0,    0,    0,    0,    0,
       0,    0,    0,    0,    0,    0,    0,    0,    0,    0,    0,    0,    0,    0,    0,    0,    0,    0,    0,    0,    0,    0,    0,    0,    0,    0,    0,    0,    0,    0,    0,    0,    0,    0,    0,    0,    0,    0,    0,    0,    0,    0,    0,    0,    0,    0,    0,    0,    0,    0,    0,    0,    0,    0,    0,    0,    0,    0,    0,    0,    0,    0,    0,    0,    0,    0,    0,    0,    0,    0,    0,    0,    0,    0,    0,    0,    0,    0,    0,    0,    0,    0,    0,    0,    0,    0,    0,    0,    0,    0,    0,    0,    0,    0,    0,    0,    0,    0,    0,    0,    0,    0,    0,    0,    0,    0,    0,    0,    0,    0,    0,    0,    0,    0,    0,    0,    0,    0,    0,    0,    0,    0,    0,    0,    0,    0,    0,    0,    0,    0,    0,    0,    0,    0,    0,    0,    0,    0,    0,    0,    0,   -2,   -7,   -2,    0,    0,   -2,    0,   -9,   -1,    0,    0,    0,   -2,    0,    0,    0,    0,    0,    0,    0,
       0,    0,    0,    0,    0,    0,    0,    0,    0,    0,    0,    0,    0,    0,    0,    0,    0,    0,    0,    0,    0,    0,    0,    0,    0,    0,    0,    0,    0,    0,    0,    0,    0,    0,    0,    0,    0,    0,    0,    0,    0,    0,    0,    0,    0,    0,    0,    0,    0,    0,    0,    0,    0,    0,    0,    0,    0,    0,    0,    0,    0,    0,    0,    0,    0,    0,    0,    0,    0,    0,    0,    0,    0,    0,    0,    0,    0,    0,    0,    0,    0,    0,    0,    0,    0,    0,    0,    0,    0,    0,    0,    0,    0,    0,    0,    0,    0,    0,    0,    0,    0,    0,    0,    0,    0,    0,    0,    0,    0,    0,    0,    0,    0,    0,    0,    0,    0,    0,    0,    0,    0,    0,    0,    0,    0,    0,    0,    0,    0,    0,    0,    0,   -4,   -8,    0,   -6,    0,    0,    0,    0,   -7,    0,    0,    0,   -8,    0,  -11,    0,    0,   -9,    0,    0,    0,    0,    0,    0,    0,    0,    0,    0,    0,
       0,    0,    0,    0,    0,    0,    0,    0,    0,    0,    0,    0,    0,    0,    0,    0,    0,    0,    0,    0,    0,    0,    0,    0,    0,    0,    0,    0,    0,    0,    0,    0,    0,    0,    0,    0,    0,    0,    0,    0,    0,    0,    0,    0,    0,    0,    0,    0,    0,    0,    0,    0,    0,    0,    0,    0,    0,    0,    0,    0,    0,    0,    0,    0,    0,    0,    0,    0,    0,    0,    0,    0,    0,    0,    0,    0,    0,    0,    0,    0,    0,    0,    0,    0,    0,    0,    0,    0,    0,    0,    0,    0,    0,    0,    0,    0,    0,    0,    0,    0,    0,    0,    0,    0,    0,    0,    0,    0,    0,    0,    0,    0,    0,    0,    0,    0,    0,    0,    0,    0,    0,    0,    0,    0,    0,    0,    0,    0,    0,    0,    0,    0,    0,  -13,    0,    0,    0,    0,    0,   -7,    0,   -5,   -6,    0,    0,   -2,   -4,    0,  -10,   -4,    0,    0,   -7,    0,   -7,    0,    0,    0,    0,    0,    0,
       0,    0,    0,    0,    0,    0,    0,    0,    0,    0,    0,    0,    0,    0,    0,    0,    0,    0,    0,    0,    0,    0,    0,    0,    0,    0,    0,    0,    0,    0,    0,    0,    0,    0,    0,    0,    0,    0,    0,    0,    0,    0,    0,    0,    0,    0,    0,    0,    0,    0,    0,    0,    0,    0,    0,    0,    0,    0,    0,    0,    0,    0,    0,    0,    0,    0,    0,    0,    0,    0,    0,    0,    0,    0,    0,    0,    0,    0,    0,    0,    0,    0,    0,    0,    0,    0,    0,    0,    0,    0,    0,    0,    0,    0,    0,    0,    0,    0,    0,    0,    0,    0,    0,    0,    0,    0,    0,    0,    0,    0,    0,    0,    0,    0,    0,    0,    0,    0,    0,    0,    0,    0,    0,    0,    0,    0,    0,    0,    0,    0,    0,    0,    0,   -8,    0,    0,    0,    0,    0,   -1,    0,    0,   -8,    0,   -2,    0,   -4,    0,    0,   -2,    0,    0,   -2,    0,    0,    0,    0,    0,    0,    0,    0,
       0,    0,    0,    0,    0,    0,    0,    0,    0,    0,    0,    0,    0,    0,    0,    0,    0,    0,    0,    0,    0,    0,    0,    0,    0,    0,    0,    0,    0,    0,    0,    0,    0,    0,    0,    0,    0,    0,    0,    0,    0,    0,    0,    0,    0,    0,    0,    0,    0,    0,    0,    0,    0,    0,    0,    0,    0,    0,    0,    0,    0,    0,    0,    0,    0,    0,    0,    0,    0,    0,    0,    0,    0,    0,    0,    0,    0,    0,    0,    0,    0,    0,    0,    0,    0,    0,    0,    0,    0,    0,    0,    0,    0,    0,    0,    0,    0,    0,    0,    0,    0,    0,    0,    0,    0,    0,    0,    0,    0,    0,    0,    0,    0,    0,    0,    0,    0,    0,    0,    0,    0,    0,    0,    0,    0,    0,    0,    0,    0,    0,    0,    0,    0,    0,    0,  -15,    0,  -17,    0,    0,   -5,    0,   -6,   -1,    0,  -11,  -13,  -13,    0,   -8,    0,    0,    0,   -7,    0,    0,    0,    0,    0,    0,    0,
       0,    0,    0,    0,    0,    0,    0,    0,    0,    0,    0,  -25,   -7,   -7,  -38,    0,   -7,   -7,    0,    0,    0,    6,    6,    0,    4,    0,    0,    0,    0,    0,    0,    0,    0,    0,    0,    0,    0,    0,    0,    0,    0,    0,    0,    0,    0,    0,    0,    0,    0,    0,    0,    0,    0,    0,  -44,    0,    0,    0,    0,    0,    0,    0,    0,    0,    0,    0,    0,    0,    0,    0,    0,   -7,    0,    0,    0,    0,  -25,    0,    0,    0,    0,   -7,   -7,    0,    0,    0,    0,    0,    0,    0,    0,    0,    0,    0,    0,    0,    0,    0,    0,    0,    0,    0,    0,    0,    0,    0,    0,    0,    0,    0,    0,    0,    0,    0,    0,    0,    0,    0,    0,    0,    4,    0,    0,    0,    0,    0,    0,    0,    0,    0,    0,    0,    0,    0,    0,    0,    0,    0,    0,    0,    0,    0,    0,    0,    0,    0,    0,    0,    0,    0,    0,    0,    0,    0,    0,    0,    0,    0,    0,    0,    0,
       0,    0,    0,    0,    0,    0,    0,    0,    0,    0,    0,    9,   -8,   -8,    9,    0,   -9,  -10,    5,  -22,   -6,  -25,  -11,    4,  -26,    7,    0,    0,    0,    0,    0,    0,    0,    0,    0,    0,    0,    0,    0,    0,    0,    0,    0,    0,    0,    0,    0,    0,    0,    0,    0,    0,    0,    0,    7,    0,    0,    0,    0,    0,    0,    0,    0,    0,    0,    0,    0,    0,    0,    0,  -22,   -8,    0,    0,    0,    0,    9,    0,    0,    0,    0,   -9,   -9,    4,    0,    0,    0,    0,    0,    0,    0,    0,    0,    0,    0,    0,    0,    0,    0,    0,    0,    0,    0,    0,    0,    0,    0,    0,    0,    0,    0,    0,    0,    0,    0,    0,    0,    0,    0,    0,  -26,    0,    0,    0,    0,    0,    0,    0,    0,    0,    0,    0,    0,    0,    0,    0,    0,    0,    0,    0,    0,    0,    0,    0,    0,    0,    0,    0,    0,    0,    0,    0,    0,    0,    0,    0,    0,    0,    0,    0,    0,
       0,    0,    0,    0,    0,    0,    0,    0,    0,    0,    0,    0,    0,    0,    0,    0,    0,    0,    0,    0,    0,    0,    0,    0,    0,    0,    0,    0,    0,    0,    0,    0,    0,    0,    0,    0,    0,    0,    0,    0,    0,    0,    0,    0,    0,    0,    0,    0,    0,    0,    0,    0,    0,    0,    0,    0,    0,    0,    0,    0,    0,    0,    0,    0,    0,    0,    0,    0,    0,    0,    0,    0,    0,    0,    0,    0,    0,    0,    0,    0,    0,    0,    0,    0,    0,    0,    0,    0,    0,    0,    0,    0,    0,    0,    0,    0,    0,    0,    0,    0,    0,    0,    0,    0,    0,    0,    0,    0,    0,    0,    0,    0,    0,    0,    0,    0,    0,    0,    0,    0,    0,    0,    0,    0,    0,    0,    0,    0,    0,    0,    0,    0,    0,    0,    0,    0,    0,    0,    0,    0,    0,    0,    0,    0,    0,    0,    0,    0,    0,    0,    0,    0,    0,    0,    0,    0,    0,    0,  -13,   -8,  -10,
};

static const EpdLigaturePair ubuntu_10_regularLigaturePairs[] = {
    { 0x00660066, 0xFB00 }, // f f -> U+FB00
    { 0x00660069, 0xFB01 }, // f i -> U+FB01
    { 0x0066006C, 0xFB02 }, // f l -> U+FB02
    { 0xFB000069, 0xFB03 }, // U+FB00 i -> U+FB03
    { 0xFB00006C, 0xFB04 }, // U+FB00 l -> U+FB04
};

static const EpdFontData ubuntu_10_regular = {
    ubuntu_10_regularBitmaps,
    ubuntu_10_regularGlyphs,
    ubuntu_10_regularIntervals,
    73,
    24,
    20,
    -4,
    false,
    nullptr,
    0,
    nullptr,
    ubuntu_10_regularKernLeftClasses,
    ubuntu_10_regularKernRightClasses,
    ubuntu_10_regularKernMatrix,
    441,
    514,
    153,
    161,
    ubuntu_10_regularLigaturePairs,
    5,
};
