/**
 * generated by fontconvert.py
 * name: ubuntu_10_bold
 * size: 10
 * mode: 1-bit
 * Command used: fontconvert.py ubuntu_10_bold 10 ../builtinFonts/source/Ubuntu/Ubuntu-Bold.ttf ../builtinFonts/source/NotoSansHebrew/NotoSansHebrew-Bold.ttf ../builtinFonts/source/NotoSansArabic/NotoSansArabic-Bold.ttf ../builtinFonts/source/Ubuntu/Ubuntu-Vietnamese-Bold.ttf /tmp/tmp.542KGByGpV/NotoSans-UiVietnamese-Bold.ttf --additional-intervals 0x05D0,0x05EA --additional-intervals 0x060C,0x060C --additional-intervals 0x061B,0x061B --additional-intervals 0x061F,0x061F --additional-intervals 0x0621,0x0621 --additional-intervals 0x0640,0x0640 --additional-intervals 0x0660,0x0669 --additional-intervals 0x06BA,0x06BA --additional-intervals 0x06D4,0x06D4 --additional-intervals 0x06F0,0x06F9 --additional-intervals 0xFB56,0xFB59 --additional-intervals 0xFB66,0xFB69 --additional-intervals 0xFB7A,0xFB7D --additional-intervals 0xFB88,0xFB95 --additional-intervals 0xFB9E,0xFB9F --additional-intervals 0xFBA6,0xFBB1 --additional-intervals 0xFBFC,0xFBFF --additional-intervals 0xFE80,0xFEFC --additional-intervals 0x0250,0x02AF --additional-intervals 0x02C8,0x02D0 --additional-intervals 0x03B8,0x03B8
 */
#pragma once
#include "EpdFontData.h"

static const uint8_t ubuntu_10_boldBitmaps[29221] = {
    0xFF, 0xFF, 0xFF, 0xFF, 0xFF, 0x0F, 0xFF, 0xF0, 0xFF, 0xFF, 0xEF, 0xEF, 0xE7, 0xE7, 0x1E, 0xF0,
    0xF7, 0x87, 0x3C, 0x39, 0xCF, 0xFF, 0xFF, 0xFC, 0xF7, 0x87, 0x3C, 0x39, 0xC7, 0xFF, 0xFF, 0xFE,
    0xF7, 0x87, 0xBC, 0x39, 0xE1, 0xCE, 0x00, 0x0F, 0x01, 0xE0, 0x7F, 0x9F, 0xF7, 0xFC, 0xF3, 0x9E,
    0x03, 0xF8, 0x3F, 0xC3, 0xFC, 0x1F, 0x80, 0xF7, 0x1E, 0xFF, 0xDF, 0xFB, 0xFC, 0x0F, 0x01, 0xE0,
    0x3C, 0x00, 0x3E, 0x0E, 0x0F, 0xE3, 0xC1, 0xDC, 0xF0, 0x7B, 0xDE, 0x0F, 0x7F, 0x80, 0xEE, 0xF0,
    0x1F, 0xFC, 0x01, 0xF7, 0x7C, 0x01, 0xFF, 0xC0, 0x3B, 0xBC, 0x0F, 0x73, 0x81, 0xCE, 0x70, 0x79,
    0xDE, 0x1E, 0x3F, 0x83, 0xC3, 0xE0, 0x1F, 0x80, 0x7F, 0x80, 0xFF, 0x81, 0xEF, 0x03, 0xDE, 0x07,
    0xF8, 0x07, 0xE0, 0x1F, 0xDE, 0x7F, 0xBC, 0xE7, 0xF3, 0xC7, 0xE7, 0xC7, 0xC7, 0xFF, 0x8F, 0xFF,
    0x8F, 0xF7, 0x80, 0xFF, 0xEE, 0xEE, 0x1C, 0x3C, 0xF1, 0xE7, 0x8F, 0x1C, 0x78, 0xF1, 0xE3, 0xC7,
    0x8F, 0x0E, 0x1E, 0x3C, 0x3C, 0x78, 0x78, 0xE0, 0x63, 0xCF, 0x1E, 0x78, 0xF3, 0xCF, 0x3C, 0x71,
    0xCF, 0x3C, 0xF3, 0xDE, 0x7B, 0xCF, 0x18, 0x0E, 0x03, 0x87, 0xF9, 0xFF, 0x7F, 0xCF, 0xC3, 0xF8,
    0x6C, 0x1E, 0x07, 0x81, 0xE0, 0x78, 0xFF, 0xFF, 0xFF, 0xFC, 0x78, 0x1E, 0x07, 0x81, 0xE0, 0x7B,
    0xDE, 0xEF, 0x78, 0xFF, 0xFF, 0xF8, 0x77, 0xFE, 0xE0, 0x01, 0xE0, 0x3C, 0x0F, 0x01, 0xE0, 0x3C,
    0x0F, 0x01, 0xE0, 0x38, 0x0F, 0x01, 0xE0, 0x78, 0x0F, 0x01, 0xE0, 0x78, 0x0F, 0x01, 0xE0, 0x78,
    0x0F, 0x01, 0xE0, 0x78, 0x00, 0x1F, 0x83, 0xFC, 0x7F, 0xE7, 0xBE, 0x79, 0xEF, 0x1E, 0xF0, 0xFF,
    0x0F, 0xF0, 0xFF, 0x1E, 0x79, 0xE7, 0xBE, 0x7F, 0xE3, 0xFC, 0x1F, 0x80, 0x0F, 0x1F, 0x3F, 0x7F,
    0xFF, 0x7F, 0x0F, 0x0F, 0x0F, 0x0F, 0x0F, 0x0F, 0x0F, 0x0F, 0x0F, 0x3F, 0x8F, 0xF9, 0xFF, 0xBD,
    0xF2, 0x1E, 0x03, 0x80, 0xF0, 0x3C, 0x0F, 0x03, 0xC0, 0xF0, 0x3C, 0x07, 0xFE, 0xFF, 0xDF, 0xF8,
    0x3F, 0x8F, 0xF9, 0xFF, 0x39, 0xE0, 0x3C, 0x0F, 0x87, 0xE0, 0xFE, 0x03, 0xE0, 0x3C, 0x07, 0xB1,
    0xF7, 0xFD, 0xFF, 0x9F, 0xE0, 0x03, 0xC0, 0x7C, 0x0F, 0xC0, 0xFC, 0x1F, 0xC3, 0xFC, 0x3B, 0xC7,
    0xBC, 0xF3, 0xCF, 0xFF, 0xFF, 0xFF, 0xFF, 0x03, 0xC0, 0x3C, 0x03, 0xC0, 0x3F, 0xE7, 0xFC, 0xFF,
    0x9C, 0x03, 0x80, 0x7E, 0x1F, 0xF3, 0xFE, 0x0F, 0xE0, 0x3C, 0x07, 0xB1, 0xF7, 0xFC, 0xFF, 0x9F,
    0xE0, 0x03, 0xC0, 0xFE, 0x1F, 0xE3, 0xF8, 0x78, 0x07, 0xF8, 0x7F, 0xE7, 0xFE, 0xF9, 0xEF, 0x0F,
    0x78, 0xE7, 0xDE, 0x7F, 0xE3, 0xFC, 0x1F, 0x80, 0x7F, 0xE7, 0xFE, 0x7F, 0xE0, 0x3E, 0x03, 0xC0,
    0x78, 0x07, 0x80, 0x70, 0x0F, 0x00, 0xF0, 0x0E, 0x01, 0xE0, 0x1E, 0x01, 0xE0, 0x1E, 0x00, 0x1F,
    0x83, 0xFC, 0x7F, 0xE7, 0x9E, 0x79, 0xE7, 0x9E, 0x7F, 0xC3, 0xFC, 0x3F, 0xE7, 0xBE, 0x70, 0xE7,
    0x9E, 0x7F, 0xE7, 0xFE, 0x3F, 0x80, 0x1F, 0x83, 0xFC, 0x7F, 0xEF, 0xBE, 0xF1, 0xEF, 0x1E, 0xF9,
    0xE7, 0xFE, 0x7F, 0xE3, 0xFE, 0x01, 0xE0, 0xFC, 0x7F, 0xC7, 0xF0, 0x7E, 0x00, 0x77, 0xFE, 0xE0,
    0x00, 0x0E, 0xFF, 0xDC, 0x77, 0xFE, 0xE0, 0x00, 0x00, 0x7B, 0xDE, 0xEF, 0x78, 0x01, 0xC3, 0xF3,
    0xFF, 0xFE, 0xFE, 0x3C, 0x0F, 0xE3, 0xFE, 0x3F, 0xC3, 0xF0, 0x1C, 0xFF, 0xFF, 0xFF, 0xFC, 0x00,
    0x00, 0x3F, 0xFF, 0xFF, 0xFF, 0xE0, 0x3F, 0x0F, 0xF1, 0xFF, 0x1F, 0xC1, 0xF1, 0xFD, 0xFF, 0xFF,
    0x3F, 0x0E, 0x00, 0x7F, 0x3F, 0xEF, 0xF9, 0x9E, 0x07, 0x81, 0xE0, 0xF8, 0x7C, 0x1E, 0x0F, 0x03,
    0xC0, 0x00, 0x3C, 0x0F, 0x03, 0xC0, 0xF0, 0x07, 0xFC, 0x03, 0xFF, 0xE0, 0xFC, 0x7E, 0x3E, 0x03,
    0xE7, 0x3F, 0xDD, 0xEF, 0xFB, 0xB9, 0xEF, 0x7F, 0x79, 0xE7, 0xEF, 0x3C, 0xFD, 0xE7, 0xBF, 0xBC,
    0xF7, 0x73, 0xDE, 0xEF, 0x7F, 0xF8, 0xE7, 0xFE, 0x1E, 0x00, 0x01, 0xF8, 0xC0, 0x1F, 0xFC, 0x00,
    0xFF, 0x80, 0x07, 0xC0, 0x0F, 0x80, 0x1F, 0x80, 0x7F, 0x00, 0xFE, 0x03, 0xDE, 0x07, 0xBC, 0x0E,
    0x3C, 0x3C, 0x78, 0x7F, 0xF1, 0xFF, 0xF3, 0xFF, 0xE7, 0x83, 0xDE, 0x03, 0xFC, 0x07, 0x80, 0xFF,
    0xC7, 0xFF, 0x3F, 0xFD, 0xE3, 0xEF, 0x1F, 0x7F, 0xF3, 0xFF, 0x9F, 0xFE, 0xF1, 0xF7, 0x87, 0xBC,
    0x3D, 0xE3, 0xEF, 0xFF, 0x7F, 0xF3, 0xFF, 0x00, 0x0F, 0xF1, 0xFF, 0x9F, 0xFC, 0xFD, 0xEF, 0x80,
    0x78, 0x03, 0xC0, 0x1E, 0x00, 0xF0, 0x07, 0x80, 0x3E, 0x01, 0xF8, 0xE7, 0xFF, 0x1F, 0xF8, 0x7F,
    0xC0, 0xFF, 0xC3, 0xFF, 0x8F, 0xFF, 0x3C, 0x7E, 0xF0, 0x7B, 0xC1, 0xFF, 0x03, 0xFC, 0x0F, 0xF0,
    0x3F, 0xC1, 0xFF, 0x07, 0xBC, 0x7E, 0xFF, 0xF3, 0xFF, 0x8F, 0xFC, 0x00, 0xFF, 0xFF, 0xFF, 0xFF,
    0xF8, 0x0F, 0x01, 0xE0, 0x3F, 0xF7, 0xFE, 0xFF, 0xDE, 0x03, 0xC0, 0x78, 0x0F, 0xFF, 0xFF, 0xFF,
    0xF8, 0xFF, 0xFF, 0xFF, 0xFF, 0xF8, 0x0F, 0x01, 0xE0, 0x3F, 0xF7, 0xFE, 0xFF, 0xDE, 0x03, 0xC0,
    0x78, 0x0F, 0x01, 0xE0, 0x3C, 0x00, 0x0F, 0xF1, 0xFF, 0x9F, 0xFC, 0xFC, 0xEF, 0x80, 0x78, 0x03,
    0xC0, 0x1E, 0x0F, 0xF0, 0x7F, 0x83, 0xFE, 0x1E, 0xF8, 0xF7, 0xFF, 0x9F, 0xFC, 0x7F, 0xC0, 0xF0,
    0x7F, 0x83, 0xFC, 0x1F, 0xE0, 0xFF, 0x07, 0xF8, 0x3F, 0xFF, 0xFF, 0xFF, 0xFF, 0xFF, 0x83, 0xFC,
    0x1F, 0xE0, 0xFF, 0x07, 0xF8, 0x3F, 0xC1, 0xE0, 0xFF, 0xFF, 0xFF, 0xFF, 0xFF, 0xFF, 0xFF, 0xF0,
    0x03, 0xC0, 0xF0, 0x3C, 0x0F, 0x03, 0xC0, 0xF0, 0x3C, 0x0F, 0x03, 0xC0, 0xF0, 0x3D, 0x9F, 0xFF,
    0xFF, 0xE7, 0xF0, 0xF0, 0xFB, 0xC7, 0xCF, 0x3E, 0x3D, 0xF0, 0xFF, 0x83, 0xFC, 0x0F, 0xE0, 0x3F,
    0xC0, 0xFF, 0x83, 0xDF, 0x0F, 0x3C, 0x3C, 0xF8, 0xF1, 0xF3, 0xC3, 0xCF, 0x0F, 0x80, 0xF0, 0x1E,
    0x03, 0xC0, 0x78, 0x0F, 0x01, 0xE0, 0x3C, 0x07, 0x80, 0xF0, 0x1E, 0x03, 0xC0, 0x78, 0x0F, 0xFF,
    0xFF, 0xFF, 0xF8, 0x78, 0x0F, 0x3E, 0x0F, 0x9F, 0x07, 0xCF, 0xC7, 0xE7, 0xE3, 0xF7, 0xF1, 0xFB,
    0xFD, 0xFD, 0xEE, 0xEF, 0xF7, 0xF7, 0xFB, 0xF3, 0xFC, 0xF9, 0xFE, 0x7C, 0xFF, 0x1C, 0x7F, 0x80,
    0x3F, 0xC0, 0x1E, 0xF0, 0x3F, 0xE0, 0xFF, 0xC3, 0xFF, 0x8F, 0xFE, 0x3F, 0xFC, 0xFF, 0x7B, 0xFD,
    0xEF, 0xF3, 0xFF, 0xC7, 0xFF, 0x1F, 0xFC, 0x3F, 0xF0, 0x7F, 0xC1, 0xFF, 0x03, 0xC0, 0x0F, 0xE0,
    0x7F, 0xE1, 0xFF, 0xE3, 0xE7, 0xEF, 0x83, 0xDE, 0x07, 0xFC, 0x07, 0xF8, 0x0F, 0xF0, 0x1F, 0xE0,
    0x7F, 0xE0, 0xF3, 0xE7, 0xE7, 0xFF, 0x87, 0xFF, 0x03, 0xF8, 0x00, 0xFF, 0xCF, 0xFE, 0xFF, 0xFF,
    0x1F, 0xF0, 0xFF, 0x0F, 0xF3, 0xFF, 0xFF, 0xFF, 0xEF, 0xFC, 0xF0, 0x0F, 0x00, 0xF0, 0x0F, 0x00,
    0xF0, 0x00, 0x0F, 0xE0, 0x7F, 0xE1, 0xFF, 0xE3, 0xE7, 0xEF, 0x83, 0xDE, 0x07, 0xFC, 0x07, 0xF8,
    0x0F, 0xF0, 0x1F, 0xE0, 0x7F, 0xE0, 0xF3, 0xE7, 0xE7, 0xFF, 0x87, 0xFF, 0x07, 0xF8, 0x01, 0xF8,
    0x01, 0xFC, 0x01, 0xF0, 0xFF, 0x87, 0xFF, 0x3F, 0xF9, 0xE7, 0xEF, 0x0F, 0x78, 0x7B, 0xCF, 0xDF,
    0xFE, 0xFF, 0xE7, 0xFE, 0x3C, 0xF1, 0xE7, 0xCF, 0x1F, 0x78, 0x7B, 0xC3, 0xE0, 0x1F, 0xC3, 0xFE,
    0x7F, 0xE7, 0xCC, 0x78, 0x07, 0xC0, 0x7F, 0x83, 0xFC, 0x0F, 0xE0, 0x1F, 0x00, 0xF7, 0x1F, 0x7F,
    0xE7, 0xFE, 0x7F, 0xC0, 0xFF, 0xFF, 0xFF, 0xFF, 0xFE, 0x1E, 0x00, 0xF0, 0x07, 0x80, 0x3C, 0x01,
    0xE0, 0x0F, 0x00, 0x78, 0x03, 0xC0, 0x1E, 0x00, 0xF0, 0x07, 0x80, 0x3C, 0x00, 0xF0, 0x7F, 0x83,
    0xFC, 0x1F, 0xE0, 0xFF, 0x07, 0xF8, 0x3F, 0xC1, 0xFE, 0x0F, 0xF0, 0x7F, 0x83, 0xFC, 0x3F, 0xFB,
    0xE7, 0xFF, 0x1F, 0xF0, 0x7F, 0x00, 0xF0, 0x1F, 0xF0, 0x3D, 0xE0, 0xFB, 0xC1, 0xE7, 0xC3, 0xC7,
    0x8F, 0x0F, 0x1E, 0x1F, 0x3C, 0x1E, 0xF0, 0x3D, 0xE0, 0x3F, 0x80, 0x7F, 0x00, 0x7E, 0x00, 0xF8,
    0x01, 0xF0, 0x00, 0xF0, 0x00, 0xFF, 0x80, 0x1F, 0x78, 0xF1, 0xE7, 0x8F, 0x1E, 0x78, 0xF9, 0xE7,
    0x9F, 0x9E, 0x7D, 0xF9, 0xC3, 0xDF, 0xBC, 0x3F, 0xFF, 0xC3, 0xF9, 0xFC, 0x3F, 0x9F, 0x81, 0xF9,
    0xF8, 0x1F, 0x0F, 0x81, 0xF0, 0xF8, 0x0F, 0x0F, 0x00, 0xF8, 0x7D, 0xF1, 0xE3, 0xCF, 0x8F, 0xFC,
    0x1F, 0xE0, 0x3F, 0x80, 0xFC, 0x01, 0xF0, 0x0F, 0xC0, 0x7F, 0x81, 0xFF, 0x0F, 0xFC, 0x7C, 0xF9,
    0xE1, 0xFF, 0x87, 0xC0, 0xF8, 0x3F, 0xE1, 0xE7, 0xC7, 0x8F, 0x3C, 0x3F, 0xF0, 0x7F, 0x81, 0xFE,
    0x03, 0xF0, 0x0F, 0x80, 0x1E, 0x00, 0x78, 0x01, 0xE0, 0x07, 0x80, 0x1E, 0x00, 0x78, 0x00, 0x7F,
    0xF3, 0xFF, 0x9F, 0xFC, 0x03, 0xE0, 0x3E, 0x03, 0xE0, 0x3E, 0x01, 0xE0, 0x1F, 0x01, 0xF0, 0x0F,
    0x00, 0xF8, 0x07, 0xFF, 0xFF, 0xFF, 0xFF, 0xE0, 0x7E, 0xFD, 0xFB, 0x87, 0x0E, 0x1C, 0x38, 0x70,
    0xE1, 0xC3, 0x87, 0x0E, 0x1C, 0x38, 0x70, 0xFD, 0xFB, 0xF0, 0xF0, 0x0F, 0x01, 0xE0, 0x3C, 0x03,
    0xC0, 0x78, 0x0F, 0x00, 0xF0, 0x1E, 0x03, 0xC0, 0x3C, 0x07, 0x80, 0xF0, 0x0F, 0x01, 0xE0, 0x1C,
    0x03, 0xC0, 0x78, 0x07, 0x80, 0xF0, 0xFF, 0xFF, 0xC7, 0x1C, 0x71, 0xC7, 0x1C, 0x71, 0xC7, 0x1C,
    0x71, 0xC7, 0x1F, 0xFF, 0xFF, 0x0F, 0x01, 0xF0, 0x1F, 0x83, 0xFC, 0x3F, 0xC7, 0x9E, 0x79, 0xEF,
    0x0F, 0x70, 0xE0, 0xFF, 0xFF, 0xFF, 0xFF, 0x80, 0x63, 0xCF, 0x8E, 0x18, 0x3F, 0x87, 0xF8, 0xFF,
    0x19, 0xF3, 0xFE, 0xFF, 0xDE, 0x7F, 0xCF, 0x7F, 0xEF, 0xFC, 0xFF, 0x00, 0xF0, 0x1E, 0x03, 0xC0,
    0x78, 0x0F, 0x01, 0xFF, 0x3F, 0xF7, 0xFF, 0xFB, 0xFE, 0x3F, 0xC7, 0xF8, 0xFF, 0x3F, 0xFF, 0xBF,
    0xF7, 0xF8, 0x1F, 0xCF, 0xF7, 0xFD, 0xF2, 0x78, 0x1E, 0x07, 0x81, 0xF3, 0x7F, 0xCF, 0xF1, 0xFC,
    0x00, 0xF0, 0x0F, 0x00, 0xF0, 0x0F, 0x00, 0xF1, 0xFF, 0x3F, 0xF7, 0xFF, 0x7D, 0xF7, 0x8F, 0x78,
    0xF7, 0x8F, 0x7C, 0xF7, 0xFF, 0x3F, 0xF1, 0xFE, 0x1F, 0x83, 0xFE, 0x7F, 0xE7, 0x9F, 0x7F, 0xF7,
    0xFF, 0x78, 0x07, 0xC6, 0x7F, 0xE3, 0xFE, 0x1F, 0xE0, 0x3F, 0x3F, 0xBF, 0xDF, 0x6F, 0x07, 0xFB,
    0xFD, 0xFE, 0xF0, 0x78, 0x3C, 0x1E, 0x0F, 0x07, 0x83, 0xC1, 0xE0, 0x1F, 0xE7, 0xFD, 0xFF, 0xBE,
    0xF7, 0x9E, 0xF3, 0xDE, 0x7B, 0xFF, 0x3F, 0xE3, 0xFC, 0x07, 0x99, 0xF7, 0xFE, 0xFF, 0x9F, 0xE0,
    0xF0, 0x3C, 0x0F, 0x03, 0xC0, 0xF0, 0x3F, 0xEF, 0xFF, 0xFF, 0xF3, 0xFC, 0xFF, 0x3F, 0xCF, 0xF3,
    0xFC, 0xFF, 0x3F, 0xCF, 0xFF, 0xFF, 0x0F, 0xFF, 0xFF, 0xFF, 0xFF, 0xFF, 0x1E, 0x3C, 0x78, 0xF0,
    0x03, 0xC7, 0x8F, 0x1E, 0x3C, 0x78, 0xF1, 0xE3, 0xC7, 0x8F, 0x1F, 0xFF, 0xF7, 0xC0, 0xF0, 0x1E,
    0x03, 0xC0, 0x78, 0x0F, 0x01, 0xE7, 0xFD, 0xF7, 0xFC, 0xFF, 0x1F, 0xC3, 0xFC, 0x7F, 0x8F, 0x79,
    0xEF, 0xBC, 0xFF, 0x8F, 0xF3, 0xCF, 0x3C, 0xF3, 0xCF, 0x3C, 0xF3, 0xCF, 0x3C, 0xFB, 0xF7, 0x9E,
    0xFF, 0xFC, 0xFF, 0xFE, 0xFF, 0xFF, 0xF7, 0xDF, 0xF3, 0xCF, 0xF3, 0xCF, 0xF3, 0xCF, 0xF3, 0xCF,
    0xF3, 0xCF, 0xF3, 0xCF, 0xF3, 0xCF, 0xFF, 0xBF, 0xEF, 0xFF, 0xCF, 0xF3, 0xFC, 0xFF, 0x3F, 0xCF,
    0xF3, 0xFC, 0xFF, 0x3C, 0x1F, 0xC3, 0xFE, 0x7F, 0xE7, 0xDF, 0x78, 0xF7, 0x8F, 0x78, 0xF7, 0xDF,
    0x7F, 0xE3, 0xFE, 0x1F, 0xC0, 0xFF, 0x1F, 0xFB, 0xFF, 0x79, 0xFF, 0x1F, 0xE3, 0xFC, 0x7F, 0x9F,
    0xFF, 0xDF, 0xFB, 0xFE, 0x78, 0x0F, 0x01, 0xE0, 0x3C, 0x00, 0x1F, 0xE3, 0xFF, 0x7F, 0xF7, 0xCF,
    0x78, 0xF7, 0x8F, 0x78, 0xF7, 0xDF, 0x7F, 0xF3, 0xFF, 0x1F, 0xF0, 0x0F, 0x00, 0xF0, 0x0F, 0x00,
    0xF0, 0xFF, 0xFF, 0xFF, 0xF2, 0xF0, 0xF0, 0xF0, 0xF0, 0xF0, 0xF0, 0xF0, 0x3F, 0x9F, 0xE7, 0xF9,
    0xE6, 0x7F, 0x9F, 0xE3, 0xFD, 0x8F, 0x7F, 0xDF, 0xE7, 0xF0, 0xF0, 0xF0, 0xF0, 0xFF, 0xFF, 0xFF,
    0xF0, 0xF0, 0xF0, 0xF0, 0xFA, 0xFF, 0x7F, 0x3F, 0xF3, 0xFC, 0xFF, 0x3F, 0xCF, 0xF3, 0xFC, 0xFF,
    0x3F, 0xEF, 0xFF, 0xDF, 0xF3, 0xFC, 0xF0, 0xFF, 0x1E, 0x79, 0xE7, 0x9E, 0x7B, 0xC3, 0xFC, 0x3F,
    0x83, 0xF8, 0x1F, 0x81, 0xF0, 0x0F, 0x00, 0xF1, 0xC7, 0x79, 0xE7, 0x9C, 0xF3, 0xCF, 0x7D, 0xE7,
    0xBE, 0xE1, 0xFF, 0xF0, 0xFF, 0xF8, 0x7E, 0xF8, 0x1E, 0x7C, 0x0F, 0x3E, 0x07, 0x8E, 0x00, 0xF1,
    0xE7, 0x9E, 0x3F, 0xC3, 0xF8, 0x1F, 0x80, 0xF0, 0x1F, 0x83, 0xFC, 0x7B, 0xC7, 0x9E, 0xF1, 0xF0,
    0xF0, 0xFF, 0x1E, 0x79, 0xE7, 0x9E, 0x7B, 0xC3, 0xFC, 0x3F, 0x81, 0xF8, 0x1F, 0x81, 0xF0, 0x0F,
    0x01, 0xE0, 0xFE, 0x0F, 0xC0, 0xF8, 0x00, 0x7F, 0xDF, 0xF7, 0xFC, 0x1E, 0x0F, 0x07, 0x83, 0xC1,
    0xE0, 0x7F, 0xFF, 0xFF, 0xFC, 0x0F, 0x1F, 0x3F, 0x3C, 0x3C, 0x3C, 0x3C, 0x3C, 0x7C, 0xF8, 0xF8,
    0xFC, 0x7C, 0x3C, 0x3C, 0x3C, 0x3C, 0x3F, 0x1F, 0x1F, 0x77, 0x77, 0x77, 0x77, 0x77, 0x77, 0x77,
    0x77, 0x77, 0x77, 0xF0, 0xF8, 0xF8, 0x7C, 0x3C, 0x3C, 0x3C, 0x3C, 0x3C, 0x1E, 0x1E, 0x3E, 0x3C,
    0x3C, 0x3C, 0x3C, 0x7C, 0xF8, 0xF8, 0xF0, 0x3C, 0x77, 0xFF, 0x7F, 0xEF, 0xFE, 0xE3, 0xC0, 0xFF,
    0xFF, 0x0F, 0xFF, 0xFF, 0xFF, 0xFF, 0xF0, 0x0F, 0x03, 0xC0, 0xF0, 0x7F, 0x3F, 0xDF, 0xF7, 0xC9,
    0xE0, 0x78, 0x1F, 0x37, 0xFC, 0xFF, 0x1F, 0xC3, 0xC0, 0xF0, 0x3C, 0x0F, 0xC3, 0xF8, 0xFF, 0x1F,
    0x63, 0xC0, 0x78, 0x3F, 0xE7, 0xFC, 0xFF, 0x87, 0x80, 0xF0, 0x1E, 0x03, 0xFE, 0x7F, 0xDF, 0xF8,
    0x00, 0x07, 0x0E, 0xFF, 0xF7, 0xFE, 0x3B, 0xC7, 0x9E, 0x79, 0xE3, 0xBC, 0x7F, 0xEF, 0xFF, 0x70,
    0xC0, 0x78, 0x79, 0xF3, 0xE3, 0xCF, 0x0F, 0x3C, 0x1F, 0xE0, 0x7F, 0x80, 0xFC, 0x0F, 0xFC, 0x3F,
    0xF0, 0x1E, 0x00, 0x78, 0x0F, 0xFC, 0x3F, 0xF0, 0x1E, 0x00, 0x78, 0x00, 0xFF, 0xFF, 0xFF, 0xFF,
    0x00, 0x00, 0xFF, 0xFF, 0xFF, 0xFF, 0x1F, 0xC7, 0xF9, 0xFF, 0x3C, 0xC7, 0x80, 0x7E, 0x0F, 0xE3,
    0xFE, 0x73, 0xDE, 0x39, 0xE7, 0x3F, 0xE3, 0xF8, 0x3F, 0x80, 0xF3, 0x9E, 0x7F, 0xDF, 0xF9, 0xFE,
    0x00, 0x77, 0xFB, 0xDD, 0xE0, 0x0F, 0xE0, 0x7F, 0xE1, 0xF3, 0xE3, 0x80, 0xEE, 0x7D, 0xDD, 0xF9,
    0xFB, 0x93, 0xFF, 0x07, 0xEE, 0x4F, 0xDF, 0x9F, 0x9F, 0x73, 0x80, 0xE7, 0xCF, 0x87, 0xFE, 0x03,
    0xF8, 0x00, 0x7E, 0x7F, 0x0F, 0x7F, 0xFF, 0xFF, 0xFF, 0x7F, 0x00, 0x01, 0xC7, 0x3C, 0xF7, 0xDE,
    0x7B, 0xEF, 0xBC, 0x7B, 0xE7, 0xDE, 0x3C, 0xF1, 0xC7, 0x00, 0x00, 0xFF, 0xFF, 0xFF, 0xFC, 0x07,
    0x01, 0xC0, 0x70, 0x1C, 0x07, 0xFF, 0xFF, 0xF8, 0x0F, 0xE0, 0x7F, 0xE1, 0xF3, 0xE3, 0x80, 0xEE,
    0xFD, 0xDD, 0xFD, 0xFB, 0xBB, 0xF7, 0xE7, 0xEF, 0xCF, 0xDF, 0x9F, 0xBB, 0xF3, 0x80, 0xE7, 0xCF,
    0x87, 0xFE, 0x03, 0xF8, 0x00, 0xFF, 0xFF, 0x7C, 0xFE, 0xEE, 0xEE, 0xFE, 0x7C, 0x1E, 0x07, 0x81,
    0xE0, 0x78, 0xFF, 0xFF, 0xFF, 0xFC, 0x78, 0x1E, 0x07, 0x81, 0xE0, 0x00, 0xFF, 0xFF, 0xFF, 0xFC,
    0x7D, 0xFD, 0xB8, 0xF3, 0xCF, 0x1C, 0x7F, 0xFE, 0xFD, 0xFD, 0x79, 0xE3, 0xE1, 0xD3, 0xFF, 0xFC,
    0x10, 0xE7, 0xBC, 0x60, 0xF3, 0xFC, 0xFF, 0x3F, 0xCF, 0xF3, 0xFC, 0xFF, 0x3F, 0xEF, 0xFF, 0xFF,
    0xFF, 0xFF, 0xC0, 0xF0, 0x3C, 0x0F, 0x00, 0x0F, 0xF8, 0xFF, 0xF7, 0xFF, 0xDF, 0xEF, 0x7F, 0xBD,
    0xFE, 0xF7, 0xFB, 0xDF, 0xEF, 0x3F, 0xBC, 0x3E, 0xF0, 0x7B, 0xC1, 0xEF, 0x07, 0xBC, 0x1E, 0xF0,
    0x7B, 0xC1, 0xEF, 0x07, 0xBC, 0x1E, 0xF0, 0x7B, 0xC0, 0x77, 0xFE, 0xE0, 0x18, 0xE3, 0xDF, 0x7D,
    0xE0, 0x1D, 0xF7, 0xDF, 0x1C, 0x71, 0xC7, 0x1C, 0x3E, 0x3F, 0x9D, 0xFE, 0x7F, 0x3B, 0xBD, 0xFC,
    0x7E, 0x00, 0x03, 0x8E, 0x1E, 0xF0, 0xF3, 0xC3, 0xDF, 0x1F, 0x78, 0xF7, 0xCF, 0x3C, 0x7B, 0xC3,
    0x8E, 0x00, 0x00, 0x3C, 0x1C, 0x0F, 0x87, 0x83, 0xF0, 0xF0, 0x3E, 0x3C, 0x01, 0xC7, 0x80, 0x39,
    0xE0, 0x07, 0x3C, 0xF0, 0xEF, 0x3E, 0x1D, 0xEF, 0xC0, 0x7B, 0xB8, 0x0E, 0x7F, 0x03, 0xCF, 0xE0,
    0x70, 0x1C, 0x1E, 0x03, 0x83, 0x80, 0x00, 0x3C, 0x3C, 0x1F, 0x0F, 0x0F, 0xC7, 0x81, 0xF1, 0xC0,
    0x1C, 0xF0, 0x07, 0x38, 0x01, 0xDE, 0xF8, 0x77, 0x7E, 0x1F, 0xCF, 0xC0, 0xE0, 0xF0, 0x78, 0x78,
    0x1C, 0x3C, 0x0F, 0x0E, 0x03, 0x87, 0xF1, 0xE1, 0xFC, 0x7C, 0x1E, 0x0F, 0xC3, 0xC1, 0xB8, 0xF0,
    0x1E, 0x1E, 0x03, 0xE7, 0x80, 0x1C, 0xE0, 0x13, 0xBC, 0xF7, 0xF7, 0x3E, 0xFD, 0xEF, 0xC0, 0x3B,
    0xB8, 0x0F, 0x7F, 0x01, 0xCF, 0xE0, 0x78, 0x1C, 0x0E, 0x03, 0x83, 0xC0, 0x00, 0x0E, 0x07, 0xC1,
    0xF0, 0x38, 0x00, 0x03, 0x81, 0xE0, 0xF8, 0x7C, 0x1E, 0x0F, 0x03, 0xEE, 0xFF, 0x9F, 0xE3, 0xF8,
    0x03, 0x00, 0x0E, 0x00, 0x1E, 0x00, 0x1E, 0x00, 0x1C, 0x00, 0x00, 0x01, 0xF0, 0x03, 0xE0, 0x07,
    0xE0, 0x1F, 0xC0, 0x3F, 0x80, 0xF7, 0x81, 0xEF, 0x03, 0x8F, 0x0F, 0x1E, 0x1F, 0xFC, 0x7F, 0xFC,
    0xFF, 0xF9, 0xE0, 0xF7, 0x80, 0xFF, 0x01, 0xE0, 0x01, 0x80, 0x03, 0x80, 0x0F, 0x00, 0x3C, 0x00,
    0x70, 0x00, 0x00, 0x01, 0xF0, 0x03, 0xE0, 0x07, 0xE0, 0x1F, 0xC0, 0x3F, 0x80, 0xF7, 0x81, 0xEF,
    0x03, 0x8F, 0x0F, 0x1E, 0x1F, 0xFC, 0x7F, 0xFC, 0xFF, 0xF9, 0xE0, 0xF7, 0x80, 0xFF, 0x01, 0xE0,
    0x01, 0x80, 0x07, 0x00, 0x1F, 0x00, 0x7F, 0x00, 0x44, 0x00, 0x00, 0x01, 0xF0, 0x03, 0xE0, 0x07,
    0xE0, 0x1F, 0xC0, 0x3F, 0x80, 0xF7, 0x81, 0xEF, 0x03, 0x8F, 0x0F, 0x1E, 0x1F, 0xFC, 0x7F, 0xFC,
    0xFF, 0xF9, 0xE0, 0xF7, 0x80, 0xFF, 0x01, 0xE0, 0x0F, 0x60, 0x1F, 0xE0, 0x37, 0x80, 0x00, 0x00,
    0x7C, 0x00, 0xF8, 0x01, 0xF8, 0x07, 0xF0, 0x0F, 0xE0, 0x3D, 0xE0, 0x7B, 0xC0, 0xE3, 0xC3, 0xC7,
    0x87, 0xFF, 0x1F, 0xFF, 0x3F, 0xFE, 0x78, 0x3D, 0xE0, 0x3F, 0xC0, 0x78, 0x1E, 0xE0, 0x3D, 0xE0,
    0x7B, 0x80, 0x00, 0x00, 0x7C, 0x00, 0xF8, 0x01, 0xF8, 0x07, 0xF0, 0x0F, 0xE0, 0x3D, 0xE0, 0x7B,
    0xC0, 0xE3, 0xC3, 0xC7, 0x87, 0xFF, 0x1F, 0xFF, 0x3F, 0xFE, 0x78, 0x3D, 0xE0, 0x3F, 0xC0, 0x78,
    0x07, 0xC0, 0x0D, 0x80, 0x1B, 0x00, 0x3E, 0x00, 0x7C, 0x00, 0xF8, 0x03, 0xF8, 0x07, 0xF0, 0x0F,
    0xF0, 0x3D, 0xE0, 0x7B, 0xC1, 0xE3, 0xC3, 0xC7, 0x87, 0xFF, 0x1F, 0xFF, 0x3F, 0xFE, 0x78, 0x3D,
    0xE0, 0x3F, 0xC0, 0x78, 0x00, 0xFF, 0xF0, 0x07, 0xFF, 0x80, 0x7F, 0xFC, 0x03, 0xF8, 0x00, 0x3F,
    0xC0, 0x03, 0xDE, 0x00, 0x1E, 0xFF, 0x81, 0xE7, 0xFC, 0x0F, 0x3F, 0xE0, 0xFF, 0xE0, 0x0F, 0xFF,
    0x00, 0x7F, 0xF8, 0x07, 0xC3, 0xFF, 0xBC, 0x1F, 0xFF, 0xC0, 0xFF, 0xE0, 0x0F, 0xF1, 0xFF, 0x9F,
    0xFC, 0xFD, 0xEF, 0x80, 0x78, 0x03, 0xC0, 0x1E, 0x00, 0xF0, 0x07, 0x80, 0x3E, 0x00, 0xF8, 0xE7,
    0xFF, 0x1F, 0xF8, 0x3F, 0xC0, 0xE0, 0x07, 0x80, 0x1C, 0x03, 0xE0, 0x1F, 0x00, 0x0C, 0x03, 0x80,
    0x78, 0x07, 0x80, 0x70, 0x00, 0x3F, 0xFF, 0xFF, 0xFF, 0xFE, 0x03, 0xC0, 0x78, 0x0F, 0xFD, 0xFF,
    0xBF, 0xF7, 0x80, 0xF0, 0x1E, 0x03, 0xFF, 0xFF, 0xFF, 0xFE, 0x02, 0x00, 0xE0, 0x3C, 0x0F, 0x01,
    0xC0, 0x00, 0x3F, 0xFF, 0xFF, 0xFF, 0xFE, 0x03, 0xC0, 0x78, 0x0F, 0xFD, 0xFF, 0xBF, 0xF7, 0x80,
    0xF0, 0x1E, 0x03, 0xFF, 0xFF, 0xFF, 0xFE, 0x06, 0x01, 0xE0, 0x7E, 0x1F, 0xC1, 0x98, 0x00, 0x3F,
    0xFF, 0xFF, 0xFF, 0xFE, 0x03, 0xC0, 0x78, 0x0F, 0xFD, 0xFF, 0xBF, 0xF7, 0x80, 0xF0, 0x1E, 0x03,
    0xFF, 0xFF, 0xFF, 0xFE, 0x3B, 0xCF, 0x78, 0xEF, 0x00, 0x0F, 0xFF, 0xFF, 0xFF, 0xFF, 0x80, 0xF0,
    0x1E, 0x03, 0xFF, 0x7F, 0xEF, 0xFD, 0xE0, 0x3C, 0x07, 0x80, 0xFF, 0xFF, 0xFF, 0xFF, 0x80, 0x21,
    0xC7, 0x8F, 0x1C, 0x07, 0x9E, 0x79, 0xE7, 0x9E, 0x79, 0xE7, 0x9E, 0x79, 0xE7, 0x9E, 0x78, 0x33,
    0xDF, 0xEE, 0x03, 0xDE, 0xF7, 0xBD, 0xEF, 0x7B, 0xDE, 0xF7, 0xBD, 0xEF, 0x00, 0x30, 0xF3, 0xF7,
    0xFC, 0xC0, 0x1E, 0x3C, 0x78, 0xF1, 0xE3, 0xC7, 0x8F, 0x1E, 0x3C, 0x78, 0xF1, 0xE3, 0xC7, 0x80,
    0xF7, 0x7B, 0xFD, 0xC0, 0x03, 0xC1, 0xE0, 0xF0, 0x78, 0x3C, 0x1E, 0x0F, 0x07, 0x83, 0xC1, 0xE0,
    0xF0, 0x78, 0x3C, 0x1E, 0x0F, 0x00, 0x3F, 0xE0, 0x7F, 0xF0, 0xFF, 0xF1, 0xE7, 0xE3, 0xC3, 0xE7,
    0x83, 0xFF, 0xC7, 0xFF, 0x8F, 0x3C, 0x1E, 0x78, 0x3C, 0xF0, 0xF9, 0xE7, 0xE3, 0xFF, 0x87, 0xFE,
    0x0F, 0xF8, 0x00, 0x0F, 0x60, 0x7F, 0x81, 0xBC, 0x00, 0x00, 0xF0, 0x3F, 0xE0, 0xFF, 0xC3, 0xFF,
    0x8F, 0xFE, 0x3F, 0xFC, 0xFF, 0x7B, 0xFD, 0xEF, 0xF3, 0xFF, 0xC7, 0xFF, 0x1F, 0xFC, 0x3F, 0xF0,
    0x7F, 0xC1, 0xFF, 0x03, 0xC0, 0x02, 0x00, 0x0E, 0x00, 0x1E, 0x00, 0x1E, 0x00, 0x1C, 0x00, 0x00,
    0x03, 0xF8, 0x1F, 0xF8, 0x7F, 0xF8, 0xF9, 0xFB, 0xE0, 0xF7, 0x81, 0xFF, 0x01, 0xFE, 0x03, 0xFC,
    0x07, 0xF8, 0x1F, 0xF8, 0x3C, 0xF9, 0xF9, 0xFF, 0xE1, 0xFF, 0xC0, 0xFE, 0x00, 0x01, 0x80, 0x07,
    0x80, 0x0F, 0x00, 0x3C, 0x00, 0x60, 0x00, 0x00, 0x03, 0xF8, 0x1F, 0xF8, 0x7F, 0xF8, 0xF9, 0xFB,
    0xE0, 0xF7, 0x81, 0xFF, 0x01, 0xFE, 0x03, 0xFC, 0x07, 0xF8, 0x1F, 0xF8, 0x3C, 0xF9, 0xF9, 0xFF,
    0xE1, 0xFF, 0xC0, 0xFE, 0x00, 0x03, 0x00, 0x0F, 0x00, 0x3F, 0x00, 0x7F, 0x00, 0xCC, 0x00, 0x00,
    0x03, 0xF8, 0x1F, 0xF8, 0x7F, 0xF8, 0xF9, 0xFB, 0xE0, 0xF7, 0x81, 0xFF, 0x01, 0xFE, 0x03, 0xFC,
    0x07, 0xF8, 0x1F, 0xF8, 0x3C, 0xF9, 0xF9, 0xFF, 0xE1, 0xFF, 0xC0, 0xFE, 0x00, 0x0F, 0x60, 0x3F,
    0xC0, 0x37, 0x80, 0x00, 0x00, 0xFE, 0x07, 0xFE, 0x1F, 0xFE, 0x3E, 0x7E, 0xF8, 0x3D, 0xE0, 0x7F,
    0xC0, 0x7F, 0x80, 0xFF, 0x01, 0xFE, 0x07, 0xFE, 0x0F, 0x3E, 0x7E, 0x7F, 0xF8, 0x7F, 0xF0, 0x3F,
    0x80, 0x1C, 0xE0, 0x3D, 0xC0, 0x73, 0x80, 0x00, 0x00, 0xFE, 0x07, 0xFE, 0x1F, 0xFE, 0x3E, 0x7E,
    0xF8, 0x3D, 0xE0, 0x7F, 0xC0, 0x7F, 0x80, 0xFF, 0x01, 0xFE, 0x07, 0xFE, 0x0F, 0x3E, 0x7E, 0x7F,
    0xF8, 0x7F, 0xF0, 0x3F, 0x80, 0x61, 0xBC, 0xFF, 0xF8, 0xFC, 0x3E, 0x0F, 0xC7, 0xFB, 0xCF, 0x61,
    0x80, 0x00, 0x08, 0x1F, 0xF8, 0xFF, 0xF3, 0xFF, 0xC7, 0xCF, 0xDF, 0x1F, 0xBC, 0x7F, 0xF9, 0xEF,
    0xF7, 0x9F, 0xEE, 0x3F, 0xFC, 0xFF, 0xF1, 0xE7, 0xCF, 0xCF, 0xFF, 0x1F, 0xFE, 0x7F, 0xF0, 0x20,
    0x00, 0x0C, 0x00, 0xF0, 0x07, 0xC0, 0x0E, 0x00, 0x30, 0x00, 0x03, 0xC1, 0xFE, 0x0F, 0xF0, 0x7F,
    0x83, 0xFC, 0x1F, 0xE0, 0xFF, 0x07, 0xF8, 0x3F, 0xC1, 0xFE, 0x0F, 0xF0, 0xFF, 0xEF, 0x9F, 0xFC,
    0x7F, 0xC1, 0xFC, 0x00, 0x01, 0x00, 0x1C, 0x01, 0xE0, 0x1E, 0x00, 0xE0, 0x00, 0x03, 0xC1, 0xFE,
    0x0F, 0xF0, 0x7F, 0x83, 0xFC, 0x1F, 0xE0, 0xFF, 0x07, 0xF8, 0x3F, 0xC1, 0xFE, 0x0F, 0xF0, 0xFF,
    0xEF, 0x9F, 0xFC, 0x7F, 0xC1, 0xFC, 0x00, 0x06, 0x00, 0x78, 0x07, 0xE0, 0x3F, 0x80, 0x98, 0x00,
    0x03, 0xC1, 0xFE, 0x0F, 0xF0, 0x7F, 0x83, 0xFC, 0x1F, 0xE0, 0xFF, 0x07, 0xF8, 0x3F, 0xC1, 0xFE,
    0x0F, 0xF0, 0xFF, 0xEF, 0x9F, 0xFC, 0x7F, 0xC1, 0xFC, 0x00, 0x3D, 0xC1, 0xEF, 0x0F, 0x70, 0x00,
    0x0F, 0x07, 0xF8, 0x3F, 0xC1, 0xFE, 0x0F, 0xF0, 0x7F, 0x83, 0xFC, 0x1F, 0xE0, 0xFF, 0x07, 0xF8,
    0x3F, 0xC3, 0xFF, 0xBE, 0x7F, 0xF1, 0xFF, 0x07, 0xF0, 0x01, 0x80, 0x0F, 0x00, 0x3C, 0x01, 0xE0,
    0x07, 0x00, 0x00, 0x0F, 0x83, 0xFE, 0x1E, 0x7C, 0x78, 0xF3, 0xC3, 0xFF, 0x07, 0xF8, 0x1F, 0xE0,
    0x3F, 0x00, 0xF8, 0x01, 0xE0, 0x07, 0x80, 0x1E, 0x00, 0x78, 0x01, 0xE0, 0x07, 0x80, 0xF0, 0x0F,
    0x00, 0xFF, 0xCF, 0xFE, 0xFF, 0xFF, 0x1F, 0xF0, 0xFF, 0x0F, 0xF3, 0xFF, 0xFF, 0xFF, 0xEF, 0xF8,
    0xF0, 0x0F, 0x00, 0xF0, 0x00, 0x3F, 0x83, 0xFE, 0x1F, 0xF1, 0xF7, 0x8F, 0x1C, 0x79, 0xE3, 0xDE,
    0x1E, 0xF0, 0xF7, 0x87, 0xBF, 0x3C, 0xFD, 0xE1, 0xEF, 0x6F, 0x7B, 0xFB, 0xFF, 0xDF, 0xFC, 0x0C,
    0x03, 0x80, 0x78, 0x07, 0x80, 0x70, 0x00, 0x0F, 0xE1, 0xFE, 0x3F, 0xC6, 0x7C, 0xFF, 0xBF, 0xF7,
    0x9F, 0xF3, 0xDF, 0xFB, 0xFF, 0x3F, 0xC0, 0x02, 0x00, 0xE0, 0x3C, 0x0F, 0x00, 0xC0, 0x00, 0x0F,
    0xE1, 0xFE, 0x3F, 0xC6, 0x7C, 0xFF, 0xBF, 0xF7, 0x9F, 0xF3, 0xDF, 0xFB, 0xFF, 0x3F, 0xC0, 0x0C,
    0x01, 0xC0, 0x7C, 0x1F, 0xC1, 0x10, 0x00, 0x0F, 0xE1, 0xFE, 0x3F, 0xC6, 0x7C, 0xFF, 0xBF, 0xF7,
    0x9F, 0xF3, 0xDF, 0xFB, 0xFF, 0x3F, 0xC0, 0x3D, 0x87, 0xF8, 0xDE, 0x00, 0x00, 0x00, 0x7F, 0x0F,
    0xF1, 0xFE, 0x33, 0xE7, 0xFD, 0xFF, 0xBC, 0xFF, 0x9E, 0xFF, 0xDF, 0xF9, 0xFE, 0x3B, 0xCF, 0x78,
    0xEF, 0x00, 0x00, 0x00, 0x7F, 0x0F, 0xF1, 0xFE, 0x33, 0xE7, 0xFD, 0xFF, 0xBC, 0xFF, 0x9E, 0xFF,
    0xDF, 0xF9, 0xFE, 0x0F, 0x03, 0xE0, 0x6E, 0x0F, 0xC1, 0xF0, 0x1E, 0x00, 0x01, 0xFC, 0x3F, 0xC7,
    0xF8, 0xCF, 0x9F, 0xF7, 0xFE, 0xF3, 0xFE, 0x7B, 0xFF, 0x7F, 0xE7, 0xF8, 0x3F, 0xFF, 0x0F, 0xFF,
    0xE3, 0xFF, 0xF8, 0xCF, 0x9F, 0x3F, 0xFF, 0xDF, 0xFF, 0xF7, 0x9E, 0x03, 0xE7, 0xC6, 0x7F, 0xFF,
    0x9F, 0xFF, 0xE3, 0xFF, 0xF8, 0x1F, 0xCF, 0xF7, 0xFD, 0xF2, 0x78, 0x1E, 0x07, 0x81, 0xF3, 0x7F,
    0xCF, 0xF0, 0xFC, 0x3C, 0x07, 0x07, 0xC1, 0xF0, 0x0C, 0x00, 0xE0, 0x0F, 0x00, 0x78, 0x03, 0x00,
    0x00, 0x1F, 0x83, 0xFE, 0x7F, 0xE7, 0x9F, 0x7F, 0xF7, 0xFF, 0x78, 0x07, 0xC6, 0x7F, 0xE3, 0xFE,
    0x1F, 0xE0, 0x03, 0x00, 0x78, 0x07, 0x80, 0xF0, 0x0C, 0x00, 0x00, 0x1F, 0x83, 0xFE, 0x7F, 0xE7,
    0x9F, 0x7F, 0xF7, 0xFF, 0x78, 0x07, 0xC6, 0x7F, 0xE3, 0xFE, 0x1F, 0xE0, 0x06, 0x00, 0xF0, 0x1F,
    0x81, 0xFC, 0x19, 0x80, 0x00, 0x1F, 0x83, 0xFE, 0x7F, 0xE7, 0x9F, 0x7F, 0xF7, 0xFF, 0x78, 0x07,
    0xC6, 0x7F, 0xE3, 0xFE, 0x1F, 0xE0, 0x3D, 0xC3, 0xDE, 0x3D, 0xC0, 0x00, 0x00, 0x01, 0xF8, 0x3F,
    0xE7, 0xFE, 0x79, 0xF7, 0xFF, 0x7F, 0xF7, 0x80, 0x7C, 0x67, 0xFE, 0x3F, 0xE1, 0xFE, 0x63, 0xC7,
    0x8E, 0x18, 0x07, 0x9E, 0x79, 0xE7, 0x9E, 0x79, 0xE7, 0x9E, 0x78, 0x18, 0xF3, 0xDE, 0x60, 0x07,
    0x9E, 0x79, 0xE7, 0x9E, 0x79, 0xE7, 0x9E, 0x78, 0x18, 0x3C, 0x7E, 0x7F, 0x66, 0x00, 0x3C, 0x3C,
    0x3C, 0x3C, 0x3C, 0x3C, 0x3C, 0x3C, 0x3C, 0x3C, 0x3C, 0x73, 0xBF, 0xDC, 0xE0, 0x00, 0x00, 0xF0,
    0x78, 0x3C, 0x1E, 0x0F, 0x07, 0x83, 0xC1, 0xE0, 0xF0, 0x78, 0x3C, 0x07, 0x00, 0x3F, 0x81, 0xFC,
    0x1F, 0xC0, 0x7E, 0x00, 0x78, 0x7F, 0xC7, 0xFE, 0x7F, 0xF3, 0xEF, 0x9E, 0x3C, 0xF1, 0xE7, 0x9F,
    0x3F, 0xF0, 0xFF, 0x03, 0xF0, 0x3D, 0x9F, 0xE7, 0xF8, 0x00, 0x00, 0x3F, 0xEF, 0xFB, 0xFF, 0xF3,
    0xFC, 0xFF, 0x3F, 0xCF, 0xF3, 0xFC, 0xFF, 0x3F, 0xCF, 0x04, 0x00, 0xE0, 0x0F, 0x00, 0x78, 0x03,
    0x80, 0x00, 0x1F, 0xC3, 0xFE, 0x7F, 0xE7, 0xDF, 0x78, 0xF7, 0x8F, 0x78, 0xF7, 0xDF, 0x7F, 0xE3,
    0xFE, 0x1F, 0xC0, 0x03, 0x00, 0x38, 0x07, 0x80, 0xF0, 0x0E, 0x00, 0x00, 0x1F, 0xC3, 0xFE, 0x7F,
    0xE7, 0xDF, 0x78, 0xF7, 0x8F, 0x78, 0xF7, 0xDF, 0x7F, 0xE3, 0xFE, 0x1F, 0xC0, 0x06, 0x00, 0xF0,
    0x1F, 0x81, 0xFC, 0x19, 0x80, 0x00, 0x1F, 0xC3, 0xFE, 0x7F, 0xE7, 0xDF, 0x78, 0xF7, 0x8F, 0x78,
    0xF7, 0xDF, 0x7F, 0xE3, 0xFE, 0x1F, 0xC0, 0x1E, 0xC3, 0xFC, 0x1B, 0xC0, 0x00, 0x00, 0x01, 0xFC,
    0x3F, 0xE7, 0xFE, 0x7D, 0xF7, 0x8F, 0x78, 0xF7, 0x8F, 0x7D, 0xF7, 0xFE, 0x3F, 0xE1, 0xFC, 0x3D,
    0xC3, 0xDE, 0x3D, 0xC0, 0x00, 0x00, 0x01, 0xFC, 0x3F, 0xE7, 0xFE, 0x7D, 0xF7, 0x8F, 0x78, 0xF7,
    0x8F, 0x7D, 0xF7, 0xFE, 0x3F, 0xE1, 0xFC, 0x1E, 0x07, 0x81, 0xE0, 0x78, 0x00, 0x3F, 0xFF, 0xFF,
    0xFF, 0x00, 0x07, 0x81, 0xE0, 0x78, 0x1E, 0x00, 0x00, 0x21, 0xFF, 0x3F, 0xE7, 0xFE, 0x7F, 0xF7,
    0xBF, 0x77, 0xF7, 0xEF, 0x7D, 0xF7, 0xFE, 0x7F, 0xE7, 0xFC, 0x20, 0x00, 0x18, 0x0F, 0x03, 0xC0,
    0x78, 0x0E, 0x00, 0x0F, 0x3F, 0xCF, 0xF3, 0xFC, 0xFF, 0x3F, 0xCF, 0xF3, 0xFE, 0xFF, 0xFD, 0xFF,
    0x3F, 0xC0, 0x06, 0x03, 0xC0, 0xF0, 0x78, 0x18, 0x00, 0x0F, 0x3F, 0xCF, 0xF3, 0xFC, 0xFF, 0x3F,
    0xCF, 0xF3, 0xFE, 0xFF, 0xFD, 0xFF, 0x3F, 0xC0, 0x0C, 0x07, 0x83, 0xF0, 0xFE, 0x33, 0x00, 0x0F,
    0x3F, 0xCF, 0xF3, 0xFC, 0xFF, 0x3F, 0xCF, 0xF3, 0xFE, 0xFF, 0xFD, 0xFF, 0x3F, 0xC0, 0x73, 0x9E,
    0xE7, 0x38, 0x00, 0x00, 0x3C, 0xFF, 0x3F, 0xCF, 0xF3, 0xFC, 0xFF, 0x3F, 0xCF, 0xFB, 0xFF, 0xF7,
    0xFC, 0xFF, 0x03, 0x00, 0x38, 0x07, 0x80, 0xF0, 0x0E, 0x00, 0x00, 0xF0, 0xFF, 0x1E, 0x79, 0xE7,
    0x9E, 0x7B, 0xC3, 0xFC, 0x3F, 0x81, 0xF8, 0x1F, 0x81, 0xF0, 0x0F, 0x01, 0xE0, 0xFE, 0x0F, 0xC0,
    0xF8, 0x00, 0xF0, 0x1E, 0x03, 0xC0, 0x78, 0x0F, 0x01, 0xFE, 0x3F, 0xF7, 0xFE, 0xF3, 0xFE, 0x3F,
    0xC7, 0xF8, 0xFF, 0x3F, 0xFF, 0xBF, 0xF7, 0xFC, 0xF0, 0x1E, 0x03, 0xC0, 0x78, 0x00, 0x39, 0xC3,
    0xBC, 0x39, 0xC0, 0x00, 0x00, 0x0F, 0x0F, 0xF1, 0xE7, 0x9E, 0x79, 0xE7, 0xBC, 0x3F, 0xC3, 0xF8,
    0x1F, 0x81, 0xF8, 0x1F, 0x00, 0xF0, 0x1E, 0x0F, 0xE0, 0xFC, 0x0F, 0x80, 0x0F, 0xE0, 0x1F, 0xC0,
    0x00, 0x00, 0x3E, 0x00, 0x7C, 0x00, 0xFC, 0x03, 0xF8, 0x07, 0xF0, 0x1E, 0xF0, 0x3D, 0xE0, 0x71,
    0xE1, 0xE3, 0xC3, 0xFF, 0x8F, 0xFF, 0x9F, 0xFF, 0x3C, 0x1E, 0xF0, 0x1F, 0xE0, 0x3C, 0x3F, 0x87,
    0xF0, 0x00, 0x00, 0x03, 0xF8, 0x7F, 0x8F, 0xF1, 0x9F, 0x3F, 0xEF, 0xFD, 0xE7, 0xFC, 0xF7, 0xFE,
    0xFF, 0xCF, 0xF0, 0x0E, 0xF0, 0x1F, 0xC0, 0x1F, 0x00, 0x00, 0x00, 0x7C, 0x00, 0xF8, 0x01, 0xF8,
    0x07, 0xF0, 0x0F, 0xE0, 0x3D, 0xE0, 0x7B, 0xC0, 0xE3, 0xC3, 0xC7, 0x87, 0xFF, 0x1F, 0xFF, 0x3F,
    0xFE, 0x78, 0x3D, 0xE0, 0x3F, 0xC0, 0x78, 0x3B, 0xC7, 0xF0, 0x7C, 0x00, 0x00, 0x00, 0x7F, 0x0F,
    0xF1, 0xFE, 0x33, 0xE7, 0xFD, 0xFF, 0xBC, 0xFF, 0x9E, 0xFF, 0xDF, 0xF9, 0xFE, 0x07, 0xC0, 0x07,
    0xC0, 0x07, 0xE0, 0x0F, 0xE0, 0x0F, 0xE0, 0x1E, 0xF0, 0x1E, 0xF0, 0x1C, 0x78, 0x3C, 0x78, 0x3F,
    0xF8, 0x7F, 0xFC, 0x7F, 0xFC, 0x78, 0x3C, 0xF0, 0x1E, 0xF0, 0x1E, 0x00, 0x1E, 0x00, 0x1C, 0x00,
    0x3C, 0x00, 0x3F, 0x00, 0x1F, 0x3F, 0x87, 0xF8, 0xFF, 0x19, 0xF3, 0xFE, 0xFF, 0xDE, 0x7F, 0xCF,
    0x7F, 0xEF, 0xFC, 0xFF, 0x81, 0xE0, 0x78, 0x0F, 0xC0, 0xF8, 0x01, 0x80, 0x1E, 0x00, 0xF0, 0x0F,
    0x00, 0x70, 0x00, 0x00, 0x3F, 0xC7, 0xFE, 0x7F, 0xF3, 0xF7, 0xBE, 0x01, 0xE0, 0x0F, 0x00, 0x78,
    0x03, 0xC0, 0x1E, 0x00, 0xF8, 0x07, 0xE3, 0x9F, 0xFC, 0x7F, 0xE1, 0xFF, 0x00, 0x03, 0x00, 0xE0,
    0x78, 0x3C, 0x0E, 0x00, 0x01, 0xFC, 0xFF, 0x7F, 0xDF, 0x27, 0x81, 0xE0, 0x78, 0x1F, 0x37, 0xFC,
    0xFF, 0x1F, 0xC0, 0x03, 0x00, 0x3C, 0x03, 0xF0, 0x1F, 0xC0, 0xCC, 0x00, 0x00, 0x3F, 0xC7, 0xFE,
    0x7F, 0xF3, 0xF7, 0xBE, 0x01, 0xE0, 0x0F, 0x00, 0x78, 0x03, 0xC0, 0x1E, 0x00, 0xF8, 0x07, 0xE3,
    0x9F, 0xFC, 0x7F, 0xE1, 0xFF, 0x00, 0x06, 0x03, 0xC1, 0xF8, 0x7F, 0x19, 0x80, 0x01, 0xFC, 0xFF,
    0x7F, 0xDF, 0x27, 0x81, 0xE0, 0x78, 0x1F, 0x37, 0xFC, 0xFF, 0x1F, 0xC0, 0x03, 0x80, 0x3C, 0x00,
    0xE0, 0x00, 0x00, 0xFF, 0x1F, 0xF9, 0xFF, 0xCF, 0xDE, 0xF8, 0x07, 0x80, 0x3C, 0x01, 0xE0, 0x0F,
    0x00, 0x78, 0x03, 0xE0, 0x1F, 0x8E, 0x7F, 0xF1, 0xFF, 0x87, 0xFC, 0x07, 0x03, 0xC0, 0x70, 0x00,
    0x00, 0x07, 0xF3, 0xFD, 0xFF, 0x7C, 0x9E, 0x07, 0x81, 0xE0, 0x7C, 0xDF, 0xF3, 0xFC, 0x7F, 0x0C,
    0xC0, 0x7F, 0x03, 0xF0, 0x0F, 0x00, 0x30, 0x00, 0x00, 0x3F, 0xC7, 0xFE, 0x7F, 0xF3, 0xF7, 0xBE,
    0x01, 0xE0, 0x0F, 0x00, 0x78, 0x03, 0xC0, 0x1E, 0x00, 0xF8, 0x07, 0xE3, 0x9F, 0xFC, 0x7F, 0xE1,
    0xFF, 0x00, 0x19, 0x87, 0xF1, 0xF8, 0x3C, 0x06, 0x00, 0x01, 0xFC, 0xFF, 0x7F, 0xDF, 0x27, 0x81,
    0xE0, 0x78, 0x1F, 0x37, 0xFC, 0xFF, 0x1F, 0xC0, 0x09, 0x80, 0x7F, 0x00, 0xF8, 0x03, 0xC0, 0x06,
    0x00, 0x00, 0x0F, 0xFC, 0x3F, 0xF8, 0xFF, 0xF3, 0xC7, 0xEF, 0x07, 0xBC, 0x1F, 0xF0, 0x3F, 0xC0,
    0xFF, 0x03, 0xFC, 0x1F, 0xF0, 0x7B, 0xC7, 0xEF, 0xFF, 0x3F, 0xF8, 0xFF, 0xC0, 0x00, 0xFF, 0x00,
    0xFE, 0x00, 0xFE, 0x00, 0xFE, 0x00, 0xFE, 0x1F, 0xF0, 0x3F, 0xF0, 0x7F, 0xF0, 0x7D, 0xF0, 0x78,
    0xF0, 0x78, 0xF0, 0x78, 0xF0, 0x7C, 0xF0, 0x7F, 0xF0, 0x3F, 0xF0, 0x1F, 0xE0, 0x3F, 0xE0, 0x7F,
    0xF0, 0xFF, 0xF1, 0xE7, 0xE3, 0xC3, 0xE7, 0x83, 0xFF, 0xC7, 0xFF, 0x8F, 0x3C, 0x1E, 0x78, 0x3C,
    0xF0, 0xF9, 0xE7, 0xE3, 0xFF, 0x87, 0xFE, 0x0F, 0xF8, 0x00, 0x00, 0xF0, 0x3F, 0xC1, 0xFE, 0x01,
    0xE0, 0x0F, 0x0F, 0xF8, 0xFF, 0xCF, 0xFE, 0x7D, 0xF3, 0xC7, 0x9E, 0x3C, 0xF1, 0xE7, 0xCF, 0x3F,
    0xF8, 0xFF, 0xC3, 0xFC, 0x3F, 0x87, 0xF0, 0x00, 0x7F, 0xFF, 0xFF, 0xFF, 0xFC, 0x07, 0x80, 0xF0,
    0x1F, 0xFB, 0xFF, 0x7F, 0xEF, 0x01, 0xE0, 0x3C, 0x07, 0xFF, 0xFF, 0xFF, 0xFC, 0x3F, 0xC3, 0xFC,
    0x00, 0x00, 0x00, 0x1F, 0x83, 0xFE, 0x7F, 0xE7, 0x9F, 0x7F, 0xF7, 0xFF, 0x78, 0x07, 0xC6, 0x7F,
    0xE3, 0xFE, 0x1F, 0xE0, 0x3B, 0x87, 0xF0, 0x7C, 0x00, 0x0F, 0xFF, 0xFF, 0xFF, 0xFF, 0x80, 0xF0,
    0x1E, 0x03, 0xFF, 0x7F, 0xEF, 0xFD, 0xE0, 0x3C, 0x07, 0x80, 0xFF, 0xFF, 0xFF, 0xFF, 0x80, 0x3D,
    0xC1, 0xFC, 0x0F, 0x80, 0x00, 0x00, 0x01, 0xF8, 0x3F, 0xE7, 0xFE, 0x79, 0xF7, 0xFF, 0x7F, 0xF7,
    0x80, 0x7C, 0x67, 0xFE, 0x3F, 0xE1, 0xFE, 0x0E, 0x01, 0xE0, 0x38, 0x00, 0x0F, 0xFF, 0xFF, 0xFF,
    0xFF, 0x80, 0xF0, 0x1E, 0x03, 0xFF, 0x7F, 0xEF, 0xFD, 0xE0, 0x3C, 0x07, 0x80, 0xFF, 0xFF, 0xFF,
    0xFF, 0x80, 0x0F, 0x00, 0xF0, 0x0F, 0x00, 0x00, 0x00, 0x01, 0xF8, 0x3F, 0xE7, 0xFE, 0x79, 0xF7,
    0xFF, 0x7F, 0xF7, 0x80, 0x7C, 0x67, 0xFE, 0x3F, 0xE1, 0xFE, 0xFF, 0xEF, 0xFE, 0xFF, 0xEF, 0x00,
    0xF0, 0x0F, 0x00, 0xFF, 0xCF, 0xFC, 0xFF, 0xCF, 0x00, 0xF0, 0x0F, 0x00, 0xFF, 0xEF, 0xFE, 0xFF,
    0xE0, 0x1E, 0x01, 0xC0, 0x3C, 0x03, 0xF0, 0x1F, 0x1F, 0x83, 0xFE, 0x7F, 0xE7, 0x9F, 0x7F, 0xF7,
    0xFF, 0x78, 0x07, 0xC6, 0x7F, 0xE3, 0xFE, 0x1F, 0xE0, 0x3C, 0x03, 0x80, 0x3E, 0x03, 0xE0, 0x19,
    0x87, 0xF0, 0x7E, 0x07, 0x80, 0x60, 0x00, 0x3F, 0xFF, 0xFF, 0xFF, 0xFE, 0x03, 0xC0, 0x78, 0x0F,
    0xFD, 0xFF, 0xBF, 0xF7, 0x80, 0xF0, 0x1E, 0x03, 0xFF, 0xFF, 0xFF, 0xFE, 0x19, 0x81, 0xFC, 0x1F,
    0x80, 0xF0, 0x06, 0x00, 0x00, 0x1F, 0x83, 0xFE, 0x7F, 0xE7, 0x9F, 0x7F, 0xF7, 0xFF, 0x78, 0x07,
    0xC6, 0x7F, 0xE3, 0xFE, 0x1F, 0xE0, 0x03, 0x00, 0x3C, 0x03, 0xF0, 0x1F, 0xC0, 0xCC, 0x00, 0x00,
    0x3F, 0xC7, 0xFE, 0x7F, 0xF3, 0xF3, 0xBE, 0x01, 0xE0, 0x0F, 0x00, 0x78, 0x3F, 0xC1, 0xFE, 0x0F,
    0xF8, 0x7B, 0xE3, 0xDF, 0xFE, 0x7F, 0xF1, 0xFF, 0x00, 0x03, 0x00, 0xF0, 0x3F, 0x0F, 0xE0, 0xCC,
    0x00, 0x07, 0xF9, 0xFF, 0x7F, 0xEF, 0xBD, 0xE7, 0xBC, 0xF7, 0x9E, 0xFF, 0xCF, 0xF8, 0xFF, 0x01,
    0xE6, 0x7D, 0xFF, 0xBF, 0xE7, 0xF8, 0x1E, 0xE0, 0x7F, 0x01, 0xF0, 0x00, 0x00, 0xFF, 0x1F, 0xF9,
    0xFF, 0xCF, 0xCE, 0xF8, 0x07, 0x80, 0x3C, 0x01, 0xE0, 0xFF, 0x07, 0xF8, 0x3F, 0xE1, 0xEF, 0x8F,
    0x7F, 0xF9, 0xFF, 0xC7, 0xFC, 0x1D, 0xC3, 0xF8, 0x3E, 0x00, 0x00, 0x00, 0x3F, 0xCF, 0xFB, 0xFF,
    0x7D, 0xEF, 0x3D, 0xE7, 0xBC, 0xF7, 0xFE, 0x7F, 0xC7, 0xF8, 0x0F, 0x33, 0xEF, 0xFD, 0xFF, 0x3F,
    0xC0, 0x03, 0x80, 0x3C, 0x00, 0xE0, 0x00, 0x00, 0xFF, 0x1F, 0xF9, 0xFF, 0xCF, 0xCE, 0xF8, 0x07,
    0x80, 0x3C, 0x01, 0xE0, 0xFF, 0x07, 0xF8, 0x3F, 0xE1, 0xEF, 0x8F, 0x7F, 0xF9, 0xFF, 0xC7, 0xFC,
    0x07, 0x01, 0xE0, 0x1C, 0x00, 0x00, 0x00, 0x3F, 0xCF, 0xFB, 0xFF, 0x7D, 0xEF, 0x3D, 0xE7, 0xBC,
    0xF7, 0xFE, 0x7F, 0xC7, 0xF8, 0x0F, 0x33, 0xEF, 0xFD, 0xFF, 0x3F, 0xC0, 0x0F, 0xF1, 0xFF, 0x9F,
    0xFC, 0xFC, 0xEF, 0x80, 0x78, 0x03, 0xC0, 0x1E, 0x0F, 0xF0, 0x7F, 0x83, 0xFE, 0x1E, 0xF8, 0xF7,
    0xFF, 0x9F, 0xFC, 0x7F, 0xC0, 0x00, 0x03, 0x80, 0x3C, 0x03, 0xE0, 0x1E, 0x00, 0x03, 0x80, 0xF0,
    0x1C, 0x03, 0x80, 0x00, 0x00, 0x07, 0xF9, 0xFF, 0x7F, 0xEF, 0xBD, 0xE7, 0xBC, 0xF7, 0x9E, 0xFF,
    0xCF, 0xF8, 0xFF, 0x01, 0xE6, 0x7D, 0xFF, 0xBF, 0xE7, 0xF8, 0x03, 0x00, 0x3C, 0x03, 0xF0, 0x3F,
    0x80, 0xCC, 0x00, 0x03, 0xC1, 0xFE, 0x0F, 0xF0, 0x7F, 0x83, 0xFC, 0x1F, 0xE0, 0xFF, 0xFF, 0xFF,
    0xFF, 0xFF, 0xFE, 0x0F, 0xF0, 0x7F, 0x83, 0xFC, 0x1F, 0xE0, 0xFF, 0x07, 0x80, 0x38, 0x3F, 0x8E,
    0xE0, 0x00, 0xF0, 0x3C, 0x0F, 0x03, 0xC0, 0xF0, 0x3F, 0xEF, 0xFF, 0xFF, 0xF3, 0xFC, 0xFF, 0x3F,
    0xCF, 0xF3, 0xFC, 0xFF, 0x3F, 0xCF, 0x3C, 0x3C, 0x3C, 0x3C, 0xFF, 0xFF, 0xFF, 0xFF, 0x3C, 0x3C,
    0x3C, 0x3C, 0x3F, 0xFC, 0x3F, 0xFC, 0x3F, 0xFC, 0x3C, 0x3C, 0x3C, 0x3C, 0x3C, 0x3C, 0x3C, 0x3C,
    0x3C, 0x3C, 0x3C, 0x3C, 0x78, 0x07, 0x80, 0xFF, 0x0F, 0xF0, 0x78, 0x07, 0xFC, 0x7F, 0xE7, 0xFE,
    0x79, 0xE7, 0x8F, 0x78, 0xF7, 0x8F, 0x78, 0xF7, 0x8F, 0x78, 0xF7, 0x8F, 0x7B, 0x7F, 0x9B, 0xC0,
    0x03, 0xC1, 0xE0, 0xF0, 0x78, 0x3C, 0x1E, 0x0F, 0x07, 0x83, 0xC1, 0xE0, 0xF0, 0x78, 0x3C, 0x1E,
    0x0F, 0x00, 0x7B, 0xFF, 0xFE, 0x00, 0x00, 0x3C, 0x3C, 0x3C, 0x3C, 0x3C, 0x3C, 0x3C, 0x3C, 0x3C,
    0x3C, 0x3C, 0x7F, 0x7F, 0x00, 0x3C, 0x3C, 0x3C, 0x3C, 0x3C, 0x3C, 0x3C, 0x3C, 0x3C, 0x3C, 0x3C,
    0x3C, 0x3C, 0x3C, 0x3C, 0xFF, 0xFF, 0x00, 0x00, 0x3C, 0x3C, 0x3C, 0x3C, 0x3C, 0x3C, 0x3C, 0x3C,
    0x3C, 0x3C, 0x3C, 0xEF, 0xFD, 0xF0, 0x07, 0x8F, 0x1E, 0x3C, 0x78, 0xF1, 0xE3, 0xC7, 0x8F, 0x1E,
    0x3C, 0x78, 0xF1, 0xE0, 0xF7, 0x7E, 0x7E, 0x00, 0x00, 0x3C, 0x3C, 0x3C, 0x3C, 0x3C, 0x3C, 0x3C,
    0x3C, 0x3C, 0x3C, 0x3C, 0x79, 0xE7, 0x9E, 0x79, 0xE7, 0x9E, 0x79, 0xE7, 0x9E, 0x79, 0xE7, 0x9E,
    0x73, 0xCF, 0xDF, 0x79, 0xE7, 0x9E, 0x01, 0xE7, 0x9E, 0x79, 0xE7, 0x9E, 0x79, 0xE7, 0x9E, 0x7B,
    0xCF, 0x3E, 0x78, 0x7F, 0x70, 0xFF, 0xFF, 0xFF, 0xFF, 0xFF, 0xFF, 0xFF, 0xF0, 0xFF, 0xFF, 0xFF,
    0xFF, 0xFF, 0xF0, 0xF0, 0x0F, 0xF0, 0x0F, 0xF0, 0x0F, 0xF0, 0x0F, 0xF0, 0x0F, 0xF0, 0x0F, 0xF0,
    0x0F, 0xF0, 0x0F, 0xF0, 0x0F, 0xF0, 0x0F, 0xF0, 0x1E, 0xF3, 0xBE, 0xF3, 0xFE, 0xF3, 0xFC, 0xF3,
    0xF8, 0xF3, 0xFC, 0xFF, 0x3F, 0xCF, 0x00, 0x3C, 0xFF, 0x3F, 0xCF, 0xF3, 0xFC, 0xFF, 0x3F, 0xCF,
    0xF3, 0xFC, 0xFF, 0x3F, 0xCF, 0x03, 0xC7, 0xF1, 0xF8, 0x7C, 0x01, 0x80, 0x3C, 0x07, 0xE0, 0xFE,
    0x06, 0x60, 0x00, 0x03, 0xC0, 0x3C, 0x03, 0xC0, 0x3C, 0x03, 0xC0, 0x3C, 0x03, 0xC0, 0x3C, 0x03,
    0xC0, 0x3C, 0x03, 0xC6, 0x7C, 0xFF, 0xCF, 0xF8, 0x7F, 0x00, 0x0C, 0x0F, 0x0F, 0xC7, 0xE3, 0x30,
    0x00, 0x78, 0x3C, 0x1E, 0x0F, 0x07, 0x83, 0xC1, 0xE0, 0xF0, 0x78, 0x3C, 0x1E, 0x0F, 0x3F, 0x9F,
    0x8F, 0x80, 0xF0, 0xFB, 0xC7, 0xCF, 0x3E, 0x3D, 0xF0, 0xFF, 0x83, 0xFC, 0x0F, 0xE0, 0x3F, 0xC0,
    0xFF, 0x83, 0xDF, 0x0F, 0x3C, 0x3C, 0xF8, 0xF1, 0xF3, 0xC3, 0xCF, 0x0F, 0x80, 0x00, 0x07, 0x00,
    0x1C, 0x00, 0xF0, 0x03, 0x80, 0xF0, 0x1E, 0x03, 0xC0, 0x78, 0x0F, 0x01, 0xE7, 0xFD, 0xF7, 0xFC,
    0xFF, 0x1F, 0xC3, 0xFC, 0x7F, 0x8F, 0x79, 0xEF, 0xBC, 0xFF, 0x8F, 0x00, 0x01, 0xC0, 0x78, 0x1F,
    0x03, 0xC0, 0xF3, 0xEF, 0x7C, 0xFF, 0x8F, 0xF0, 0xFE, 0x0F, 0xF0, 0xFF, 0x0F, 0x78, 0xF7, 0xCF,
    0x3C, 0xF1, 0xE0, 0x18, 0x07, 0x01, 0xE0, 0x78, 0x06, 0x00, 0x00, 0x3C, 0x07, 0x80, 0xF0, 0x1E,
    0x03, 0xC0, 0x78, 0x0F, 0x01, 0xE0, 0x3C, 0x07, 0x80, 0xF0, 0x1E, 0x03, 0xFF, 0xFF, 0xFF, 0xFE,
    0x19, 0xEF, 0xB8, 0x03, 0xCF, 0x3C, 0xF3, 0xCF, 0x3C, 0xF3, 0xCF, 0x3C, 0xF3, 0xEF, 0xDE, 0x78,
    0xF0, 0x1E, 0x03, 0xC0, 0x78, 0x0F, 0x01, 0xE0, 0x3C, 0x07, 0x80, 0xF0, 0x1E, 0x03, 0xC0, 0x78,
    0x0F, 0xFF, 0xFF, 0xFF, 0xF8, 0x00, 0x0F, 0x01, 0xE0, 0x78, 0x0F, 0x00, 0xF3, 0xCF, 0x3C, 0xF3,
    0xCF, 0x3C, 0xF3, 0xCF, 0x3C, 0xFB, 0xF7, 0x9E, 0x01, 0xC7, 0x3C, 0xE0, 0xF0, 0x1E, 0x73, 0xCE,
    0x79, 0xCF, 0x39, 0xE6, 0x3C, 0x07, 0x80, 0xF0, 0x1E, 0x03, 0xC0, 0x78, 0x0F, 0xFF, 0xFF, 0xFF,
    0xF8, 0xF7, 0xF7, 0xF7, 0xF6, 0xF6, 0xF0, 0xF0, 0xF0, 0xF0, 0xF0, 0xF0, 0xF0, 0xF8, 0xFC, 0x78,
    0x78, 0xF0, 0x1E, 0x03, 0xC0, 0x78, 0x0F, 0x3D, 0xE7, 0xBC, 0xF7, 0x9E, 0xF0, 0x1E, 0x03, 0xC0,
    0x78, 0x0F, 0xFF, 0xFF, 0xFF, 0xF8, 0xF0, 0x3C, 0x0F, 0x03, 0xC0, 0xF0, 0x3C, 0xEF, 0x7F, 0xDF,
    0xF3, 0xBC, 0x0F, 0x03, 0xC0, 0xF8, 0x3F, 0x07, 0x81, 0xE0, 0x3C, 0x01, 0xE0, 0x0F, 0x00, 0x78,
    0x03, 0xF8, 0x1F, 0xC0, 0xFE, 0x1F, 0xC0, 0xFC, 0x07, 0xE0, 0x0F, 0x00, 0x78, 0x03, 0xFF, 0x1F,
    0xF8, 0xFF, 0xC0, 0x1E, 0x0F, 0x07, 0x83, 0xC1, 0xF0, 0xFC, 0xFE, 0xFC, 0x7E, 0x0F, 0x07, 0x83,
    0xC1, 0xE0, 0xF8, 0x7C, 0x1E, 0x01, 0x80, 0x0F, 0x00, 0x7C, 0x01, 0xC0, 0x06, 0x00, 0x00, 0x0F,
    0x03, 0xFE, 0x0F, 0xFC, 0x3F, 0xF8, 0xFF, 0xE3, 0xFF, 0xCF, 0xF7, 0xBF, 0xDE, 0xFF, 0x3F, 0xFC,
    0x7F, 0xF1, 0xFF, 0xC3, 0xFF, 0x07, 0xFC, 0x1F, 0xF0, 0x3C, 0x06, 0x03, 0xC1, 0xF0, 0x70, 0x18,
    0x00, 0x0F, 0xFB, 0xFE, 0xFF, 0xFC, 0xFF, 0x3F, 0xCF, 0xF3, 0xFC, 0xFF, 0x3F, 0xCF, 0xF3, 0xC0,
    0xF0, 0x3F, 0xE0, 0xFF, 0xC3, 0xFF, 0x8F, 0xFE, 0x3F, 0xFC, 0xFF, 0x7B, 0xFD, 0xEF, 0xF3, 0xFF,
    0xC7, 0xFF, 0x1F, 0xFC, 0x3F, 0xF0, 0x7F, 0xC1, 0xFF, 0x03, 0xC0, 0x00, 0x03, 0x80, 0x1E, 0x00,
    0xF8, 0x03, 0xC0, 0xFF, 0xBF, 0xEF, 0xFF, 0xCF, 0xF3, 0xFC, 0xFF, 0x3F, 0xCF, 0xF3, 0xFC, 0xFF,
    0x3C, 0x00, 0x0E, 0x07, 0x83, 0xE0, 0xF0, 0x0C, 0xC0, 0x7F, 0x00, 0xFC, 0x01, 0xE0, 0x03, 0x00,
    0x00, 0x0F, 0x03, 0xFE, 0x0F, 0xFC, 0x3F, 0xF8, 0xFF, 0xE3, 0xFF, 0xCF, 0xF7, 0xBF, 0xDE, 0xFF,
    0x3F, 0xFC, 0x7F, 0xF1, 0xFF, 0xC3, 0xFF, 0x07, 0xFC, 0x1F, 0xF0, 0x3C, 0x33, 0x0F, 0xE3, 0xF0,
    0x78, 0x0C, 0x00, 0x0F, 0xFB, 0xFE, 0xFF, 0xFC, 0xFF, 0x3F, 0xCF, 0xF3, 0xFC, 0xFF, 0x3F, 0xCF,
    0xF3, 0xC0, 0x70, 0x03, 0x80, 0x1C, 0x00, 0xE0, 0x0E, 0x00, 0x0F, 0xF0, 0x7F, 0xC3, 0xFF, 0x1E,
    0xF8, 0xF3, 0xC7, 0x9E, 0x3C, 0xF1, 0xE7, 0x8F, 0x3C, 0x79, 0xE3, 0xCF, 0xF0, 0x3F, 0xE0, 0xFF,
    0xC3, 0xFF, 0x8F, 0xFE, 0x3F, 0xFC, 0xFF, 0x7B, 0xFD, 0xEF, 0xF3, 0xFF, 0xC7, 0xFF, 0x1F, 0xFC,
    0x3F, 0xF0, 0x7F, 0xC1, 0xFF, 0x03, 0xC0, 0x1F, 0x01, 0xF8, 0x07, 0xE0, 0x1F, 0x00, 0xFF, 0xBF,
    0xEF, 0xFF, 0xCF, 0xF3, 0xFC, 0xFF, 0x3F, 0xCF, 0xF3, 0xFC, 0xFF, 0x3C, 0x0F, 0x03, 0xC3, 0xF0,
    0xF8, 0x0F, 0xE0, 0x1F, 0xC0, 0x00, 0x00, 0x7F, 0x03, 0xFF, 0x0F, 0xFF, 0x1F, 0x3F, 0x7C, 0x1E,
    0xF0, 0x3F, 0xE0, 0x3F, 0xC0, 0x7F, 0x80, 0xFF, 0x03, 0xFF, 0x07, 0x9F, 0x3F, 0x3F, 0xFC, 0x3F,
    0xF8, 0x1F, 0xC0, 0x1F, 0xC1, 0xFC, 0x00, 0x00, 0x00, 0x1F, 0xC3, 0xFE, 0x7F, 0xE7, 0xDF, 0x78,
    0xF7, 0x8F, 0x78, 0xF7, 0xDF, 0x7F, 0xE3, 0xFE, 0x1F, 0xC0, 0x0E, 0xE0, 0x1F, 0xC0, 0x1F, 0x00,
    0x00, 0x00, 0xFE, 0x07, 0xFE, 0x1F, 0xFE, 0x3E, 0x7E, 0xF8, 0x3D, 0xE0, 0x7F, 0xC0, 0x7F, 0x80,
    0xFF, 0x01, 0xFE, 0x07, 0xFE, 0x0F, 0x3E, 0x7E, 0x7F, 0xF8, 0x7F, 0xF0, 0x3F, 0x80, 0x1D, 0xC1,
    0xFC, 0x0F, 0x80, 0x00, 0x00, 0x01, 0xFC, 0x3F, 0xE7, 0xFE, 0x7D, 0xF7, 0x8F, 0x78, 0xF7, 0x8F,
    0x7D, 0xF7, 0xFE, 0x3F, 0xE1, 0xFC, 0x03, 0x30, 0x0E, 0xF0, 0x3D, 0xC0, 0x77, 0x00, 0xCC, 0x00,
    0x00, 0x03, 0xF8, 0x1F, 0xF8, 0x7F, 0xF8, 0xF9, 0xFB, 0xE0, 0xF7, 0x81, 0xFF, 0x01, 0xFE, 0x03,
    0xFC, 0x07, 0xF8, 0x1F, 0xF8, 0x3C, 0xF9, 0xF9, 0xFF, 0xE1, 0xFF, 0xC0, 0xFE, 0x00, 0x06, 0x60,
    0xEE, 0x1C, 0xE1, 0xDC, 0x19, 0x80, 0x00, 0x1F, 0xC3, 0xFE, 0x7F, 0xE7, 0xDF, 0x78, 0xF7, 0x8F,
    0x78, 0xF7, 0xDF, 0x7F, 0xE3, 0xFE, 0x1F, 0xC0, 0x0F, 0xFF, 0xE3, 0xFF, 0xFE, 0x7F, 0xFF, 0xE7,
    0xE7, 0x80, 0xF8, 0x78, 0x0F, 0x07, 0x80, 0xF0, 0x7F, 0xCF, 0x07, 0xFC, 0xF0, 0x7F, 0xCF, 0x07,
    0x80, 0xF8, 0x78, 0x07, 0xE7, 0x80, 0x7F, 0xFF, 0xF3, 0xFF, 0xFF, 0x0F, 0xFF, 0xF0, 0x1F, 0x9F,
    0x87, 0xFF, 0xF9, 0xFF, 0xFF, 0xBE, 0xFC, 0xF7, 0x8F, 0xFE, 0xF1, 0xFF, 0xDE, 0x3C, 0x03, 0xEF,
    0xE6, 0x7F, 0xFF, 0xC7, 0xFF, 0xF8, 0x7E, 0x7F, 0x00, 0x02, 0x00, 0x38, 0x03, 0xC0, 0x3C, 0x00,
    0xC0, 0x00, 0x03, 0xFE, 0x1F, 0xFC, 0xFF, 0xE7, 0x9F, 0xBC, 0x3D, 0xE1, 0xEF, 0x3F, 0x7F, 0xFB,
    0xFF, 0x9F, 0xF8, 0xF3, 0xC7, 0x9F, 0x3C, 0x7D, 0xE1, 0xEF, 0x0F, 0x80, 0x0C, 0x1E, 0x3E, 0x38,
    0x30, 0x00, 0xFF, 0xFF, 0xFF, 0xF2, 0xF0, 0xF0, 0xF0, 0xF0, 0xF0, 0xF0, 0xF0, 0xFF, 0x87, 0xFF,
    0x3F, 0xF9, 0xE7, 0xEF, 0x0F, 0x78, 0x7B, 0xCF, 0xDF, 0xFE, 0xFF, 0xE7, 0xFE, 0x3C, 0xF1, 0xE7,
    0xCF, 0x1F, 0x78, 0x7B, 0xC3, 0xE0, 0x00, 0x07, 0x00, 0x78, 0x07, 0xC0, 0x3C, 0x00, 0x7F, 0xBF,
    0xDF, 0xEF, 0x27, 0x83, 0xC1, 0xE0, 0xF0, 0x78, 0x3C, 0x1E, 0x00, 0x07, 0x83, 0xC3, 0xC1, 0xE0,
    0x19, 0x81, 0xFC, 0x07, 0xE0, 0x1E, 0x00, 0x60, 0x7F, 0xC3, 0xFF, 0x9F, 0xFC, 0xF3, 0xF7, 0x87,
    0xBC, 0x3D, 0xE7, 0xEF, 0xFF, 0x7F, 0xF3, 0xFF, 0x1E, 0x78, 0xF3, 0xE7, 0x8F, 0xBC, 0x3D, 0xE1,
    0xF0, 0x66, 0x7F, 0x7E, 0x3C, 0x18, 0x00, 0xFF, 0xFF, 0xFF, 0xF2, 0xF0, 0xF0, 0xF0, 0xF0, 0xF0,
    0xF0, 0xF0, 0x03, 0x00, 0x38, 0x07, 0x80, 0xF0, 0x0E, 0x00, 0x00, 0x1F, 0xC3, 0xFE, 0x7F, 0xE7,
    0xCC, 0x78, 0x07, 0xC0, 0x7F, 0x83, 0xFC, 0x0F, 0xE0, 0x1F, 0x00, 0xF7, 0x1F, 0x7F, 0xE7, 0xFE,
    0x7F, 0xC0, 0x06, 0x01, 0xC0, 0xF0, 0x78, 0x1C, 0x00, 0x03, 0xF9, 0xFE, 0x7F, 0x9E, 0x67, 0xF9,
    0xFE, 0x3F, 0xD8, 0xF7, 0xFD, 0xFE, 0x7F, 0x00, 0x06, 0x00, 0xF0, 0x1F, 0x81, 0xFC, 0x19, 0x80,
    0x00, 0x1F, 0xC3, 0xFE, 0x7F, 0xE7, 0xCC, 0x78, 0x07, 0xC0, 0x7F, 0x83, 0xFC, 0x0F, 0xE0, 0x1F,
    0x00, 0xF7, 0x1F, 0x7F, 0xE7, 0xFE, 0x7F, 0xC0, 0x0C, 0x07, 0x83, 0xF0, 0xFE, 0x13, 0x00, 0x03,
    0xF9, 0xFE, 0x7F, 0x9E, 0x67, 0xF9, 0xFE, 0x3F, 0xD8, 0xF7, 0xFD, 0xFE, 0x7F, 0x00, 0x1F, 0xC3,
    0xFE, 0x7F, 0xE7, 0xCC, 0x78, 0x07, 0xC0, 0x7F, 0x83, 0xFC, 0x0F, 0xE0, 0x1F, 0x00, 0xF7, 0x1F,
    0x7F, 0xE7, 0xFE, 0x7F, 0xC0, 0xE0, 0x0F, 0x00, 0x70, 0x1F, 0x01, 0xF0, 0x3F, 0x9F, 0xE7, 0xF9,
    0xE6, 0x7F, 0x9F, 0xE3, 0xFD, 0x8F, 0x7F, 0x9F, 0xE7, 0xF0, 0x70, 0x1E, 0x03, 0x83, 0xE0, 0xF0,
    0x09, 0x81, 0xFC, 0x1F, 0x80, 0xF0, 0x06, 0x00, 0x00, 0x1F, 0xC3, 0xFE, 0x7F, 0xE7, 0xCC, 0x78,
    0x07, 0xC0, 0x7F, 0x83, 0xFC, 0x0F, 0xE0, 0x1F, 0x00, 0xF7, 0x1F, 0x7F, 0xE7, 0xFE, 0x7F, 0xC0,
    0x13, 0x0F, 0xE1, 0xF0, 0x78, 0x0C, 0x00, 0x03, 0xF9, 0xFE, 0x7F, 0x9E, 0x67, 0xF9, 0xFE, 0x3F,
    0xD8, 0xF7, 0xFD, 0xFE, 0x7F, 0x00, 0xFF, 0xFF, 0xFF, 0xFF, 0xFE, 0x1E, 0x00, 0xF0, 0x07, 0x80,
    0x3C, 0x01, 0xE0, 0x0F, 0x00, 0x78, 0x03, 0xC0, 0x1E, 0x00, 0xF0, 0x07, 0x80, 0x3C, 0x00, 0xE0,
    0x07, 0x00, 0xFC, 0x07, 0xC0, 0xF0, 0xF0, 0xF0, 0xFF, 0xFF, 0xFF, 0xF0, 0xF0, 0xF0, 0xF0, 0xFA,
    0xFF, 0x7F, 0x3F, 0x1C, 0x0E, 0x3E, 0x3C, 0x09, 0x80, 0xFE, 0x03, 0xE0, 0x1E, 0x00, 0x60, 0x00,
    0x03, 0xFF, 0xFF, 0xFF, 0xFF, 0xF8, 0x78, 0x03, 0xC0, 0x1E, 0x00, 0xF0, 0x07, 0x80, 0x3C, 0x01,
    0xE0, 0x0F, 0x00, 0x78, 0x03, 0xC0, 0x1E, 0x00, 0xF0, 0x00, 0x0F, 0x0E, 0xFE, 0xFE, 0xF0, 0xFF,
    0xFF, 0xFF, 0xF0, 0xF0, 0xF0, 0xF0, 0xFA, 0xFF, 0x7F, 0x3F, 0xFF, 0xFF, 0xFF, 0xFF, 0xFE, 0x1E,
    0x00, 0xF0, 0x07, 0x80, 0x3C, 0x0F, 0xFC, 0x7F, 0xE0, 0x78, 0x03, 0xC0, 0x1E, 0x00, 0xF0, 0x07,
    0x80, 0x3C, 0x00, 0xF0, 0xF0, 0xF0, 0xFF, 0xFF, 0xFF, 0xF0, 0xFF, 0xFF, 0xF0, 0xFA, 0xFF, 0x7F,
    0x3F, 0x1E, 0xC1, 0xFE, 0x06, 0xF0, 0x00, 0x0F, 0x07, 0xF8, 0x3F, 0xC1, 0xFE, 0x0F, 0xF0, 0x7F,
    0x83, 0xFC, 0x1F, 0xE0, 0xFF, 0x07, 0xF8, 0x3F, 0xC3, 0xFF, 0xBE, 0x7F, 0xF1, 0xFF, 0x07, 0xF0,
    0x3D, 0x9F, 0xE7, 0xF0, 0x00, 0x00, 0x3C, 0xFF, 0x3F, 0xCF, 0xF3, 0xFC, 0xFF, 0x3F, 0xCF, 0xFB,
    0xFF, 0xF7, 0xFC, 0xFF, 0x1F, 0xC0, 0xFE, 0x00, 0x01, 0xE0, 0xFF, 0x07, 0xF8, 0x3F, 0xC1, 0xFE,
    0x0F, 0xF0, 0x7F, 0x83, 0xFC, 0x1F, 0xE0, 0xFF, 0x07, 0xF8, 0x7F, 0xF7, 0xCF, 0xFE, 0x3F, 0xE0,
    0xFE, 0x00, 0x7F, 0x9F, 0xE0, 0x00, 0x00, 0xF3, 0xFC, 0xFF, 0x3F, 0xCF, 0xF3, 0xFC, 0xFF, 0x3F,
    0xEF, 0xFF, 0xDF, 0xF3, 0xFC, 0x1D, 0xC0, 0xFE, 0x03, 0xE0, 0x00, 0x0F, 0x07, 0xF8, 0x3F, 0xC1,
    0xFE, 0x0F, 0xF0, 0x7F, 0x83, 0xFC, 0x1F, 0xE0, 0xFF, 0x07, 0xF8, 0x3F, 0xC3, 0xFF, 0xBE, 0x7F,
    0xF1, 0xFF, 0x07, 0xF0, 0x7B, 0x8F, 0xE1, 0xF0, 0x00, 0x00, 0x3C, 0xFF, 0x3F, 0xCF, 0xF3, 0xFC,
    0xFF, 0x3F, 0xCF, 0xFB, 0xFF, 0xF7, 0xFC, 0xFF, 0x07, 0x00, 0x7C, 0x03, 0x60, 0x1B, 0x00, 0xF8,
    0x07, 0x83, 0xC1, 0xFE, 0x0F, 0xF0, 0x7F, 0x83, 0xFC, 0x1F, 0xE0, 0xFF, 0x07, 0xF8, 0x3F, 0xC1,
    0xFE, 0x0F, 0xF0, 0xFF, 0xEF, 0x9F, 0xFC, 0x7F, 0xC1, 0xFC, 0x00, 0x1E, 0x07, 0xC3, 0xF0, 0xFC,
    0x1F, 0x07, 0x80, 0x03, 0xCF, 0xF3, 0xFC, 0xFF, 0x3F, 0xCF, 0xF3, 0xFC, 0xFF, 0xBF, 0xFF, 0x7F,
    0xCF, 0xF0, 0x06, 0x60, 0x77, 0x83, 0xB8, 0x3B, 0x81, 0x98, 0x00, 0x03, 0xC1, 0xFE, 0x0F, 0xF0,
    0x7F, 0x83, 0xFC, 0x1F, 0xE0, 0xFF, 0x07, 0xF8, 0x3F, 0xC1, 0xFE, 0x0F, 0xF0, 0xFF, 0xEF, 0x9F,
    0xFC, 0x7F, 0xC1, 0xFC, 0x00, 0x1C, 0xC3, 0xB8, 0xEE, 0x3D, 0xC3, 0x30, 0x00, 0x3C, 0xF7, 0x9E,
    0xF3, 0xDE, 0x7B, 0xCF, 0x79, 0xEF, 0x3D, 0xF7, 0xBF, 0xF3, 0xFE, 0x3F, 0xC0, 0xF0, 0x7F, 0x83,
    0xFC, 0x1F, 0xE0, 0xFF, 0x07, 0xF8, 0x3F, 0xC1, 0xFE, 0x0F, 0xF0, 0x7F, 0x83, 0xFC, 0x3F, 0xFB,
    0xE7, 0xFF, 0x1F, 0xF0, 0x7F, 0x00, 0xF0, 0x07, 0x00, 0x3E, 0x01, 0xF0, 0xF3, 0xFC, 0xFF, 0x3F,
    0xCF, 0xF3, 0xFC, 0xFF, 0x3F, 0xEF, 0xFF, 0xDF, 0xF3, 0xFC, 0x0E, 0x07, 0x01, 0xF0, 0x7C, 0x00,
    0x60, 0x00, 0x0F, 0x00, 0x01, 0xF8, 0x00, 0x3F, 0x80, 0x01, 0x98, 0x00, 0x00, 0x00, 0xF0, 0x00,
    0xFF, 0x80, 0x1F, 0x78, 0xF1, 0xE7, 0x8F, 0x1E, 0x78, 0xF9, 0xE7, 0x9F, 0x9E, 0x7D, 0xF9, 0xC3,
    0xDF, 0xBC, 0x3F, 0xFF, 0xC3, 0xF9, 0xFC, 0x3F, 0x9F, 0x81, 0xF9, 0xF8, 0x1F, 0x0F, 0x81, 0xF0,
    0xF8, 0x0F, 0x0F, 0x00, 0x01, 0x80, 0x01, 0xE0, 0x01, 0xF8, 0x00, 0xFE, 0x00, 0x66, 0x00, 0x00,
    0x03, 0xC7, 0x1D, 0xE7, 0x9E, 0x73, 0xCF, 0x3D, 0xF7, 0x9E, 0xFB, 0x87, 0xFF, 0xC3, 0xFF, 0xE1,
    0xFB, 0xE0, 0x79, 0xF0, 0x3C, 0xF8, 0x1E, 0x38, 0x00, 0x03, 0x00, 0x1E, 0x00, 0xFC, 0x07, 0xF0,
    0x0C, 0xC0, 0x00, 0x0F, 0x83, 0xFE, 0x1E, 0x7C, 0x78, 0xF3, 0xC3, 0xFF, 0x07, 0xF8, 0x1F, 0xE0,
    0x3F, 0x00, 0xF8, 0x01, 0xE0, 0x07, 0x80, 0x1E, 0x00, 0x78, 0x01, 0xE0, 0x07, 0x80, 0x06, 0x00,
    0xF0, 0x1F, 0x83, 0xF8, 0x19, 0x80, 0x00, 0xF0, 0xFF, 0x1E, 0x79, 0xE7, 0x9E, 0x7B, 0xC3, 0xFC,
    0x3F, 0x81, 0xF8, 0x1F, 0x81, 0xF0, 0x0F, 0x01, 0xE0, 0xFE, 0x0F, 0xC0, 0xF8, 0x00, 0x1C, 0xE0,
    0x7F, 0x81, 0xCE, 0x00, 0x00, 0xF8, 0x3F, 0xE1, 0xE7, 0xC7, 0x8F, 0x3C, 0x3F, 0xF0, 0x7F, 0x81,
    0xFE, 0x03, 0xF0, 0x0F, 0x80, 0x1E, 0x00, 0x78, 0x01, 0xE0, 0x07, 0x80, 0x1E, 0x00, 0x78, 0x00,
    0x01, 0x00, 0x1C, 0x01, 0xE0, 0x1E, 0x00, 0xE0, 0x00, 0x01, 0xFF, 0xCF, 0xFE, 0x7F, 0xF0, 0x0F,
    0x80, 0xF8, 0x0F, 0x80, 0xF8, 0x07, 0x80, 0x7C, 0x07, 0xC0, 0x3C, 0x03, 0xE0, 0x1F, 0xFF, 0xFF,
    0xFF, 0xFF, 0x80, 0x06, 0x01, 0xC0, 0xF0, 0x78, 0x1C, 0x00, 0x07, 0xFD, 0xFF, 0x7F, 0xC1, 0xE0,
    0xF0, 0x78, 0x3C, 0x1E, 0x07, 0xFF, 0xFF, 0xFF, 0xC0, 0x07, 0x00, 0x78, 0x01, 0xC0, 0x00, 0x07,
    0xFF, 0x3F, 0xF9, 0xFF, 0xC0, 0x3E, 0x03, 0xE0, 0x3E, 0x03, 0xE0, 0x1E, 0x01, 0xF0, 0x1F, 0x00,
    0xF0, 0x0F, 0x80, 0x7F, 0xFF, 0xFF, 0xFF, 0xFE, 0x0E, 0x07, 0x80, 0xE0, 0x00, 0x00, 0x1F, 0xF7,
    0xFD, 0xFF, 0x07, 0x83, 0xC1, 0xE0, 0xF0, 0x78, 0x1F, 0xFF, 0xFF, 0xFF, 0x08, 0x80, 0xFE, 0x03,
    0xE0, 0x0E, 0x00, 0x30, 0x00, 0x01, 0xFF, 0xCF, 0xFE, 0x7F, 0xF0, 0x0F, 0x80, 0xF8, 0x0F, 0x80,
    0xF8, 0x07, 0x80, 0x7C, 0x07, 0xC0, 0x3C, 0x03, 0xE0, 0x1F, 0xFF, 0xFF, 0xFF, 0xFF, 0x80, 0x13,
    0x0F, 0xE3, 0xF0, 0x78, 0x0C, 0x00, 0x07, 0xFD, 0xFF, 0x7F, 0xC1, 0xE0, 0xF0, 0x78, 0x3C, 0x1E,
    0x07, 0xFF, 0xFF, 0xFF, 0xC0, 0x3F, 0x3F, 0xBF, 0xDF, 0x6F, 0x07, 0x83, 0xC1, 0xE0, 0xF0, 0x78,
    0x3C, 0x1E, 0x0F, 0x07, 0x83, 0xC1, 0xE0, 0x00, 0x1E, 0x00, 0x3C, 0x3F, 0xF9, 0xFF, 0xE7, 0xFF,
    0xCF, 0x9F, 0xBE, 0x0F, 0x78, 0x1F, 0xF0, 0x1F, 0xE0, 0x3F, 0xC0, 0x7F, 0x81, 0xFF, 0x83, 0xCF,
    0x9F, 0x9F, 0xFE, 0x1F, 0xFC, 0x0F, 0xE0, 0x00, 0x38, 0x01, 0xC7, 0xFE, 0x7F, 0xE7, 0xFF, 0x3E,
    0xF9, 0xE3, 0xCF, 0x1E, 0x78, 0xF3, 0xEF, 0x9F, 0xFC, 0x7F, 0xC1, 0xFC, 0x00, 0x00, 0x0E, 0x00,
    0x3F, 0xC1, 0xFF, 0x83, 0xEF, 0x07, 0x9E, 0x0F, 0x3C, 0x1E, 0x78, 0x3C, 0xF0, 0x79, 0xE0, 0xF3,
    0xC1, 0xE7, 0x83, 0xCF, 0x0F, 0x9F, 0xBE, 0x1F, 0xFC, 0x1F, 0xF0, 0x1F, 0xC0, 0x00, 0x78, 0x03,
    0xFC, 0xFD, 0xE7, 0xEF, 0x3C, 0x79, 0xE3, 0xCF, 0x1E, 0x78, 0xF3, 0xC7, 0xDE, 0x3F, 0xF0, 0xFF,
    0x83, 0xFC, 0x00, 0x00, 0x00, 0x66, 0x00, 0x00, 0x1F, 0xC0, 0x00, 0x07, 0xE0, 0x00, 0x00, 0xF0,
    0x00, 0x00, 0x18, 0x3F, 0xF0, 0xFF, 0xFF, 0xFE, 0x3F, 0xFF, 0xFF, 0xCF, 0xFF, 0xF1, 0xF8, 0x0F,
    0xBC, 0x1E, 0x07, 0xCF, 0x07, 0xC1, 0xE3, 0xC0, 0xF0, 0xF8, 0xF0, 0x3C, 0x7C, 0x3C, 0x0F, 0x1E,
    0x0F, 0x07, 0xCF, 0x03, 0xC1, 0xE7, 0xC0, 0xF1, 0xF9, 0xE0, 0x3F, 0xFC, 0xFF, 0xFF, 0xFE, 0x3F,
    0xFF, 0xFF, 0x0F, 0xFF, 0x00, 0x00, 0x4C, 0x00, 0x00, 0xFE, 0xFF, 0xC0, 0x7C, 0xFF, 0xE0, 0x78,
    0xFF, 0xF0, 0x30, 0xF1, 0xF8, 0x00, 0xF0, 0x79, 0xFF, 0xF0, 0x7D, 0xFF, 0xF0, 0x3D, 0xFF, 0xF0,
    0x3C, 0x1E, 0xF0, 0x3C, 0x3C, 0xF0, 0x7C, 0x78, 0xF0, 0x78, 0xF0, 0xF1, 0xF9, 0xE0, 0xFF, 0xF1,
    0xFF, 0xFF, 0xE3, 0xFF, 0xFF, 0xC3, 0xFF, 0x00, 0x01, 0x98, 0x01, 0xE7, 0xF0, 0x03, 0xC7, 0xE0,
    0x07, 0x87, 0x80, 0x0F, 0x06, 0x00, 0x1E, 0x00, 0x07, 0xFD, 0xFF, 0x9F, 0xFB, 0xFF, 0x7F, 0xF7,
    0xFE, 0xFB, 0xE0, 0xF9, 0xE3, 0xC3, 0xE3, 0xC7, 0x8F, 0x87, 0x8F, 0x1E, 0x0F, 0x9E, 0x78, 0x1F,
    0xFD, 0xFF, 0x9F, 0xFB, 0xFF, 0x1F, 0xE7, 0xFE, 0xF0, 0x00, 0x7F, 0x80, 0x03, 0xFC, 0x00, 0x1F,
    0xE0, 0x00, 0xFF, 0x00, 0x07, 0xF8, 0x00, 0x3F, 0xC0, 0x01, 0xFE, 0x00, 0x0F, 0xF0, 0x00, 0x7F,
    0x80, 0x03, 0xFC, 0x00, 0x1F, 0xE0, 0x19, 0xFF, 0xFF, 0xFF, 0x7F, 0xFF, 0xFB, 0xFF, 0xFF, 0x80,
    0x00, 0x0E, 0xF0, 0x0F, 0xF0, 0x0F, 0xF0, 0x0E, 0xF0, 0x00, 0xF0, 0x0F, 0xF0, 0x0F, 0xF0, 0x0F,
    0xF0, 0x0F, 0xF0, 0x0F, 0xF0, 0x0F, 0xF0, 0x0F, 0xF0, 0x0F, 0xFF, 0xEF, 0xFF, 0xEF, 0xFF, 0xEF,
    0x00, 0x1F, 0x00, 0x7E, 0x00, 0x7E, 0x00, 0x7C, 0xF1, 0xDE, 0x7F, 0xCF, 0xF8, 0xEF, 0x01, 0xE3,
    0xFC, 0x7F, 0x8F, 0xF1, 0xFE, 0x3F, 0xC7, 0xF8, 0xFF, 0x9F, 0xFB, 0xDE, 0x7B, 0xCF, 0x03, 0xC1,
    0xF8, 0x3F, 0x07, 0xC0, 0xF0, 0x3C, 0x07, 0xFC, 0x1E, 0x03, 0xFF, 0x0F, 0x01, 0xFF, 0xC7, 0x80,
    0xFF, 0xE3, 0xC0, 0x7F, 0xF9, 0xE0, 0x3F, 0xDE, 0xF0, 0x1F, 0xEF, 0x78, 0x0F, 0xF3, 0xFC, 0x07,
    0xF8, 0xFE, 0x03, 0xFC, 0x7F, 0x01, 0xFE, 0x1F, 0x99, 0xFF, 0x07, 0xDF, 0xF7, 0x83, 0xEF, 0xFB,
    0xC0, 0xF7, 0xF8, 0x00, 0x00, 0xFF, 0x03, 0xCF, 0xF8, 0x3C, 0xFF, 0xC3, 0xCF, 0xFE, 0x3C, 0x0F,
    0xE3, 0xCF, 0xFF, 0x3C, 0xFF, 0x7B, 0xCF, 0xF7, 0xBC, 0xFF, 0x3F, 0xCF, 0xF1, 0xFC, 0xFF, 0x1F,
    0xCF, 0xF0, 0xFC, 0xFF, 0x07, 0xCF, 0xF0, 0x7C, 0xFF, 0x03, 0xCF, 0x00, 0x01, 0xF0, 0x00, 0x7F,
    0x00, 0x07, 0xE0, 0x00, 0x7C, 0x00, 0x07, 0x00, 0x07, 0xC0, 0x03, 0xE0, 0x00, 0xE0, 0x00, 0x07,
    0xFC, 0x7B, 0xFE, 0x3D, 0xFF, 0x9E, 0xF3, 0xCF, 0x79, 0xE7, 0xBC, 0xF3, 0xDE, 0x79, 0xEF, 0x3C,
    0xF7, 0x9E, 0x7B, 0xCF, 0x3D, 0xE7, 0x9E, 0x00, 0x0F, 0x00, 0x1F, 0x80, 0x0F, 0xC0, 0x07, 0xC0,
    0x04, 0x40, 0x1F, 0xC0, 0x1F, 0x00, 0x1C, 0x00, 0x10, 0x00, 0x00, 0x01, 0xF0, 0x03, 0xE0, 0x07,
    0xE0, 0x1F, 0xC0, 0x3F, 0x80, 0xF7, 0x81, 0xEF, 0x03, 0x8F, 0x0F, 0x1E, 0x1F, 0xFC, 0x7F, 0xFC,
    0xFF, 0xF9, 0xE0, 0xF7, 0x80, 0xFF, 0x01, 0xE0, 0x19, 0x87, 0xF0, 0x7E, 0x07, 0x80, 0x60, 0x00,
    0x0F, 0xE1, 0xFE, 0x3F, 0xC6, 0x7C, 0xFF, 0xBF, 0xF7, 0x9F, 0xF3, 0xDF, 0xFB, 0xFF, 0x3F, 0xC0,
    0xCD, 0xFF, 0xF3, 0xC3, 0x00, 0x1E, 0x3C, 0x78, 0xF1, 0xE3, 0xC7, 0x8F, 0x1E, 0x3C, 0x78, 0xF1,
    0xE3, 0xC7, 0x80, 0x66, 0x7F, 0x7E, 0x3C, 0x18, 0x00, 0x3C, 0x3C, 0x3C, 0x3C, 0x3C, 0x3C, 0x3C,
    0x3C, 0x3C, 0x3C, 0x3C, 0x0C, 0xC0, 0x1F, 0xC0, 0x3F, 0x00, 0x3C, 0x00, 0x30, 0x00, 0x00, 0x03,
    0xF8, 0x1F, 0xF8, 0x7F, 0xF8, 0xF9, 0xFB, 0xE0, 0xF7, 0x81, 0xFF, 0x01, 0xFE, 0x03, 0xFC, 0x07,
    0xF8, 0x1F, 0xF8, 0x3C, 0xF9, 0xF9, 0xFF, 0xE1, 0xFF, 0xC0, 0xFE, 0x00, 0x19, 0x81, 0xFC, 0x1F,
    0x80, 0xF0, 0x06, 0x00, 0x00, 0x1F, 0xC3, 0xFE, 0x7F, 0xE7, 0xDF, 0x78, 0xF7, 0x8F, 0x78, 0xF7,
    0xDF, 0x7F, 0xE3, 0xFE, 0x1F, 0xC0, 0x09, 0x80, 0xFE, 0x03, 0xE0, 0x1E, 0x00, 0x60, 0x00, 0x03,
    0xC1, 0xFE, 0x0F, 0xF0, 0x7F, 0x83, 0xFC, 0x1F, 0xE0, 0xFF, 0x07, 0xF8, 0x3F, 0xC1, 0xFE, 0x0F,
    0xF0, 0xFF, 0xEF, 0x9F, 0xFC, 0x7F, 0xC1, 0xFC, 0x00, 0x33, 0x0F, 0xE3, 0xF0, 0x78, 0x0C, 0x00,
    0x0F, 0x3F, 0xCF, 0xF3, 0xFC, 0xFF, 0x3F, 0xCF, 0xF3, 0xFE, 0xFF, 0xFD, 0xFF, 0x3F, 0xC0, 0x1F,
    0xC0, 0xFE, 0x00, 0x00, 0x3B, 0x81, 0xDC, 0x0E, 0xE0, 0x00, 0x1E, 0x0F, 0xF0, 0x7F, 0x83, 0xFC,
    0x1F, 0xE0, 0xFF, 0x07, 0xF8, 0x3F, 0xC1, 0xFE, 0x0F, 0xF0, 0x7F, 0x87, 0xFF, 0x7C, 0xFF, 0xE3,
    0xFE, 0x0F, 0xE0, 0x3F, 0x0F, 0xC0, 0x00, 0xEC, 0x7F, 0x8E, 0xC0, 0x03, 0xCF, 0xF3, 0xFC, 0xFF,
    0x3F, 0xCF, 0xF3, 0xFC, 0xFF, 0xBF, 0xFF, 0x7F, 0xCF, 0xF0, 0x01, 0x00, 0x1C, 0x01, 0xE0, 0x7D,
    0x83, 0x9E, 0x1C, 0x60, 0x00, 0x1E, 0x0F, 0xF0, 0x7F, 0x83, 0xFC, 0x1F, 0xE0, 0xFF, 0x07, 0xF8,
    0x3F, 0xC1, 0xFE, 0x0F, 0xF0, 0x7F, 0x87, 0xFF, 0x7C, 0xFF, 0xE3, 0xFE, 0x0F, 0xE0, 0x03, 0x01,
    0xC0, 0xF0, 0x38, 0x7F, 0x9C, 0xF7, 0x38, 0x00, 0xF3, 0xFC, 0xFF, 0x3F, 0xCF, 0xF3, 0xFC, 0xFF,
    0x3F, 0xEF, 0xFF, 0xDF, 0xF3, 0xFC, 0x0F, 0x80, 0x7C, 0x0F, 0xF8, 0x73, 0xC3, 0x8E, 0x00, 0x03,
    0xC1, 0xFE, 0x0F, 0xF0, 0x7F, 0x83, 0xFC, 0x1F, 0xE0, 0xFF, 0x07, 0xF8, 0x3F, 0xC1, 0xFE, 0x0F,
    0xF0, 0xFF, 0xEF, 0x9F, 0xFC, 0x7F, 0xC1, 0xFC, 0x00, 0x00, 0x0C, 0xC3, 0xF0, 0x78, 0x7F, 0x9C,
    0xF7, 0x18, 0x00, 0xF3, 0xFC, 0xFF, 0x3F, 0xCF, 0xF3, 0xFC, 0xFF, 0x3F, 0xEF, 0xFF, 0xDF, 0xF3,
    0xFC, 0x0C, 0x00, 0x70, 0x03, 0xC0, 0x7F, 0xC3, 0x9E, 0x1C, 0x70, 0x00, 0x1E, 0x0F, 0xF0, 0x7F,
    0x83, 0xFC, 0x1F, 0xE0, 0xFF, 0x07, 0xF8, 0x3F, 0xC1, 0xFE, 0x0F, 0xF0, 0x7F, 0x87, 0xFF, 0x7C,
    0xFF, 0xE3, 0xFE, 0x0F, 0xE0, 0x18, 0x0E, 0x01, 0xC0, 0x70, 0x7F, 0x9C, 0xF7, 0x38, 0x00, 0xF3,
    0xFC, 0xFF, 0x3F, 0xCF, 0xF3, 0xFC, 0xFF, 0x3F, 0xEF, 0xFF, 0xDF, 0xF3, 0xFC, 0x7F, 0x87, 0xFC,
    0x7F, 0xE3, 0x3E, 0x00, 0xF7, 0xFF, 0x7F, 0xF7, 0x9E, 0x7F, 0xE3, 0xFC, 0x1F, 0x80, 0x0F, 0xE0,
    0x1F, 0xC0, 0x00, 0x00, 0x77, 0x00, 0xEE, 0x01, 0xDC, 0x00, 0x00, 0x03, 0xE0, 0x07, 0xC0, 0x0F,
    0xC0, 0x3F, 0x80, 0x7F, 0x01, 0xEF, 0x03, 0xDE, 0x07, 0x1E, 0x1E, 0x3C, 0x3F, 0xF8, 0xFF, 0xF9,
    0xFF, 0xF3, 0xC1, 0xEF, 0x01, 0xFE, 0x03, 0xC0, 0x3F, 0x87, 0xF0, 0x00, 0x1D, 0xC3, 0xB8, 0x77,
    0x00, 0x01, 0xFC, 0x3F, 0xC7, 0xF8, 0xCF, 0x9F, 0xF7, 0xFE, 0xF3, 0xFE, 0x7B, 0xFF, 0x7F, 0xE7,
    0xF8, 0x0F, 0xE0, 0x1F, 0xC0, 0x00, 0x00, 0x1C, 0x00, 0x38, 0x00, 0x70, 0x00, 0x00, 0x03, 0xE0,
    0x07, 0xC0, 0x0F, 0xC0, 0x3F, 0x80, 0x7F, 0x01, 0xEF, 0x03, 0xDE, 0x07, 0x1E, 0x1E, 0x3C, 0x3F,
    0xF8, 0xFF, 0xF9, 0xFF, 0xF3, 0xC1, 0xEF, 0x01, 0xFE, 0x03, 0xC0, 0x1F, 0x83, 0xF0, 0x00, 0x07,
    0x00, 0xE0, 0x1C, 0x00, 0x01, 0xFC, 0x3F, 0xC7, 0xF8, 0xCF, 0x9F, 0xF7, 0xFE, 0xF3, 0xFE, 0x7B,
    0xFF, 0x7F, 0xE7, 0xF8, 0x00, 0x7F, 0x00, 0x03, 0xF8, 0x00, 0x00, 0x00, 0x01, 0xFF, 0xE0, 0x0F,
    0xFF, 0x00, 0xFF, 0xF8, 0x07, 0xF0, 0x00, 0x7F, 0x80, 0x07, 0xBC, 0x00, 0x3D, 0xFF, 0x03, 0xCF,
    0xF8, 0x1E, 0x7F, 0xC1, 0xFF, 0xC0, 0x1F, 0xFE, 0x00, 0xFF, 0xF0, 0x0F, 0x87, 0xFF, 0x78, 0x3F,
    0xFF, 0x81, 0xFF, 0xC0, 0x07, 0xF8, 0x01, 0xFE, 0x00, 0x00, 0x00, 0x00, 0x00, 0x3F, 0xFF, 0x0F,
    0xFF, 0xE3, 0xFF, 0xF8, 0xCF, 0x9F, 0x3F, 0xFF, 0xDF, 0xFF, 0xF7, 0x9E, 0x03, 0xE7, 0xC6, 0x7F,
    0xFF, 0x9F, 0xFF, 0xE3, 0xFF, 0xF8, 0x0F, 0xF0, 0x7F, 0xE1, 0xFF, 0xC3, 0xF3, 0x8F, 0x80, 0x1E,
    0x00, 0x3C, 0x1E, 0x78, 0x3C, 0xF1, 0xFD, 0xE3, 0xFB, 0xE1, 0xE3, 0xE3, 0xC7, 0xFF, 0x87, 0xFF,
    0x07, 0xFC, 0x00, 0x1F, 0xE1, 0xFF, 0x1F, 0xF8, 0xFB, 0xC7, 0xBF, 0xBD, 0xFD, 0xE7, 0x8F, 0xFC,
    0x3F, 0xE0, 0xFF, 0x00, 0x78, 0x67, 0xC7, 0xFE, 0x3F, 0xE1, 0xFE, 0x00, 0x04, 0xC0, 0x7F, 0x03,
    0xF0, 0x0F, 0x00, 0x30, 0x00, 0x00, 0x3F, 0xC7, 0xFE, 0x7F, 0xF3, 0xF3, 0xBE, 0x01, 0xE0, 0x0F,
    0x00, 0x78, 0x3F, 0xC1, 0xFE, 0x0F, 0xF8, 0x7B, 0xE3, 0xDF, 0xFE, 0x7F, 0xF1, 0xFF, 0x00, 0x0C,
    0xC3, 0xF8, 0x3F, 0x03, 0xC0, 0x30, 0x00, 0x07, 0xF9, 0xFF, 0x7F, 0xEF, 0xBD, 0xE7, 0xBC, 0xF7,
    0x9E, 0xFF, 0xCF, 0xF8, 0xFF, 0x01, 0xE6, 0x7D, 0xFF, 0xBF, 0xE7, 0xF8, 0x19, 0x80, 0x7F, 0x01,
    0xF8, 0x03, 0xC0, 0x06, 0x00, 0x00, 0x0F, 0x0F, 0xBC, 0x7C, 0xF3, 0xE3, 0xDF, 0x0F, 0xF8, 0x3F,
    0xC0, 0xFE, 0x03, 0xFC, 0x0F, 0xF8, 0x3D, 0xF0, 0xF3, 0xC3, 0xCF, 0x8F, 0x1F, 0x3C, 0x3C, 0xF0,
    0xF8, 0x7E, 0x0F, 0xC0, 0xE0, 0x00, 0x0F, 0x01, 0xE0, 0x3C, 0x07, 0x80, 0xF0, 0x1E, 0x7F, 0xDF,
    0x7F, 0xCF, 0xF1, 0xFC, 0x3F, 0xC7, 0xF8, 0xF7, 0x9E, 0xFB, 0xCF, 0xF8, 0xF0, 0x0F, 0xE0, 0x7F,
    0xE1, 0xFF, 0xE3, 0xE7, 0xEF, 0x83, 0xDE, 0x07, 0xFC, 0x07, 0xF8, 0x0F, 0xF0, 0x1F, 0xE0, 0x7F,
    0xE0, 0xF3, 0xE7, 0xE7, 0xFF, 0x87, 0xFE, 0x03, 0xF8, 0x01, 0xE0, 0x03, 0x80, 0x0F, 0xC0, 0x0F,
    0x80, 0x1F, 0xC3, 0xFE, 0x7F, 0xE7, 0xDF, 0x78, 0xF7, 0x8F, 0x78, 0xF7, 0xDF, 0x7F, 0xE3, 0xFE,
    0x1F, 0xC0, 0x70, 0x0F, 0x00, 0xF8, 0x07, 0x80, 0x0F, 0xE0, 0x1F, 0xC0, 0x00, 0x00, 0x7F, 0x03,
    0xFF, 0x0F, 0xFF, 0x1F, 0x3F, 0x7C, 0x1E, 0xF0, 0x3F, 0xE0, 0x3F, 0xC0, 0x7F, 0x80, 0xFF, 0x03,
    0xFF, 0x07, 0x9F, 0x3F, 0x3F, 0xFC, 0x3F, 0xF0, 0x1F, 0xC0, 0x0F, 0x00, 0x1C, 0x00, 0x7E, 0x00,
    0x7C, 0x00, 0x1F, 0xC1, 0xFC, 0x00, 0x00, 0x00, 0x1F, 0xC3, 0xFE, 0x7F, 0xE7, 0xDF, 0x78, 0xF7,
    0x8F, 0x78, 0xF7, 0xDF, 0x7F, 0xE3, 0xFE, 0x1F, 0xC0, 0x70, 0x0F, 0x00, 0xF8, 0x07, 0x80, 0x19,
    0x81, 0xFC, 0x1F, 0x80, 0xF0, 0x06, 0x00, 0x00, 0x7F, 0xF7, 0xFF, 0x7F, 0xF0, 0x3E, 0x07, 0xC0,
    0xF8, 0x1F, 0xC1, 0xFE, 0x03, 0xF0, 0x0F, 0x00, 0xF7, 0x1F, 0xFF, 0xFF, 0xFE, 0x7F, 0xC0, 0x33,
    0x0F, 0xE3, 0xF0, 0x78, 0x0C, 0x00, 0x00, 0x03, 0xFF, 0xFF, 0xFF, 0xF0, 0x78, 0x3C, 0x1E, 0x0F,
    0xC1, 0xF8, 0x1F, 0x03, 0xC0, 0xFE, 0x7F, 0xFF, 0xFF, 0xBF, 0xC0, 0x33, 0x1F, 0xCF, 0xC3, 0xC0,
    0xC0, 0x00, 0x78, 0x3C, 0x1E, 0x0F, 0x07, 0x83, 0xC1, 0xE0, 0xF0, 0x78, 0x3C, 0x1E, 0x0F, 0x3F,
    0x9F, 0x8F, 0x80, 0xFF, 0xC3, 0xFF, 0xFF, 0xF8, 0xFF, 0xFF, 0xFF, 0x3F, 0xFF, 0xC7, 0xE0, 0x3E,
    0xF0, 0x78, 0x1F, 0x3C, 0x1F, 0x07, 0x8F, 0x03, 0xC3, 0xE3, 0xC0, 0xF1, 0xF0, 0xF0, 0x3C, 0x78,
    0x3C, 0x1F, 0x3C, 0x0F, 0x07, 0x9F, 0x03, 0xC7, 0xE7, 0x80, 0xFF, 0xF3, 0xFF, 0xFF, 0xF8, 0xFF,
    0xFF, 0xFC, 0x3F, 0xFC, 0xFF, 0xC0, 0x00, 0xFF, 0xE0, 0x00, 0xFF, 0xF0, 0x00, 0xF1, 0xF8, 0x00,
    0xF0, 0x79, 0xFF, 0xF0, 0x7D, 0xFF, 0xF0, 0x3D, 0xFF, 0xF0, 0x3C, 0x1E, 0xF0, 0x3C, 0x3C, 0xF0,
    0x7C, 0x78, 0xF0, 0x78, 0xF0, 0xF1, 0xF9, 0xE0, 0xFF, 0xF1, 0xFF, 0xFF, 0xE3, 0xFF, 0xFF, 0xC3,
    0xFF, 0x00, 0xF0, 0x00, 0x01, 0xE0, 0x00, 0x03, 0xC0, 0x00, 0x07, 0x80, 0x00, 0x0F, 0x00, 0x03,
    0xFE, 0xFF, 0xCF, 0xFD, 0xFF, 0xBF, 0xFB, 0xFF, 0x7D, 0xF0, 0x7C, 0xF1, 0xE1, 0xF1, 0xE3, 0xC7,
    0xC3, 0xC7, 0x8F, 0x07, 0xCF, 0x3C, 0x0F, 0xFE, 0xFF, 0xCF, 0xFD, 0xFF, 0x8F, 0xF3, 0xFF, 0x00,
    0x80, 0x0E, 0x00, 0xF0, 0x0F, 0x00, 0x70, 0x00, 0x00, 0x3F, 0xC7, 0xFE, 0x7F, 0xF3, 0xF3, 0xBE,
    0x01, 0xE0, 0x0F, 0x00, 0x78, 0x3F, 0xC1, 0xFE, 0x0F, 0xF8, 0x7B, 0xE3, 0xDF, 0xFE, 0x7F, 0xF1,
    0xFF, 0x00, 0x01, 0x80, 0x38, 0x0F, 0x03, 0xC0, 0x70, 0x00, 0x07, 0xF9, 0xFF, 0x7F, 0xEF, 0xBD,
    0xE7, 0xBC, 0xF7, 0x9E, 0xFF, 0xCF, 0xF8, 0xFF, 0x01, 0xE6, 0x7D, 0xFF, 0xBF, 0xE7, 0xF8, 0xF0,
    0x78, 0x07, 0x83, 0xC0, 0x3C, 0x1E, 0x01, 0xE0, 0xF1, 0xEF, 0x07, 0x8F, 0x78, 0x3C, 0x7B, 0xFF,
    0xE3, 0xDF, 0xFF, 0x1E, 0xFF, 0xF8, 0xF7, 0x83, 0xC7, 0xBC, 0x1E, 0x3D, 0xE0, 0xFB, 0xEF, 0x07,
    0xFF, 0x78, 0x1F, 0xF3, 0xC0, 0x7F, 0x00, 0x7F, 0xC7, 0xFF, 0x3F, 0xFD, 0xE3, 0xEF, 0x0F, 0xF8,
    0x7F, 0xC3, 0xFE, 0x1E, 0xF0, 0xF7, 0x8F, 0xBC, 0xF9, 0xFF, 0x8F, 0xF8, 0x7F, 0x83, 0xF0, 0x1E,
    0x00, 0xF0, 0x07, 0x80, 0x3C, 0x00, 0x04, 0x00, 0x38, 0x00, 0xF0, 0x01, 0xE0, 0x03, 0x00, 0x00,
    0x0F, 0x03, 0xFE, 0x0F, 0xFC, 0x3F, 0xF8, 0xFF, 0xE3, 0xFF, 0xCF, 0xF7, 0xBF, 0xDE, 0xFF, 0x3F,
    0xFC, 0x7F, 0xF1, 0xFF, 0xC3, 0xFF, 0x07, 0xFC, 0x1F, 0xF0, 0x3C, 0x18, 0x0F, 0x03, 0xC0, 0x78,
    0x06, 0x00, 0x0F, 0xFB, 0xFE, 0xFF, 0xFC, 0xFF, 0x3F, 0xCF, 0xF3, 0xFC, 0xFF, 0x3F, 0xCF, 0xF3,
    0xC0, 0x01, 0x80, 0x0F, 0x80, 0x1C, 0x00, 0x00, 0x00, 0x38, 0x00, 0xD8, 0x01, 0xB0, 0x03, 0xE0,
    0x07, 0xC0, 0x1F, 0xC0, 0x3F, 0x80, 0xFF, 0x81, 0xEF, 0x03, 0xDE, 0x0F, 0x1E, 0x1E, 0x3C, 0x3F,
    0xF8, 0xFF, 0xF9, 0xFF, 0xF3, 0xC1, 0xEF, 0x01, 0xFE, 0x03, 0xC0, 0x07, 0x01, 0xE0, 0x70, 0x00,
    0x00, 0xF0, 0x3E, 0x07, 0xC0, 0x78, 0x00, 0x07, 0xF0, 0xFF, 0x1F, 0xE3, 0x3E, 0x7F, 0xDF, 0xFB,
    0xCF, 0xF9, 0xEF, 0xFD, 0xFF, 0x9F, 0xE0, 0x00, 0x06, 0x00, 0x00, 0x78, 0x00, 0x07, 0xC0, 0x00,
    0x38, 0x00, 0x01, 0x80, 0x00, 0x00, 0x00, 0x03, 0xFF, 0xC0, 0x1F, 0xFE, 0x01, 0xFF, 0xF0, 0x0F,
    0xE0, 0x00, 0xFF, 0x00, 0x0F, 0x78, 0x00, 0x7B, 0xFE, 0x07, 0x9F, 0xF0, 0x3C, 0xFF, 0x83, 0xFF,
    0x80, 0x3F, 0xFC, 0x01, 0xFF, 0xE0, 0x1F, 0x0F, 0xFE, 0xF0, 0x7F, 0xFF, 0x03, 0xFF, 0x80, 0x00,
    0x30, 0x00, 0x1E, 0x00, 0x0F, 0x00, 0x03, 0x80, 0x00, 0xC0, 0x00, 0x00, 0x03, 0xFF, 0xF0, 0xFF,
    0xFE, 0x3F, 0xFF, 0x8C, 0xF9, 0xF3, 0xFF, 0xFD, 0xFF, 0xFF, 0x79, 0xE0, 0x3E, 0x7C, 0x67, 0xFF,
    0xF9, 0xFF, 0xFE, 0x3F, 0xFF, 0x80, 0x01, 0x80, 0x07, 0x80, 0x0F, 0x00, 0x3C, 0x00, 0x60, 0x81,
    0xFF, 0x8F, 0xFF, 0x3F, 0xFC, 0x7C, 0xFD, 0xF1, 0xFB, 0xC7, 0xFF, 0x9E, 0xFF, 0x79, 0xFE, 0xE3,
    0xFF, 0xCF, 0xFF, 0x1E, 0x7C, 0xFC, 0xFF, 0xF1, 0xFF, 0xE7, 0xFF, 0x02, 0x00, 0x00, 0x03, 0x00,
    0x38, 0x07, 0x80, 0xF0, 0x0E, 0x00, 0x02, 0x1F, 0xF3, 0xFE, 0x7F, 0xE7, 0xFF, 0x7B, 0xF7, 0x7F,
    0x7E, 0xF7, 0xDF, 0x7F, 0xE7, 0xFE, 0x7F, 0xC2, 0x00, 0x19, 0xC0, 0x3B, 0x80, 0x3B, 0x80, 0x73,
    0x80, 0x66, 0x00, 0x00, 0x01, 0xF0, 0x03, 0xE0, 0x07, 0xE0, 0x1F, 0xC0, 0x3F, 0x80, 0xF7, 0x81,
    0xEF, 0x03, 0x8F, 0x0F, 0x1E, 0x1F, 0xFC, 0x7F, 0xFC, 0xFF, 0xF9, 0xE0, 0xF7, 0x80, 0xFF, 0x01,
    0xE0, 0x67, 0x0E, 0xE1, 0xEE, 0x1D, 0xC1, 0x98, 0x00, 0x0F, 0xE1, 0xFE, 0x3F, 0xC6, 0x7C, 0xFF,
    0xBF, 0xF7, 0x9F, 0xF3, 0xDF, 0xFB, 0xFF, 0x3F, 0xC0, 0x07, 0xC0, 0x1F, 0xC0, 0x3B, 0x80, 0x00,
    0x00, 0x7C, 0x00, 0xF8, 0x01, 0xF8, 0x07, 0xF0, 0x0F, 0xE0, 0x3D, 0xE0, 0x7B, 0xC0, 0xE3, 0xC3,
    0xC7, 0x87, 0xFF, 0x1F, 0xFF, 0x3F, 0xFE, 0x78, 0x3D, 0xE0, 0x3F, 0xC0, 0x78, 0x1F, 0x07, 0xF0,
    0xEE, 0x00, 0x03, 0xF8, 0x7F, 0x8F, 0xF1, 0x9F, 0x3F, 0xEF, 0xFD, 0xE7, 0xFC, 0xF7, 0xFE, 0xFF,
    0xCF, 0xF0, 0x67, 0x0E, 0xE0, 0xEE, 0x1C, 0xE1, 0x98, 0x00, 0x3F, 0xFF, 0xFF, 0xFF, 0xFE, 0x03,
    0xC0, 0x78, 0x0F, 0xFD, 0xFF, 0xBF, 0xF7, 0x80, 0xF0, 0x1E, 0x03, 0xFF, 0xFF, 0xFF, 0xFE, 0x33,
    0x03, 0xB8, 0x39, 0xC1, 0xDC, 0x0C, 0xC0, 0x00, 0x1F, 0x83, 0xFE, 0x7F, 0xE7, 0x9F, 0x7F, 0xF7,
    0xFF, 0x78, 0x07, 0xC6, 0x7F, 0xE3, 0xFE, 0x1F, 0xE0, 0x1F, 0x07, 0xF0, 0xEE, 0x00, 0x0F, 0xFF,
    0xFF, 0xFF, 0xFF, 0x80, 0xF0, 0x1E, 0x03, 0xFF, 0x7F, 0xEF, 0xFD, 0xE0, 0x3C, 0x07, 0x80, 0xFF,
    0xFF, 0xFF, 0xFF, 0x80, 0x0F, 0x81, 0xFC, 0x1D, 0xC0, 0x00, 0x1F, 0x83, 0xFE, 0x7F, 0xE7, 0x9F,
    0x7F, 0xF7, 0xFF, 0x78, 0x07, 0xC6, 0x7F, 0xE3, 0xFE, 0x1F, 0xE0, 0x66, 0x3D, 0xC7, 0x78, 0xEE,
    0x19, 0x80, 0x01, 0xE0, 0x78, 0x1E, 0x07, 0x81, 0xE0, 0x78, 0x1E, 0x07, 0x81, 0xE0, 0x78, 0x1E,
    0x07, 0x81, 0xE0, 0x78, 0x1E, 0x00, 0xE6, 0x77, 0x9D, 0xC7, 0x73, 0x98, 0x00, 0x78, 0x3C, 0x1E,
    0x0F, 0x07, 0x83, 0xC1, 0xE0, 0xF0, 0x78, 0x3C, 0x1E, 0x00, 0x3E, 0x7F, 0x77, 0x00, 0x3C, 0x3C,
    0x3C, 0x3C, 0x3C, 0x3C, 0x3C, 0x3C, 0x3C, 0x3C, 0x3C, 0x3C, 0x3C, 0x3C, 0x3C, 0x7E, 0x7E, 0xF7,
    0x00, 0x3C, 0x3C, 0x3C, 0x3C, 0x3C, 0x3C, 0x3C, 0x3C, 0x3C, 0x3C, 0x3C, 0x39, 0x80, 0x77, 0x80,
    0x77, 0x00, 0x77, 0x00, 0xE6, 0x00, 0x00, 0x03, 0xF8, 0x1F, 0xF8, 0x7F, 0xF8, 0xF9, 0xFB, 0xE0,
    0xF7, 0x81, 0xFF, 0x01, 0xFE, 0x03, 0xFC, 0x07, 0xF8, 0x1F, 0xF8, 0x3C, 0xF9, 0xF9, 0xFF, 0xE1,
    0xFF, 0xC0, 0xFE, 0x00, 0x33, 0x03, 0xB8, 0x39, 0xC1, 0xDC, 0x0C, 0xC0, 0x00, 0x1F, 0xC3, 0xFE,
    0x7F, 0xE7, 0xDF, 0x78, 0xF7, 0x8F, 0x78, 0xF7, 0xDF, 0x7F, 0xE3, 0xFE, 0x1F, 0xC0, 0x07, 0xC0,
    0x1F, 0xC0, 0x3B, 0x80, 0x00, 0x00, 0xFE, 0x07, 0xFE, 0x1F, 0xFE, 0x3E, 0x7E, 0xF8, 0x3D, 0xE0,
    0x7F, 0xC0, 0x7F, 0x80, 0xFF, 0x01, 0xFE, 0x07, 0xFE, 0x0F, 0x3E, 0x7E, 0x7F, 0xF8, 0x7F, 0xF0,
    0x3F, 0x80, 0x0F, 0x81, 0xFC, 0x1D, 0xC0, 0x00, 0x1F, 0xC3, 0xFE, 0x7F, 0xE7, 0xDF, 0x78, 0xF7,
    0x8F, 0x78, 0xF7, 0xDF, 0x7F, 0xE3, 0xFE, 0x1F, 0xC0, 0x66, 0x03, 0xB8, 0x1E, 0xE0, 0x77, 0x01,
    0x98, 0x7F, 0xC3, 0xFF, 0x9F, 0xFC, 0xF3, 0xF7, 0x87, 0xBC, 0x3D, 0xE7, 0xEF, 0xFF, 0x7F, 0xF3,
    0xFF, 0x1E, 0x78, 0xF3, 0xE7, 0x8F, 0xBC, 0x3D, 0xE1, 0xF0, 0xEE, 0x77, 0x1D, 0xCE, 0x73, 0x38,
    0x01, 0xFE, 0xFF, 0x7F, 0xBC, 0x9E, 0x0F, 0x07, 0x83, 0xC1, 0xE0, 0xF0, 0x78, 0x00, 0x1F, 0x01,
    0xFC, 0x0E, 0xF0, 0x00, 0x0F, 0xF8, 0x7F, 0xF3, 0xFF, 0x9E, 0x7E, 0xF0, 0xF7, 0x87, 0xBC, 0xFD,
    0xFF, 0xEF, 0xFE, 0x7F, 0xE3, 0xCF, 0x1E, 0x7C, 0xF1, 0xF7, 0x87, 0xBC, 0x3E, 0x3E, 0x7F, 0xF7,
    0x00, 0xFF, 0xFF, 0xFF, 0xF2, 0xF0, 0xF0, 0xF0, 0xF0, 0xF0, 0xF0, 0xF0, 0x33, 0x03, 0xDC, 0x0E,
    0xF0, 0x3B, 0x80, 0xCC, 0x00, 0x03, 0xC1, 0xFE, 0x0F, 0xF0, 0x7F, 0x83, 0xFC, 0x1F, 0xE0, 0xFF,
    0x07, 0xF8, 0x3F, 0xC1, 0xFE, 0x0F, 0xF0, 0xFF, 0xEF, 0x9F, 0xFC, 0x7F, 0xC1, 0xFC, 0x00, 0xE6,
    0x3B, 0xC7, 0x71, 0xEE, 0x33, 0x80, 0x0F, 0x3F, 0xCF, 0xF3, 0xFC, 0xFF, 0x3F, 0xCF, 0xF3, 0xFE,
    0xFF, 0xFD, 0xFF, 0x3F, 0xC0, 0x0F, 0x80, 0xFE, 0x07, 0x70, 0x00, 0x0F, 0x07, 0xF8, 0x3F, 0xC1,
    0xFE, 0x0F, 0xF0, 0x7F, 0x83, 0xFC, 0x1F, 0xE0, 0xFF, 0x07, 0xF8, 0x3F, 0xC3, 0xFF, 0xBE, 0x7F,
    0xF1, 0xFF, 0x07, 0xF0, 0x1F, 0x0F, 0xE7, 0xB8, 0x00, 0xF3, 0xFC, 0xFF, 0x3F, 0xCF, 0xF3, 0xFC,
    0xFF, 0x3F, 0xEF, 0xFF, 0xDF, 0xF3, 0xFC, 0x1F, 0xC3, 0xFE, 0x7F, 0xE7, 0xCC, 0x78, 0x07, 0xC0,
    0x7F, 0x83, 0xFC, 0x0F, 0xE0, 0x1F, 0x00, 0xF7, 0x1F, 0x7F, 0xE7, 0xFE, 0x7F, 0xC0, 0x00, 0x07,
    0x00, 0xF0, 0x1F, 0x01, 0xE0, 0x3F, 0x9F, 0xE7, 0xF9, 0xE6, 0x7F, 0x9F, 0xE3, 0xFD, 0x8F, 0x7F,
    0xDF, 0xE7, 0xF0, 0x00, 0x0E, 0x07, 0x83, 0xE0, 0xF0, 0xFF, 0xFF, 0xFF, 0xFF, 0xFE, 0x1E, 0x00,
    0xF0, 0x07, 0x80, 0x3C, 0x01, 0xE0, 0x0F, 0x00, 0x78, 0x03, 0xC0, 0x1E, 0x00, 0xF0, 0x07, 0x80,
    0x3C, 0x00, 0x00, 0x07, 0x00, 0x78, 0x07, 0xC0, 0x3C, 0x00, 0xF0, 0xF0, 0xF0, 0xFF, 0xFF, 0xFF,
    0xF0, 0xF0, 0xF0, 0xF0, 0xFA, 0xFF, 0x7F, 0x3F, 0x00, 0x1C, 0x3C, 0x7C, 0x78, 0x7F, 0x1F, 0xF9,
    0xFF, 0x3B, 0xE0, 0x3E, 0x07, 0xC1, 0xF1, 0xFE, 0x3F, 0x87, 0xF8, 0x1F, 0x80, 0xF0, 0x1E, 0x03,
    0xC0, 0xF8, 0x7F, 0xFF, 0xDF, 0xF3, 0xF8, 0x00, 0xFE, 0x3F, 0xCF, 0xF9, 0x1E, 0x0F, 0x8F, 0xC3,
    0xF0, 0xFE, 0x0F, 0x81, 0xE0, 0x78, 0xFE, 0xFF, 0xBF, 0xCF, 0xC0, 0x0C, 0xC0, 0xFE, 0x03, 0xF0,
    0x0F, 0x00, 0x30, 0x00, 0x03, 0xC1, 0xFE, 0x0F, 0xF0, 0x7F, 0x83, 0xFC, 0x1F, 0xE0, 0xFF, 0xFF,
    0xFF, 0xFF, 0xFF, 0xFE, 0x0F, 0xF0, 0x7F, 0x83, 0xFC, 0x1F, 0xE0, 0xFF, 0x07, 0x80, 0x7E, 0x1F,
    0x83, 0x80, 0x00, 0xF0, 0x3C, 0x0F, 0x03, 0xC0, 0xF0, 0x3F, 0xEF, 0xFF, 0xFF, 0xF3, 0xFC, 0xFF,
    0x3F, 0xCF, 0xF3, 0xFC, 0xFF, 0x3F, 0xCF, 0xE7, 0x9F, 0xFB, 0xFF, 0xFC, 0xFF, 0x1F, 0xFF, 0xFF,
    0xF7, 0xF8, 0xF0, 0x1F, 0x71, 0xFF, 0x3F, 0xE0, 0xC0, 0x1E, 0x70, 0xFF, 0xC7, 0xFF, 0x1F, 0x7C,
    0x78, 0xF1, 0xE3, 0xC7, 0x8F, 0x1E, 0x3C, 0x78, 0xF1, 0xFF, 0xE3, 0xFF, 0x8F, 0xDE, 0x04, 0x10,
    0xE3, 0xC7, 0xFF, 0x3F, 0xFC, 0xF9, 0xE7, 0x8F, 0xBC, 0x3D, 0xE1, 0xEF, 0x0F, 0x78, 0xF3, 0xFF,
    0x9F, 0xFC, 0xFF, 0xC0, 0x18, 0x00, 0x7C, 0x07, 0xC0, 0xFC, 0x0F, 0x00, 0xF7, 0x8F, 0xFC, 0xFF,
    0xEF, 0x9E, 0xF1, 0xFF, 0x0F, 0xF0, 0xFF, 0x0F, 0xF9, 0xEF, 0xFE, 0xFF, 0xEF, 0xFC, 0x03, 0x00,
    0x7E, 0x3F, 0xC7, 0xF9, 0x9F, 0x03, 0xC0, 0xF0, 0x3C, 0x0F, 0x03, 0xFF, 0xEF, 0xF9, 0xFC, 0x18,
    0x00, 0x0F, 0xC3, 0xFC, 0xFF, 0x3E, 0x67, 0x80, 0xF0, 0x1F, 0xF3, 0xFF, 0x7C, 0xEF, 0xFD, 0xFF,
    0xBF, 0xE6, 0x30, 0x00, 0x00, 0x00, 0xF0, 0x03, 0xC0, 0x0F, 0x00, 0x3C, 0x1E, 0xF0, 0xFF, 0xC7,
    0xFF, 0x1F, 0x7C, 0x78, 0xF1, 0xE3, 0xC7, 0x8F, 0x1E, 0x3C, 0x78, 0xF1, 0xFF, 0xC3, 0xFF, 0x0F,
    0xFC, 0x04, 0xF0, 0x03, 0xC0, 0x0F, 0xC0, 0x1F, 0x00, 0x7C, 0x00, 0x7C, 0x03, 0xF0, 0x0F, 0xC0,
    0x3C, 0x1E, 0xF0, 0xFF, 0xC7, 0xFF, 0x1F, 0x7C, 0x78, 0xF1, 0xE3, 0xC7, 0x8F, 0x1E, 0x3C, 0x78,
    0xF1, 0xFF, 0xC3, 0xFF, 0x0F, 0xDC, 0x0C, 0x00, 0x0F, 0x03, 0xFC, 0x7F, 0xE7, 0x9E, 0x70, 0xF7,
    0xFF, 0x7F, 0xF0, 0x0F, 0x00, 0xF7, 0xFE, 0x7F, 0xE7, 0xF8, 0x0E, 0x00, 0x1F, 0x07, 0xFC, 0x7F,
    0xE6, 0x1E, 0x00, 0xF7, 0xFF, 0x7F, 0xF7, 0xFF, 0x70, 0xF7, 0x9E, 0x3F, 0xE1, 0xFC, 0x06, 0x00,
    0x3F, 0x00, 0x1F, 0xF0, 0x07, 0xFE, 0x01, 0x87, 0xB0, 0x00, 0xFC, 0x01, 0xFF, 0x83, 0xFF, 0xF9,
    0xFF, 0xFF, 0x78, 0xF3, 0x9E, 0x78, 0x03, 0xFE, 0x00, 0x7F, 0x00, 0x06, 0x00, 0x00, 0x1F, 0xC7,
    0xFD, 0xFF, 0xBC, 0x27, 0x80, 0x7F, 0x0F, 0xE3, 0xF8, 0xF0, 0x0F, 0xFD, 0xFF, 0x9F, 0xF0, 0x70,
    0x3F, 0x0F, 0xF9, 0xFF, 0x90, 0xF0, 0x3E, 0x3F, 0x87, 0xF0, 0x7F, 0x01, 0xFF, 0xFF, 0xFF, 0xBF,
    0xE1, 0xE0, 0x3F, 0x00, 0x3F, 0xE4, 0x1F, 0xFE, 0x04, 0x3F, 0x80, 0x3F, 0xF0, 0xFE, 0xFC, 0x7F,
    0x3C, 0x1F, 0xC0, 0x01, 0xE0, 0x7F, 0xF0, 0x3F, 0xF8, 0x0F, 0xF8, 0x01, 0xE0, 0x00, 0x07, 0xC0,
    0xFF, 0x8F, 0xFC, 0xF8, 0xE7, 0x8F, 0x3D, 0xF9, 0xCF, 0xCF, 0x7E, 0x78, 0x7B, 0xFF, 0xCF, 0xFC,
    0x3F, 0xC0, 0x30, 0x00, 0x1E, 0x0F, 0x07, 0x83, 0xC1, 0xE1, 0xFC, 0xFE, 0x7E, 0x1E, 0x0F, 0x07,
    0x83, 0xC1, 0xE0, 0xF3, 0xF9, 0xFC, 0xFC, 0x00, 0x00, 0x7C, 0x03, 0xF0, 0x0F, 0xC0, 0x3C, 0x1E,
    0xF0, 0xFF, 0xC7, 0xFF, 0x1F, 0x7C, 0x78, 0xF1, 0xE3, 0xC7, 0x8F, 0x1E, 0x3C, 0x78, 0xF1, 0xFF,
    0xC3, 0xFF, 0x0F, 0xFC, 0x0C, 0xF0, 0x03, 0xC7, 0xFF, 0x1F, 0xF8, 0x7F, 0xC0, 0x1E, 0x73, 0xFF,
    0x7F, 0xF7, 0xDF, 0x78, 0xF7, 0x8F, 0x78, 0xF7, 0x8F, 0x78, 0xF7, 0xFF, 0x3F, 0xF3, 0xFF, 0x0C,
    0xF0, 0x0F, 0x7F, 0xF7, 0xFE, 0x7F, 0xC0, 0x0F, 0x87, 0xF9, 0xFF, 0x7C, 0x0F, 0x01, 0xEF, 0xB9,
    0xF7, 0xBE, 0xF1, 0xDF, 0xF9, 0xFF, 0x1F, 0xE0, 0x60, 0xF0, 0xFF, 0x0F, 0xF1, 0xE7, 0x9E, 0x79,
    0xC3, 0xFC, 0x3F, 0x81, 0xF8, 0x1F, 0x80, 0xF0, 0x1F, 0x01, 0xF8, 0x1F, 0x81, 0xF8, 0x1F, 0x81,
    0xF8, 0x1F, 0x00, 0x70, 0x3B, 0xC3, 0xDF, 0x3E, 0x7F, 0xE1, 0xFE, 0x07, 0xE0, 0x3E, 0x01, 0xF8,
    0x1F, 0xC0, 0xFE, 0x03, 0xF0, 0x1F, 0x80, 0x30, 0x00, 0xF0, 0xFE, 0x3F, 0xC7, 0xF8, 0xFF, 0x1F,
    0xE3, 0xFC, 0x7F, 0x8F, 0xF1, 0xFF, 0xFD, 0xFF, 0xBF, 0xF0, 0x9E, 0x03, 0xC0, 0x78, 0x0F, 0x00,
    0xE0, 0x7C, 0x07, 0xC0, 0xFC, 0x0F, 0x00, 0xF3, 0x0F, 0xFC, 0xFF, 0xEF, 0xFE, 0xF1, 0xEF, 0x0E,
    0xF0, 0xEF, 0x0E, 0xF0, 0xEF, 0x0E, 0xF0, 0xEF, 0x0E, 0x3C, 0x07, 0xC0, 0xFC, 0x0F, 0x00, 0xF7,
    0x8F, 0xFE, 0xFF, 0xEF, 0x9E, 0xF0, 0xEF, 0x0F, 0xF0, 0xFF, 0x0F, 0xF0, 0xFF, 0x0F, 0xF0, 0xFF,
    0x0F, 0x00, 0xF0, 0x0E, 0x07, 0xE0, 0x7E, 0x07, 0xC0, 0x78, 0xF1, 0xE0, 0x87, 0x8F, 0x1E, 0x3C,
    0x79, 0xFF, 0xFF, 0xE7, 0x8F, 0x1E, 0x3C, 0xF1, 0xE3, 0xC7, 0x8F, 0x1E, 0x3C, 0x78, 0xF1, 0xFD,
    0xFB, 0xF0, 0xC0, 0x7F, 0xFD, 0xF1, 0xC3, 0x87, 0x0E, 0x1C, 0x38, 0x73, 0xFF, 0xF0, 0x1C, 0x07,
    0x01, 0xC0, 0x70, 0x1C, 0x07, 0x03, 0xDB, 0xFE, 0xFF, 0xB7, 0xC1, 0xC0, 0x70, 0x1C, 0x07, 0x01,
    0xC0, 0x70, 0x0F, 0x03, 0xC0, 0xF0, 0x3C, 0x0F, 0x1F, 0xC7, 0xF3, 0xBC, 0x7F, 0xDF, 0xF0, 0xF0,
    0x3C, 0x0F, 0x03, 0xC0, 0xF0, 0x3C, 0xF1, 0xE3, 0xC7, 0x8F, 0x1E, 0x3C, 0x78, 0xF1, 0xE3, 0xC7,
    0x8F, 0x1E, 0x3C, 0x78, 0xF1, 0xE3, 0xFB, 0xF7, 0xC0, 0xF0, 0x01, 0xE0, 0x03, 0xC0, 0x07, 0x80,
    0x0F, 0xFF, 0xDF, 0xFF, 0xBF, 0xFF, 0x78, 0x3C, 0xF0, 0xF1, 0xE3, 0xC3, 0xCF, 0x07, 0xBF, 0x8F,
    0x7F, 0x9E, 0x3F, 0xBC, 0x0F, 0x78, 0x1E, 0x00, 0x3C, 0x20, 0x78, 0x7F, 0xF0, 0xFF, 0xC1, 0xFF,
    0x00, 0xF1, 0xE3, 0xFC, 0x78, 0xFF, 0x1E, 0x3F, 0xC7, 0x8F, 0xF1, 0xE3, 0xFC, 0x78, 0xFF, 0x1E,
    0x3F, 0xC7, 0x8F, 0xF1, 0xE3, 0xFF, 0xFF, 0xF7, 0xFF, 0xFD, 0xFB, 0xF7, 0x08, 0x30, 0x00, 0xF1,
    0xE1, 0xFC, 0x78, 0xFF, 0x1E, 0x3F, 0xC7, 0x8F, 0xF1, 0xE3, 0xFC, 0x78, 0xFF, 0x1E, 0x3F, 0xC7,
    0x8F, 0xF1, 0xE3, 0xFF, 0xFF, 0xF7, 0xFF, 0xFD, 0xFB, 0xFF, 0x08, 0x13, 0xC0, 0x00, 0xF0, 0x00,
    0x3C, 0x00, 0x0F, 0x00, 0x03, 0xC0, 0xE7, 0x8F, 0x3F, 0xFF, 0xEF, 0xFF, 0xFF, 0xE7, 0xCF, 0xF1,
    0xE3, 0xFC, 0x78, 0xFF, 0x1E, 0x3F, 0xC7, 0x8F, 0xF1, 0xE3, 0xFC, 0x78, 0xFF, 0x1E, 0x3F, 0xC7,
    0x8F, 0x00, 0x03, 0xC0, 0x00, 0xF0, 0x00, 0xFC, 0x00, 0x3F, 0x00, 0x0F, 0x80, 0x39, 0xE0, 0xFF,
    0xE3, 0xFF, 0x8F, 0x9E, 0x3C, 0x3C, 0xF0, 0xF3, 0xC3, 0xCF, 0x0F, 0x3C, 0x3C, 0xF0, 0xF3, 0xC3,
    0xCF, 0x0F, 0x3C, 0x00, 0xF0, 0x0F, 0xC0, 0x3F, 0x00, 0xF8, 0x00, 0xE7, 0x83, 0xFF, 0x8F, 0xFE,
    0x3E, 0x78, 0xF0, 0xF3, 0xC3, 0xCF, 0x0F, 0x3C, 0x3C, 0xF0, 0xF3, 0xC3, 0xCF, 0x0F, 0x3C, 0x3C,
    0x00, 0xF0, 0x03, 0xC0, 0x0F, 0xC0, 0x3F, 0x00, 0x7C, 0x78, 0x7F, 0x87, 0xFC, 0x7F, 0xC7, 0xFE,
    0x7F, 0xF7, 0xFF, 0x7F, 0x7F, 0xF3, 0xFF, 0x3F, 0xF1, 0xFF, 0x1F, 0x0F, 0x83, 0xFC, 0x3F, 0xE7,
    0x9F, 0x78, 0xF7, 0xFF, 0x7F, 0xF7, 0xFF, 0x78, 0xF7, 0xFF, 0x3F, 0xE1, 0xFC, 0x06, 0x00, 0x0F,
    0xFF, 0x9F, 0xFF, 0xCF, 0xFF, 0xEF, 0x9E, 0x07, 0x8F, 0x03, 0xC7, 0xFD, 0xE3, 0xFE, 0xF1, 0xFF,
    0x78, 0xF0, 0x3F, 0xFF, 0xCF, 0xFF, 0xE3, 0xFF, 0xF0, 0x20, 0x00, 0x03, 0xF0, 0x0F, 0xFE, 0x0F,
    0xFF, 0x87, 0xC7, 0xE7, 0x80, 0xF3, 0xCE, 0x39, 0xC7, 0x1E, 0xE3, 0x8F, 0x79, 0xC7, 0x3F, 0xFF,
    0x9F, 0xFF, 0xC7, 0xEF, 0xC0, 0xC1, 0x80, 0x01, 0xC0, 0x01, 0xC0, 0x01, 0xC0, 0x01, 0xC0, 0x07,
    0xF0, 0x1F, 0xFC, 0x3F, 0xFE, 0x7D, 0xDF, 0x79, 0xCF, 0x79, 0xCF, 0x79, 0xCF, 0x79, 0xCF, 0x79,
    0xCF, 0x3F, 0xFE, 0x3F, 0xFE, 0x0F, 0xF8, 0x01, 0xC0, 0x01, 0xC0, 0x01, 0xC0, 0x01, 0xC0, 0x01,
    0xC0, 0x0F, 0x0F, 0x0F, 0x0F, 0x0F, 0x0F, 0x0F, 0x0F, 0x1F, 0xFF, 0xFF, 0xF7, 0x40, 0x0F, 0x0F,
    0x0F, 0x0F, 0x0F, 0x0F, 0x0F, 0x0F, 0x0F, 0x0F, 0x0F, 0x0F, 0x1F, 0xFF, 0xFF, 0xF7, 0x40, 0x07,
    0x01, 0xE0, 0x3C, 0x07, 0x80, 0xF0, 0x1E, 0x03, 0xC0, 0x78, 0x1F, 0x1F, 0xE3, 0xFC, 0x7F, 0x84,
    0xF0, 0x1E, 0x03, 0xF0, 0x3E, 0x07, 0xC0, 0xE7, 0x7F, 0xBF, 0xDF, 0xEF, 0x87, 0x83, 0xC1, 0xE0,
    0xF0, 0x78, 0x3C, 0x1E, 0x0F, 0x07, 0x83, 0xC1, 0xE0, 0xF0, 0x00, 0xE7, 0x7F, 0xBF, 0xDF, 0xEF,
    0x87, 0x83, 0xC1, 0xE0, 0xF0, 0x78, 0x3C, 0x1E, 0x0F, 0x07, 0x83, 0xF0, 0xFC, 0x7C, 0x00, 0x3E,
    0xFF, 0xFF, 0xCF, 0x1E, 0x3C, 0x78, 0xF1, 0xE3, 0xC7, 0x80, 0xF9, 0xFB, 0xFB, 0xF1, 0xE3, 0xC7,
    0x8F, 0x1E, 0x3C, 0x78, 0xF1, 0xE3, 0xC7, 0x8F, 0x1E, 0x7C, 0x1F, 0xE3, 0xFE, 0x79, 0xCF, 0x39,
    0xFF, 0x3F, 0xC7, 0xF8, 0xF7, 0x1E, 0xF3, 0xCF, 0x78, 0xE0, 0x71, 0xDE, 0x7B, 0xCF, 0x7B, 0xCF,
    0xF1, 0xFE, 0x3F, 0xE7, 0xBC, 0xF3, 0x9F, 0xF3, 0xFE, 0x7F, 0x80, 0x1F, 0x1F, 0xF7, 0xF9, 0xC6,
    0x7C, 0x1F, 0xC3, 0xF8, 0x3F, 0x03, 0xDD, 0xF7, 0xF9, 0xFE, 0x7C, 0x1C, 0x07, 0xC1, 0xF0, 0x3C,
    0x00, 0x1F, 0x1F, 0x3F, 0x3C, 0x3C, 0x3C, 0x3C, 0x3C, 0x3C, 0x3C, 0x3C, 0x3C, 0x3C, 0x3C, 0x3C,
    0x3C, 0x3C, 0x3C, 0xFC, 0xFC, 0xF8, 0x1F, 0x1F, 0x3F, 0x3C, 0x3C, 0x3C, 0x3C, 0x3C, 0x7F, 0x7F,
    0x7F, 0x3C, 0x3C, 0x3C, 0x3C, 0x3C, 0x3C, 0x3C, 0xFC, 0xFC, 0xF8, 0x70, 0xFC, 0xFC, 0x3C, 0x3C,
    0x3C, 0x3C, 0x3C, 0x3C, 0x3C, 0x3C, 0x3C, 0x3C, 0x3C, 0x3F, 0x1F, 0x1F, 0x07, 0xC1, 0xF0, 0xFC,
    0x3C, 0x0F, 0x03, 0xC0, 0xF0, 0x3C, 0x0F, 0x03, 0xC0, 0xF0, 0x3C, 0x0F, 0x03, 0xC0, 0xF0, 0x7E,
    0x7F, 0xDF, 0xF6, 0xF1, 0xFC, 0x3E, 0x00, 0x7C, 0x7F, 0x3F, 0x83, 0xC0, 0xE0, 0x70, 0x38, 0x1C,
    0x0E, 0x3F, 0xFF, 0xFF, 0xE0, 0xE0, 0x70, 0x30, 0x18, 0x1E, 0x0F, 0xFF, 0xFF, 0xF9, 0xE0, 0xF0,
    0x78, 0x3C, 0x1E, 0x0F, 0x07, 0x83, 0xC1, 0xE0, 0xF0, 0x78, 0x3F, 0x9F, 0xC7, 0xE0, 0x78, 0x71,
    0xE3, 0xC7, 0x8F, 0x1E, 0x3C, 0xFF, 0xFB, 0xFF, 0xFF, 0xFF, 0xDE, 0x3C, 0x78, 0xF1, 0xFF, 0xC3,
    0xFF, 0x0F, 0xFC, 0x04, 0x00, 0xFD, 0xFF, 0xFF, 0xFF, 0xFE, 0x79, 0xE7, 0x87, 0x3C, 0x3D, 0xC1,
    0xEF, 0x0F, 0x78, 0x7B, 0xFF, 0x8F, 0xFC, 0x3F, 0xC0, 0x30, 0x00, 0xF3, 0xCF, 0x3E, 0xF3, 0xFF,
    0x0F, 0xF0, 0xFF, 0x0F, 0xF0, 0xFF, 0x1E, 0xF1, 0xE7, 0xFE, 0x7F, 0xC3, 0xF8, 0x0C, 0x00, 0x0F,
    0x00, 0xF0, 0x1F, 0x81, 0xF8, 0x3F, 0x83, 0xFC, 0x3B, 0xC7, 0x9E, 0x79, 0xE7, 0x1E, 0xF0, 0xFF,
    0x0F, 0x1E, 0x1E, 0x07, 0xC7, 0x81, 0xF3, 0xE0, 0xFC, 0xFC, 0x3F, 0x3F, 0x0F, 0xCF, 0xC3, 0xBF,
    0xF9, 0xEF, 0xDE, 0x7B, 0xF7, 0x9C, 0xFC, 0xEF, 0x1E, 0x3F, 0xC7, 0x8F, 0x00, 0xE0, 0x3F, 0x07,
    0xF0, 0x7E, 0x0F, 0x00, 0xF0, 0x0F, 0x01, 0xF0, 0x1F, 0x83, 0xF8, 0x3F, 0xC3, 0xBC, 0x79, 0xC7,
    0x9E, 0x71, 0xEF, 0x0F, 0xF0, 0xF0, 0xF0, 0xEF, 0x1E, 0x7B, 0xC7, 0xBC, 0x3F, 0x81, 0xF8, 0x1F,
    0x00, 0xF0, 0x0F, 0x00, 0xF0, 0x0F, 0x00, 0xF0, 0x7F, 0xCF, 0xFC, 0xFF, 0xC0, 0x78, 0x0F, 0x00,
    0xF0, 0x1E, 0x03, 0xC0, 0x7C, 0x07, 0xFC, 0xFF, 0xCF, 0xFC, 0x03, 0xC0, 0x3C, 0x01, 0xF0, 0x1F,
    0x00, 0xF0, 0x7F, 0xCF, 0xFC, 0xFF, 0xC0, 0x78, 0x0F, 0x00, 0xF0, 0x1F, 0xE3, 0xFF, 0x7F, 0xF7,
    0xFF, 0xFF, 0xFF, 0xFE, 0x0C, 0x00, 0xC0, 0xFF, 0xFF, 0xFF, 0xFC, 0x1E, 0x0F, 0x07, 0x83, 0xF0,
    0xFE, 0x07, 0xC0, 0xF0, 0x3F, 0x9F, 0xFF, 0xFF, 0xEF, 0xF0, 0x7F, 0xE7, 0xFE, 0x7F, 0xE0, 0x3C,
    0x07, 0x80, 0xF0, 0x1F, 0x03, 0xFC, 0x1F, 0xE0, 0x3E, 0x11, 0xF7, 0xEF, 0xFF, 0xFE, 0x7E, 0xFF,
    0xEF, 0xFE, 0x7F, 0xE0, 0x7F, 0x3F, 0xEF, 0xF9, 0x0F, 0x03, 0xC0, 0xF0, 0x78, 0x7E, 0x3F, 0x0F,
    0x83, 0xC0, 0xF0, 0x3C, 0x0F, 0x03, 0xC0, 0xF0, 0x3F, 0x9F, 0xF7, 0xFF, 0xC2, 0xF0, 0x3C, 0x07,
    0x81, 0xF8, 0x3F, 0x07, 0xC0, 0xF0, 0x3C, 0x0F, 0x03, 0xC0, 0xF0, 0x3C, 0x3C, 0x0F, 0x03, 0xC0,
    0xF0, 0x3C, 0x0F, 0x03, 0xC0, 0xFC, 0x1F, 0x81, 0xE0, 0x3C, 0x0F, 0x43, 0xFF, 0xFF, 0xFB, 0xFC,
    0x18, 0x00, 0x0F, 0x83, 0xF8, 0xFF, 0x3E, 0x67, 0x80, 0xF0, 0x1E, 0x03, 0xC0, 0x78, 0x0F, 0x01,
    0xE0, 0x3C, 0x07, 0x80, 0xF8, 0x8F, 0xF1, 0xFE, 0x1F, 0xC0, 0x00, 0x00, 0x3F, 0xC0, 0xFF, 0xE3,
    0xFF, 0xC7, 0x87, 0xDE, 0x07, 0xBC, 0x0F, 0xFB, 0xCF, 0xF7, 0x9F, 0xEF, 0x3F, 0xCC, 0xFF, 0x81,
    0xEF, 0x87, 0xCF, 0xFF, 0x0F, 0xFE, 0x0F, 0xF0, 0x03, 0x80, 0xFE, 0x3F, 0xEF, 0xFB, 0xCF, 0xF3,
    0xBF, 0xEF, 0xFB, 0xDF, 0xF3, 0xFF, 0xFF, 0xFB, 0xFC, 0x1F, 0x81, 0xFF, 0x1F, 0xFC, 0xF1, 0xE7,
    0x8F, 0x1F, 0x3C, 0xF9, 0xEF, 0xCF, 0xF0, 0xF3, 0xFF, 0x9F, 0xF8, 0x7F, 0x80, 0x60, 0x00, 0x00,
    0x78, 0x07, 0xC0, 0x3E, 0x01, 0xC0, 0xFE, 0x0F, 0xF0, 0xFF, 0x8F, 0x98, 0x78, 0x03, 0xDF, 0x1E,
    0xFC, 0xF7, 0xE7, 0x8F, 0x3F, 0xF8, 0xFF, 0xC3, 0xFC, 0x07, 0x00, 0xF0, 0xFE, 0x3F, 0xC7, 0xF8,
    0xFF, 0x1F, 0xFF, 0xFF, 0xFF, 0xFF, 0xF1, 0xFE, 0x3F, 0xC7, 0xF8, 0xF0, 0x0E, 0x0F, 0x07, 0x80,
    0x81, 0xE0, 0xF0, 0x78, 0x3C, 0x1E, 0x0F, 0x07, 0x83, 0xC1, 0xE0, 0xF0, 0x78, 0x3C, 0x7F, 0xFF,
    0xB7, 0x9F, 0xC7, 0xC0, 0xF0, 0xEF, 0x8F, 0x78, 0xF3, 0xCF, 0x3F, 0xF1, 0xFF, 0x0F, 0xF0, 0xFF,
    0x1E, 0xF3, 0xEF, 0x7C, 0xFF, 0x8F, 0x00, 0xF0, 0x0F, 0x00, 0xF0, 0x0F, 0x00, 0xF0, 0x70, 0x78,
    0x3C, 0x1E, 0x0F, 0x07, 0x83, 0xC1, 0xE0, 0xF0, 0x7F, 0xBF, 0xFF, 0xF0, 0x00, 0x7C, 0x01, 0xF0,
    0x0F, 0xC0, 0x3C, 0x1E, 0xF0, 0xFF, 0xC7, 0xFF, 0x1F, 0x7C, 0x78, 0xF1, 0xE3, 0xC7, 0x8F, 0x1E,
    0x3C, 0x78, 0xF1, 0xFF, 0xC3, 0xFF, 0x0F, 0xFC, 0x0C, 0xF0, 0x03, 0xC0, 0x0F, 0x00, 0x3C, 0x00,
    0xF0, 0x7F, 0x3F, 0xEF, 0xF9, 0x0F, 0x03, 0xC0, 0xF0, 0x78, 0x7E, 0x3F, 0x0F, 0x87, 0xF3, 0xFC,
    0xFF, 0x0F, 0x03, 0xC0, 0xF0, 0x3F, 0x9F, 0xF7, 0xFF, 0xC2, 0xF0, 0x3C, 0x07, 0x81, 0xF0, 0x3F,
    0x07, 0xC3, 0xF8, 0xFF, 0x3F, 0xC3, 0xC0, 0xF0, 0x3C, 0x00, 0xF0, 0x00, 0x07, 0x80, 0x00, 0x3C,
    0x00, 0x01, 0xE0, 0x01, 0xEF, 0xFF, 0x1F, 0xFF, 0xFD, 0xFF, 0xFF, 0xEF, 0xBE, 0x1E, 0x78, 0xF1,
    0xE3, 0xC7, 0x9F, 0x1E, 0x3C, 0xF0, 0xF1, 0xEF, 0x07, 0x8F, 0xF0, 0x3F, 0xFF, 0xFC, 0xFF, 0xFF,
    0xE7, 0xEF, 0xFF, 0x0C, 0x00, 0x00, 0x00, 0xF0, 0x00, 0x03, 0xC0, 0x00, 0x0F, 0x00, 0x00, 0x3C,
    0x00, 0x1E, 0xFF, 0xF8, 0xFF, 0xFF, 0xE7, 0xFF, 0xFF, 0x9F, 0x7C, 0x3E, 0x78, 0xF1, 0xF1, 0xE3,
    0xCF, 0x87, 0x8F, 0x7C, 0x1E, 0x3D, 0xFC, 0x78, 0xF7, 0xF9, 0xFF, 0xC7, 0xE3, 0xFF, 0x03, 0xCF,
    0xDC, 0x0F, 0x0C, 0x00, 0x3C, 0x00, 0xC1, 0xF0, 0x03, 0xFF, 0x80, 0x0F, 0xFC, 0x00, 0x1F, 0xE0,
    0x00, 0xF0, 0x00, 0x01, 0xE0, 0x00, 0x03, 0xC0, 0x00, 0x07, 0x80, 0x01, 0xEF, 0xFF, 0x07, 0xFF,
    0xFF, 0x1F, 0xFF, 0xFE, 0x3E, 0xF8, 0x78, 0x78, 0xF1, 0xE0, 0xF1, 0xE7, 0x81, 0xC3, 0xCF, 0xF3,
    0xC7, 0xBF, 0xF7, 0x8F, 0xFF, 0xEF, 0xFF, 0xFF, 0xCF, 0xFF, 0xFF, 0x9F, 0xBF, 0xFE, 0x0C, 0x01,
    0x80, 0x00, 0x03, 0x00, 0x18, 0x00, 0x1E, 0x00, 0x0F, 0xFF, 0x9F, 0xFF, 0xEF, 0xFF, 0xF1, 0xEF,
    0x10, 0xF7, 0xC0, 0x79, 0xFC, 0x3C, 0x7F, 0x1E, 0x0F, 0x8F, 0x01, 0xC7, 0xFF, 0xE3, 0xFF, 0xF0,
    0xFF, 0xF0, 0x00, 0x7C, 0x03, 0xF1, 0x8F, 0xCF, 0x3C, 0x3F, 0xF3, 0xFF, 0xCF, 0xFF, 0x0F, 0x3C,
    0x3C, 0xF0, 0xF3, 0xC3, 0xCF, 0x0F, 0x3C, 0x3C, 0xF0, 0xFF, 0xC3, 0xFF, 0x07, 0xFC, 0x06, 0xF0,
    0x03, 0xC0, 0x3F, 0x00, 0xF8, 0x03, 0xE0, 0x18, 0x00, 0x07, 0x80, 0x00, 0xFC, 0x3E, 0x7F, 0xDF,
    0xEF, 0xFF, 0xFC, 0x78, 0xF9, 0x0F, 0x3E, 0x01, 0xE7, 0x80, 0x3C, 0xFF, 0xC7, 0x9F, 0xFC, 0xF3,
    0xF3, 0x9F, 0xFF, 0xF3, 0xFF, 0xFC, 0x3F, 0x3F, 0x81, 0x81, 0x80, 0x1F, 0x80, 0x07, 0xF0, 0x00,
    0xFE, 0x00, 0x1E, 0x00, 0x03, 0xFE, 0xF9, 0xFF, 0xFF, 0xBF, 0xFF, 0xF9, 0xE7, 0xDF, 0x3C, 0xF1,
    0xE7, 0x9E, 0x3C, 0xF3, 0xC7, 0x9E, 0x78, 0xF3, 0xCF, 0x1E, 0x79, 0xE3, 0xCF, 0x3C, 0x79, 0xE7,
    0x8F, 0x00, 0x01, 0xE0, 0x00, 0x3C, 0x00, 0x1F, 0x80, 0x03, 0xE0, 0x00, 0x7C, 0xF0, 0x03, 0xC0,
    0x0F, 0x00, 0x3C, 0x00, 0xF1, 0xF3, 0xDF, 0xEF, 0x7F, 0xBD, 0xC4, 0xF7, 0xC3, 0xDF, 0xCF, 0x3F,
    0xBC, 0x7E, 0xF0, 0x7F, 0xFF, 0xEF, 0xFF, 0xBF, 0xFC, 0x03, 0x80, 0xF0, 0x07, 0x80, 0x3C, 0x01,
    0xE0, 0x0F, 0xFF, 0xFF, 0xFF, 0xFF, 0xFE, 0x1E, 0xF1, 0xE7, 0x8F, 0x3C, 0xF1, 0xEF, 0x0F, 0xF8,
    0x7F, 0xFF, 0xFF, 0xFF, 0xFF, 0x67, 0x33, 0xBB, 0x9F, 0xFC, 0x7F, 0xE3, 0xDE, 0x1E, 0xF0, 0xF7,
    0x83, 0x18, 0x77, 0x33, 0xBB, 0x9F, 0xFC, 0x7F, 0xE3, 0xDE, 0x1E, 0xF0, 0xF7, 0x80, 0xFF, 0xFF,
    0xFF, 0xFF, 0x87, 0xE1, 0xF8, 0x70, 0x00, 0x00, 0x00, 0x1F, 0xFF, 0xFF, 0xFF, 0xF1, 0xF8, 0x7E,
    0x1C, 0xF0, 0x3B, 0xE0, 0xEF, 0xC3, 0x8F, 0x0E, 0x3C, 0x38, 0xF0, 0xE3, 0xC3, 0x8F, 0x1E, 0x3C,
    0x78, 0xFF, 0xE1, 0xFF, 0x87, 0xFE, 0x02, 0x38, 0x00, 0xE0, 0x03, 0x80, 0x0E, 0x00, 0x38, 0xF0,
    0x38, 0xF8, 0x38, 0xFC, 0x38, 0x3C, 0x38, 0x3C, 0x38, 0x3C, 0x38, 0x3C, 0x38, 0x3C, 0x78, 0x3C,
    0x78, 0x3F, 0xF8, 0x1F, 0xF8, 0x1F, 0xF8, 0x02, 0x38, 0x00, 0x38, 0x00, 0x3F, 0x00, 0x3F, 0x00,
    0x1F, 0x1F, 0xFF, 0xD8, 0xFF, 0xFF, 0x3E, 0x79, 0xE3, 0x00, 0x78, 0x78, 0x78, 0x70, 0x7F, 0xFF,
    0xD8, 0x7F, 0xFF, 0x7F, 0x78, 0x78, 0x78, 0x70, 0x3E, 0x79, 0xE3, 0x00, 0xEF, 0x66, 0x00, 0x00,
    0x06, 0x6F, 0x78, 0x7C, 0x3C, 0x0E, 0x1E, 0x7D, 0xE3, 0x80, 0x1E, 0x1F, 0x9F, 0xCE, 0x70, 0x00,
    0x3F, 0xFF, 0xFF, 0xE0, 0xFF, 0xFF, 0xFF, 0xC3, 0xFF, 0x7E, 0x7E, 0xFF, 0xF0, 0x66, 0xE7, 0xE7,
    0x67, 0xFE, 0x77, 0xB0, 0x7B, 0xFD, 0xF7, 0x78, 0x00, 0x3F, 0xCF, 0x73, 0xDC, 0x00, 0x63, 0x9D,
    0xE3, 0xF0, 0x78, 0x7E, 0x7F, 0xF7, 0x73, 0xBD, 0xEE, 0x70, 0x39, 0xEF, 0xBC, 0xE0, 0xEF, 0xF6,
    0xFF, 0xE0, 0x71, 0xE1, 0xFE, 0xF8, 0x39, 0xC6, 0x1E, 0x79, 0xE0, 0x1F, 0x0F, 0xF1, 0xFF, 0x7D,
    0xFF, 0x1F, 0xE3, 0xFF, 0xFF, 0xFF, 0xFF, 0xFE, 0x3F, 0xC7, 0xF8, 0xFF, 0xBE, 0xFF, 0x9F, 0xE0,
    0xF8, 0x0C, 0x03, 0x80, 0x78, 0x07, 0x80, 0x70, 0x00, 0x3F, 0xFF, 0xFF, 0xFF, 0xFE, 0x03, 0xC0,
    0x78, 0x0F, 0xFD, 0xFF, 0xBF, 0xF7, 0x80, 0xF0, 0x1E, 0x03, 0xFF, 0xFF, 0xFF, 0xFE, 0x3B, 0xCF,
    0x78, 0xEF, 0x00, 0x00, 0x01, 0xFF, 0xFF, 0xFF, 0xFF, 0xF0, 0x1E, 0x03, 0xC0, 0x7F, 0xEF, 0xFD,
    0xFF, 0xBC, 0x07, 0x80, 0xF0, 0x1F, 0xFF, 0xFF, 0xFF, 0xF0, 0xFF, 0xF8, 0x7F, 0xFC, 0x3F, 0xFE,
    0x01, 0xE0, 0x00, 0xF0, 0x00, 0x7F, 0xE0, 0x3F, 0xF8, 0x1F, 0xFE, 0x0F, 0x1F, 0x07, 0x83, 0x83,
    0xC1, 0xE1, 0xE1, 0xE0, 0xF7, 0xF0, 0x7B, 0xF0, 0x3D, 0xF0, 0x02, 0x00, 0xE0, 0x3C, 0x0F, 0x00,
    0xC0, 0x00, 0x3F, 0xFF, 0xFF, 0xFF, 0xFE, 0x03, 0xC0, 0x78, 0x0F, 0x01, 0xE0, 0x3C, 0x07, 0x80,
    0xF0, 0x1E, 0x03, 0xC0, 0x78, 0x0F, 0x00, 0x0F, 0xF1, 0xFF, 0xDF, 0xFC, 0xF8, 0xEF, 0x80, 0x78,
    0x03, 0xFF, 0x1F, 0xF8, 0xFF, 0xC7, 0x80, 0x3E, 0x00, 0xF8, 0xE7, 0xFF, 0x1F, 0xFC, 0x7F, 0xC0,
    0x1F, 0xC3, 0xFE, 0x7F, 0xE7, 0xCC, 0x78, 0x07, 0xC0, 0x7F, 0x83, 0xFC, 0x0F, 0xE0, 0x1F, 0x00,
    0xF7, 0x1F, 0x7F, 0xE7, 0xFE, 0x7F, 0xC0, 0xFF, 0xFF, 0xFF, 0xFF, 0xFF, 0xFF, 0xFF, 0xF0, 0xF7,
    0x7B, 0xFD, 0xC0, 0x03, 0xC1, 0xE0, 0xF0, 0x78, 0x3C, 0x1E, 0x0F, 0x07, 0x83, 0xC1, 0xE0, 0xF0,
    0x78, 0x3C, 0x1E, 0x0F, 0x00, 0x03, 0xC0, 0xF0, 0x3C, 0x0F, 0x03, 0xC0, 0xF0, 0x3C, 0x0F, 0x03,
    0xC0, 0xF0, 0x3D, 0x9F, 0xFF, 0xFF, 0xE7, 0xF0, 0x07, 0xFE, 0x00, 0x0F, 0xFC, 0x00, 0x1F, 0xF8,
    0x00, 0x78, 0xF0, 0x00, 0xF1, 0xE0, 0x01, 0xE3, 0xFF, 0x03, 0xC7, 0xFF, 0x07, 0x8F, 0xFF, 0x0F,
    0x1E, 0x7E, 0x1E, 0x3C, 0x3C, 0x78, 0x78, 0x7B, 0xF0, 0xF1, 0xFF, 0xC1, 0xFF, 0xFF, 0x83, 0xFF,
    0xBC, 0x07, 0xFC, 0x00, 0xF0, 0x78, 0x07, 0x83, 0xC0, 0x3C, 0x1E, 0x01, 0xE0, 0xF0, 0x0F, 0x07,
    0x80, 0x7F, 0xFF, 0xE3, 0xFF, 0xFF, 0xDF, 0xFF, 0xFE, 0xF0, 0x79, 0xFF, 0x83, 0xC3, 0xFC, 0x1E,
    0x1F, 0xE0, 0xF3, 0xFF, 0x07, 0xFF, 0x78, 0x3F, 0xFB, 0xC1, 0xFF, 0x00, 0xFF, 0xF8, 0xFF, 0xF8,
    0xFF, 0xF8, 0x0F, 0x00, 0x0F, 0x00, 0x0F, 0x00, 0x0F, 0xFC, 0x0F, 0xFE, 0x0F, 0xFE, 0x0F, 0x3F,
    0x0F, 0x0F, 0x0F, 0x0F, 0x0F, 0x0F, 0x0F, 0x0F, 0x0F, 0x0F, 0x01, 0x80, 0x07, 0x00, 0x3C, 0x01,
    0xE0, 0x07, 0x00, 0x00, 0x0F, 0x0F, 0xBC, 0x7C, 0xF3, 0xE3, 0xDF, 0x0F, 0xF8, 0x3F, 0xC0, 0xFE,
    0x03, 0xFC, 0x0F, 0xF8, 0x3D, 0xF0, 0xF3, 0xC3, 0xCF, 0x8F, 0x1F, 0x3C, 0x3C, 0xF0, 0xF8, 0x06,
    0x00, 0x3C, 0x00, 0xF8, 0x00, 0xE0, 0x01, 0x80, 0x00, 0x0F, 0x03, 0xFC, 0x1F, 0xF0, 0xFF, 0xC7,
    0xFF, 0x1F, 0xFC, 0xFF, 0xF7, 0xBF, 0xDE, 0xFF, 0xF3, 0xFF, 0x8F, 0xFE, 0x3F, 0xF0, 0xFF, 0x83,
    0xFE, 0x0F, 0xF0, 0x3C, 0x0C, 0xC0, 0x7B, 0x80, 0xFE, 0x01, 0xF0, 0x00, 0x03, 0xE1, 0xF7, 0x87,
    0x9F, 0x1E, 0x3C, 0x78, 0xF3, 0xC1, 0xEF, 0x07, 0xB8, 0x0F, 0xE0, 0x3F, 0x80, 0x7C, 0x01, 0xF0,
    0x4F, 0x81, 0xFE, 0x07, 0xF0, 0x1F, 0x80, 0xF0, 0x7F, 0x83, 0xFC, 0x1F, 0xE0, 0xFF, 0x07, 0xF8,
    0x3F, 0xC1, 0xFE, 0x0F, 0xF0, 0x7F, 0x83, 0xFC, 0x1F, 0xE0, 0xFF, 0xFF, 0xFF, 0xFF, 0xFF, 0xE0,
    0xF0, 0x07, 0x80, 0x3C, 0x01, 0xE0, 0x07, 0xC0, 0x0F, 0x80, 0x1F, 0x80, 0x7F, 0x00, 0xFE, 0x03,
    0xDE, 0x07, 0xBC, 0x0E, 0x3C, 0x3C, 0x78, 0x7F, 0xF1, 0xFF, 0xF3, 0xFF, 0xE7, 0x83, 0xDE, 0x03,
    0xFC, 0x07, 0x80, 0xFF, 0xEF, 0xFE, 0xFF, 0xEF, 0x00, 0xF0, 0x0F, 0xF8, 0xFF, 0xEF, 0xFF, 0xF3,
    0xFF, 0x0F, 0xF0, 0xFF, 0x3F, 0xFF, 0xEF, 0xFE, 0xFF, 0x80, 0xFF, 0xC7, 0xFF, 0x3F, 0xFD, 0xE3,
    0xEF, 0x1F, 0x7F, 0xF3, 0xFF, 0x9F, 0xFE, 0xF1, 0xF7, 0x87, 0xBC, 0x3D, 0xE3, 0xEF, 0xFF, 0x7F,
    0xF3, 0xFF, 0x00, 0xFF, 0xFF, 0xFF, 0xFF, 0xF8, 0x0F, 0x01, 0xE0, 0x3C, 0x07, 0x80, 0xF0, 0x1E,
    0x03, 0xC0, 0x78, 0x0F, 0x01, 0xE0, 0x3C, 0x00, 0x0F, 0xFE, 0x07, 0xFF, 0x03, 0xFF, 0x81, 0xE3,
    0xC0, 0xF1, 0xE0, 0x78, 0xF0, 0x3C, 0x78, 0x1E, 0x3C, 0x0F, 0x1E, 0x0F, 0x0F, 0x07, 0x87, 0x87,
    0xC3, 0xCF, 0xFF, 0xFF, 0xFF, 0xFF, 0xFF, 0xFF, 0xE0, 0x0F, 0xF0, 0x07, 0xF8, 0x03, 0xFC, 0x01,
    0xE0, 0xFF, 0xFF, 0xFF, 0xFF, 0xF8, 0x0F, 0x01, 0xE0, 0x3F, 0xF7, 0xFE, 0xFF, 0xDE, 0x03, 0xC0,
    0x78, 0x0F, 0xFF, 0xFF, 0xFF, 0xF8, 0xF8, 0xF0, 0xF3, 0xE7, 0x8F, 0x8F, 0x3C, 0xF8, 0x7D, 0xEF,
    0x81, 0xFF, 0x7C, 0x07, 0xFF, 0xC0, 0x1F, 0xFC, 0x00, 0xFF, 0xC0, 0x0F, 0xFF, 0x00, 0x7F, 0xFC,
    0x07, 0xFD, 0xF0, 0x7D, 0xE7, 0xC7, 0xCF, 0x1E, 0x3C, 0x78, 0xFB, 0xE3, 0xC3, 0xE0, 0x3F, 0x87,
    0xFE, 0x7F, 0xE3, 0x1F, 0x01, 0xF0, 0x3E, 0x1F, 0xE1, 0xFE, 0x1F, 0xF0, 0x1F, 0x00, 0xF7, 0x1F,
    0x7F, 0xFF, 0xFE, 0x7F, 0xC0, 0xF0, 0x3F, 0xC1, 0xFF, 0x0F, 0xFC, 0x7F, 0xF1, 0xFF, 0xCF, 0xFF,
    0x7B, 0xFD, 0xEF, 0xFF, 0x3F, 0xF8, 0xFF, 0xE3, 0xFF, 0x0F, 0xF8, 0x3F, 0xE0, 0xFF, 0x03, 0xC0,
    0x0C, 0xC0, 0x7B, 0x80, 0xFE, 0x01, 0xF0, 0x00, 0x03, 0xC0, 0xFF, 0x07, 0xFC, 0x3F, 0xF1, 0xFF,
    0xC7, 0xFF, 0x3F, 0xFD, 0xEF, 0xF7, 0xBF, 0xFC, 0xFF, 0xE3, 0xFF, 0x8F, 0xFC, 0x3F, 0xE0, 0xFF,
    0x83, 0xFC, 0x0F, 0xF0, 0xFB, 0xC7, 0xCF, 0x3E, 0x3D, 0xF0, 0xFF, 0x83, 0xFC, 0x0F, 0xE0, 0x3F,
    0xC0, 0xFF, 0x83, 0xDF, 0x0F, 0x3C, 0x3C, 0xF8, 0xF1, 0xF3, 0xC3, 0xCF, 0x0F, 0x80, 0x07, 0xFE,
    0x0F, 0xFC, 0x1F, 0xF8, 0x78, 0xF0, 0xF1, 0xE1, 0xE3, 0xC3, 0xC7, 0x87, 0x8F, 0x0F, 0x1E, 0x1E,
    0x3C, 0x78, 0x7B, 0xF0, 0xFF, 0xC1, 0xFF, 0x83, 0xFC, 0x07, 0x80, 0x78, 0x0F, 0x3E, 0x0F, 0x9F,
    0x07, 0xCF, 0xC7, 0xE7, 0xE3, 0xF7, 0xF1, 0xFB, 0xFD, 0xFD, 0xEE, 0xEF, 0xF7, 0xF7, 0xFB, 0xF3,
    0xFC, 0xF9, 0xFE, 0x7C, 0xFF, 0x1C, 0x7F, 0x80, 0x3F, 0xC0, 0x1E, 0xF0, 0x7F, 0x83, 0xFC, 0x1F,
    0xE0, 0xFF, 0x07, 0xF8, 0x3F, 0xFF, 0xFF, 0xFF, 0xFF, 0xFF, 0x83, 0xFC, 0x1F, 0xE0, 0xFF, 0x07,
    0xF8, 0x3F, 0xC1, 0xE0, 0x0F, 0xE0, 0x7F, 0xE1, 0xFF, 0xE3, 0xE7, 0xEF, 0x83, 0xDE, 0x07, 0xFC,
    0x07, 0xF8, 0x0F, 0xF0, 0x1F, 0xE0, 0x7F, 0xE0, 0xF3, 0xE7, 0xE7, 0xFF, 0x87, 0xFF, 0x03, 0xF8,
    0x00, 0xFF, 0xFF, 0xFF, 0xFF, 0xFF, 0xE0, 0xFF, 0x07, 0xF8, 0x3F, 0xC1, 0xFE, 0x0F, 0xF0, 0x7F,
    0x83, 0xFC, 0x1F, 0xE0, 0xFF, 0x07, 0xF8, 0x3F, 0xC1, 0xE0, 0xFF, 0xCF, 0xFE, 0xFF, 0xFF, 0x1F,
    0xF0, 0xFF, 0x0F, 0xF3, 0xFF, 0xFF, 0xFF, 0xEF, 0xFC, 0xF0, 0x0F, 0x00, 0xF0, 0x0F, 0x00, 0xF0,
    0x00, 0x0F, 0xF1, 0xFF, 0x9F, 0xFC, 0xFD, 0xEF, 0x80, 0x78, 0x03, 0xC0, 0x1E, 0x00, 0xF0, 0x07,
    0x80, 0x3E, 0x01, 0xF8, 0xE7, 0xFF, 0x1F, 0xF8, 0x7F, 0xC0, 0xFF, 0xFF, 0xFF, 0xFF, 0xFE, 0x1E,
    0x00, 0xF0, 0x07, 0x80, 0x3C, 0x01, 0xE0, 0x0F, 0x00, 0x78, 0x03, 0xC0, 0x1E, 0x00, 0xF0, 0x07,
    0x80, 0x3C, 0x00, 0xF8, 0x7D, 0xE1, 0xE7, 0xC7, 0x8F, 0x1E, 0x3C, 0xF0, 0x7B, 0xC1, 0xEE, 0x03,
    0xF8, 0x0F, 0xE0, 0x1F, 0x00, 0x7C, 0x13, 0xE0, 0x7F, 0x81, 0xFC, 0x07, 0xE0, 0x00, 0x01, 0xE0,
    0x00, 0x78, 0x00, 0xFF, 0xC0, 0x7F, 0xFC, 0x3F, 0xFF, 0x1F, 0xFF, 0xE7, 0x9E, 0x79, 0xE7, 0x8F,
    0x79, 0xE3, 0xDE, 0x79, 0xE7, 0xFF, 0xF8, 0xFF, 0xFE, 0x1F, 0xFF, 0x03, 0xFF, 0x00, 0x1E, 0x00,
    0x07, 0x80, 0xF8, 0x7D, 0xF1, 0xE3, 0xCF, 0x8F, 0xFC, 0x1F, 0xE0, 0x3F, 0x80, 0xFC, 0x01, 0xF0,
    0x0F, 0xC0, 0x7F, 0x81, 0xFF, 0x0F, 0xFC, 0x7C, 0xF9, 0xE1, 0xFF, 0x87, 0xC0, 0xF0, 0x78, 0xF0,
    0x78, 0xF0, 0x78, 0xF0, 0x78, 0xF0, 0x78, 0xF0, 0x78, 0xF0, 0x78, 0xF0, 0x78, 0xF0, 0x78, 0xF0,
    0x78, 0xF0, 0x78, 0xF0, 0x78, 0xFF, 0xFF, 0xFF, 0xFF, 0xFF, 0xFF, 0x00, 0x0F, 0x00, 0x0F, 0x00,
    0x0F, 0x00, 0x0F, 0xF0, 0x7F, 0x83, 0xFC, 0x1F, 0xE0, 0xFF, 0x87, 0xBC, 0x3D, 0xF1, 0xEF, 0xFF,
    0x3F, 0xF8, 0xFF, 0xC0, 0x1E, 0x00, 0xF0, 0x07, 0x80, 0x3C, 0x01, 0xE0, 0xF0, 0xF1, 0xFE, 0x1E,
    0x3F, 0xC3, 0xC7, 0xF8, 0x78, 0xFF, 0x0F, 0x1F, 0xE1, 0xE3, 0xFC, 0x3C, 0x7F, 0x87, 0x8F, 0xF0,
    0xF1, 0xFE, 0x1E, 0x3F, 0xC3, 0xC7, 0xF8, 0x78, 0xFF, 0xFF, 0xFF, 0xFF, 0xFF, 0xFF, 0xFF, 0xF8,
    0xF0, 0xF1, 0xE3, 0xC3, 0xC7, 0x8F, 0x0F, 0x1E, 0x3C, 0x3C, 0x78, 0xF0, 0xF1, 0xE3, 0xC3, 0xC7,
    0x8F, 0x0F, 0x1E, 0x3C, 0x3C, 0x78, 0xF0, 0xF1, 0xE3, 0xC3, 0xC7, 0x8F, 0x0F, 0x1E, 0x3C, 0x3C,
    0x78, 0xFF, 0xFF, 0xFF, 0xFF, 0xFF, 0xFF, 0xFF, 0xFF, 0xC0, 0x00, 0x0F, 0x00, 0x00, 0x3C, 0x00,
    0x00, 0xF0, 0x00, 0x03, 0xC0, 0xFF, 0x00, 0xFF, 0x00, 0xFF, 0x00, 0x0F, 0x00, 0x0F, 0x00, 0x0F,
    0xF8, 0x0F, 0xFC, 0x0F, 0xFE, 0x0F, 0x3E, 0x0F, 0x1F, 0x0F, 0x1F, 0x0F, 0x3E, 0x0F, 0xFE, 0x0F,
    0xFC, 0x0F, 0xF8, 0xF0, 0x07, 0xF8, 0x03, 0xFC, 0x01, 0xFE, 0x00, 0xFF, 0x00, 0x7F, 0xFC, 0x3F,
    0xFF, 0x9F, 0xFF, 0xCF, 0xF3, 0xF7, 0xF8, 0x7B, 0xFC, 0x3D, 0xFE, 0x7E, 0xFF, 0xFE, 0x7F, 0xFF,
    0x3F, 0xFE, 0x1E, 0xF0, 0x0F, 0x00, 0xF0, 0x0F, 0x00, 0xF0, 0x0F, 0xFC, 0xFF, 0xEF, 0xFF, 0xF3,
    0xFF, 0x0F, 0xF0, 0xFF, 0x3F, 0xFF, 0xFF, 0xFE, 0xFF, 0x80, 0x3F, 0xC1, 0xFF, 0x87, 0xFF, 0x1C,
    0x7E, 0x00, 0x78, 0x01, 0xE1, 0xFF, 0xC7, 0xFF, 0x1F, 0xFC, 0x01, 0xE0, 0x07, 0x9C, 0x7E, 0x7F,
    0xF1, 0xFF, 0x83, 0xFC, 0x00, 0xF0, 0x3F, 0x87, 0x83, 0xFF, 0x3C, 0x3F, 0xF9, 0xE3, 0xF3, 0xEF,
    0x1E, 0x0F, 0xF9, 0xF0, 0x3F, 0xFF, 0x01, 0xFF, 0xF8, 0x0F, 0xFF, 0xC0, 0x7F, 0x9F, 0x03, 0xFC,
    0x78, 0x3F, 0xE3, 0xF3, 0xEF, 0x0F, 0xFF, 0x78, 0x7F, 0xF3, 0xC0, 0xFE, 0x00, 0x0F, 0xF8, 0xFF,
    0xCF, 0xFE, 0x7C, 0xF7, 0x87, 0xBC, 0x3D, 0xF9, 0xE7, 0xFF, 0x3F, 0xF8, 0xFF, 0xC7, 0x9E, 0x7C,
    0xF3, 0xC7, 0xBE, 0x3D, 0xE1, 0xE0, 0x3F, 0x87, 0xF8, 0xFF, 0x19, 0xF3, 0xFE, 0xFF, 0xDE, 0x7F,
    0xCF, 0x7F, 0xEF, 0xFC, 0xFF, 0x00, 0x03, 0xE0, 0xFE, 0x1F, 0xE3, 0xFC, 0x7C, 0x07, 0xFC, 0x7F,
    0xE7, 0xFE, 0x79, 0xF7, 0x8F, 0x78, 0xF7, 0x8F, 0x7D, 0xF7, 0xFE, 0x3F, 0xE1, 0xF8, 0xFF, 0x9F,
    0xFB, 0xFF, 0x79, 0xEF, 0xFD, 0xFF, 0xBC, 0x7F, 0x8F, 0xFF, 0xFF, 0xFB, 0xFE, 0x00, 0xFF, 0xFF,
    0xFF, 0xFE, 0x0F, 0x07, 0x83, 0xC1, 0xE0, 0xF0, 0x78, 0x3C, 0x00, 0x1F, 0xF0, 0x7F, 0xC1, 0xFF,
    0x07, 0xBC, 0x1E, 0xF0, 0x73, 0xC3, 0xCF, 0x0F, 0x3C, 0xFF, 0xFF, 0xFF, 0xFF, 0xFF, 0xF8, 0x07,
    0xE0, 0x1F, 0x80, 0x70, 0x1F, 0x83, 0xFE, 0x7F, 0xE7, 0x9F, 0x7F, 0xF7, 0xFF, 0x78, 0x07, 0xC6,
    0x7F, 0xE3, 0xFE, 0x1F, 0xE0, 0xF9, 0xE7, 0x9F, 0x7B, 0xE3, 0xDF, 0xF0, 0x7F, 0xF8, 0x1F, 0xFC,
    0x03, 0xFF, 0x01, 0xFF, 0xE0, 0xFF, 0xF8, 0x3D, 0xEF, 0x1E, 0x79, 0xEF, 0x9E, 0x7C, 0x7F, 0x1F,
    0xE7, 0xFD, 0x9F, 0x3F, 0x8F, 0xE0, 0x3D, 0x8F, 0x7F, 0xFF, 0xE7, 0xF0, 0xF1, 0xFE, 0x7F, 0xDF,
    0xFB, 0xFF, 0xFF, 0xFF, 0xFF, 0xFF, 0xEF, 0xF9, 0xFF, 0x3F, 0xC7, 0x80, 0x31, 0x87, 0x70, 0xFE,
    0x0F, 0x80, 0x00, 0x00, 0x3C, 0x7F, 0x9F, 0xF7, 0xFE, 0xFF, 0xFF, 0xFF, 0xFF, 0xFF, 0xFB, 0xFE,
    0x7F, 0xCF, 0xF1, 0xE0, 0xF3, 0xEF, 0x7C, 0xFF, 0x8F, 0xF0, 0xFE, 0x0F, 0xE0, 0xFF, 0x0F, 0xF8,
    0xF7, 0xCF, 0x3C, 0xF1, 0xE0, 0x1F, 0xF1, 0xFF, 0x1F, 0xF1, 0xEF, 0x1E, 0xF1, 0xEF, 0x3C, 0xF7,
    0xCF, 0xFC, 0xFF, 0x8F, 0xF0, 0xF0, 0x70, 0x39, 0xE1, 0xEF, 0x8F, 0xFF, 0x3F, 0xFD, 0xFF, 0xFF,
    0xFF, 0xFF, 0xFF, 0xEF, 0xF7, 0xBF, 0xDE, 0xFF, 0x03, 0xC0, 0xF3, 0xFC, 0xFF, 0x3F, 0xCF, 0xFF,
    0xFF, 0xFF, 0xFF, 0xCF, 0xF3, 0xFC, 0xFF, 0x3C, 0x1F, 0xC3, 0xFE, 0x7F, 0xE7, 0xDF, 0x78, 0xF7,
    0x8F, 0x78, 0xF7, 0xDF, 0x7F, 0xE3, 0xFE, 0x1F, 0xC0, 0xFF, 0xFF, 0xFF, 0xFF, 0xCF, 0xF3, 0xFC,
    0xFF, 0x3F, 0xCF, 0xF3, 0xFC, 0xFF, 0x3C, 0xFF, 0x1F, 0xFB, 0xFF, 0x79, 0xFF, 0x1F, 0xE3, 0xFC,
    0x7F, 0x9F, 0xFF, 0xDF, 0xFB, 0xFE, 0x78, 0x0F, 0x01, 0xE0, 0x3C, 0x00, 0x1F, 0xCF, 0xF7, 0xFD,
    0xF2, 0x78, 0x1E, 0x07, 0x81, 0xF3, 0x7F, 0xCF, 0xF1, 0xFC, 0xFF, 0xFF, 0xFF, 0xFF, 0x87, 0x00,
    0xE0, 0x1C, 0x03, 0x80, 0x70, 0x0E, 0x01, 0xC0, 0x38, 0x00, 0xF0, 0xFF, 0x1E, 0x79, 0xE7, 0x9E,
    0x7B, 0xC3, 0xFC, 0x3F, 0x81, 0xF8, 0x1F, 0x81, 0xF0, 0x0F, 0x01, 0xE0, 0xFE, 0x0F, 0xC0, 0xF8,
    0x00, 0x01, 0xC0, 0x03, 0xC0, 0x03, 0xC0, 0x03, 0xC0, 0x03, 0xC0, 0x0F, 0xF8, 0x3F, 0xFC, 0x7F,
    0xFE, 0x7F, 0xDF, 0x7B, 0xCF, 0x7B, 0xCF, 0x7B, 0xCF, 0x7F, 0xDF, 0x7F, 0xFE, 0x3F, 0xFC, 0x0F,
    0xF8, 0x03, 0xC0, 0x03, 0xC0, 0x03, 0xC0, 0x03, 0xC0, 0xF1, 0xE7, 0x9E, 0x3F, 0xC3, 0xF8, 0x1F,
    0x80, 0xF0, 0x1F, 0x83, 0xFC, 0x7B, 0xC7, 0x9E, 0xF1, 0xF0, 0xF3, 0xCF, 0x3C, 0xF3, 0xCF, 0x3C,
    0xF3, 0xCF, 0x3C, 0xF3, 0xCF, 0x3C, 0xFF, 0xFF, 0xFF, 0xFF, 0xF0, 0x07, 0x00, 0x70, 0x07, 0x71,
    0xEE, 0x3D, 0xC7, 0xB8, 0xF7, 0x9E, 0xFF, 0xDF, 0xF9, 0xFF, 0x01, 0xE0, 0x3C, 0x07, 0x80, 0xF3,
    0xCF, 0xF3, 0xCF, 0xF3, 0xCF, 0xF3, 0xCF, 0xF3, 0xCF, 0xF3, 0xCF, 0xF3, 0xCF, 0xF3, 0xCF, 0xFF,
    0xFF, 0xFF, 0xFF, 0xFF, 0xFF, 0xF3, 0xCF, 0x3C, 0xF3, 0xCF, 0x3C, 0xF3, 0xCF, 0x3C, 0xF3, 0xCF,
    0x3C, 0xF3, 0xCF, 0x3C, 0xF3, 0xCF, 0x3C, 0xFF, 0xFF, 0xFF, 0xFF, 0xFF, 0xFF, 0xFC, 0x00, 0x0F,
    0x00, 0x03, 0xC0, 0x00, 0xF0, 0xFE, 0x07, 0xF0, 0x3F, 0x80, 0x3C, 0x01, 0xFE, 0x0F, 0xF8, 0x7F,
    0xE3, 0xCF, 0x1F, 0xF8, 0xFF, 0xC7, 0xF8, 0xF0, 0x1F, 0xE0, 0x3F, 0xC0, 0x7F, 0x80, 0xFF, 0xF9,
    0xFF, 0xFB, 0xFF, 0xF7, 0xF9, 0xEF, 0xFF, 0xDF, 0xFF, 0xBF, 0xFE, 0x78, 0xF0, 0x1E, 0x03, 0xC0,
    0x78, 0x0F, 0xF9, 0xFF, 0xBF, 0xF7, 0x9E, 0xFF, 0xDF, 0xFB, 0xFE, 0x00, 0x7F, 0x0F, 0xF1, 0xFF,
    0x31, 0xE3, 0xFC, 0x7F, 0xC0, 0xF3, 0x3E, 0x7F, 0xDF, 0xF3, 0xFC, 0x00, 0xF0, 0xFC, 0x78, 0xFF,
    0x3C, 0xFF, 0xDE, 0x7D, 0xEF, 0xFC, 0x7F, 0xFC, 0x3F, 0xFF, 0x1F, 0xE7, 0x9E, 0xF3, 0xFF, 0x78,
    0xFF, 0x3C, 0x3F, 0x00, 0x1F, 0xE7, 0xFD, 0xFF, 0xBC, 0xF7, 0x9E, 0xFF, 0xDF, 0xF9, 0xFF, 0x3D,
    0xEF, 0x3D, 0xE7, 0x80, 0x0C, 0x00, 0xE0, 0x0F, 0x00, 0x78, 0x03, 0x00, 0x00, 0x1F, 0x83, 0xFE,
    0x7F, 0xE7, 0x9F, 0x7F, 0xF7, 0xFF, 0x78, 0x07, 0xC6, 0x7F, 0xE3, 0xFE, 0x1F, 0xE0, 0x3D, 0xC3,
    0xDE, 0x3D, 0xC0, 0x00, 0x00, 0x01, 0xF8, 0x3F, 0xE7, 0xFE, 0x79, 0xF7, 0xFF, 0x7F, 0xF7, 0x80,
    0x7C, 0x67, 0xFE, 0x3F, 0xE1, 0xFE, 0x78, 0x07, 0x80, 0xFF, 0x0F, 0xF0, 0x78, 0x07, 0xFC, 0x7F,
    0xE7, 0xFE, 0x79, 0xE7, 0x8F, 0x78, 0xF7, 0x8F, 0x78, 0xF7, 0x8F, 0x78, 0xF7, 0x8F, 0x01, 0xF0,
    0x7E, 0x07, 0xE0, 0x7C, 0x0C, 0x07, 0x07, 0x87, 0x83, 0x80, 0x03, 0xFF, 0xFF, 0xFF, 0xF8, 0x3C,
    0x1E, 0x0F, 0x07, 0x83, 0xC1, 0xE0, 0xF0, 0x00, 0x1F, 0xC7, 0xF9, 0xFF, 0x3C, 0x6F, 0xF1, 0xFE,
    0x3C, 0x03, 0xE6, 0x7F, 0xC7, 0xFC, 0x7F, 0x00, 0x3F, 0x9F, 0xE7, 0xF9, 0xE6, 0x7F, 0x9F, 0xE3,
    0xFD, 0x8F, 0x7F, 0xDF, 0xE7, 0xF0, 0xFF, 0xFF, 0x0F, 0xFF, 0xFF, 0xFF, 0xFF, 0xFF, 0x73, 0xBF,
    0xDC, 0xE0, 0x00, 0x00, 0xF0, 0x78, 0x3C, 0x1E, 0x0F, 0x07, 0x83, 0xC1, 0xE0, 0xF0, 0x78, 0x3C,
    0x1E, 0x3C, 0x78, 0xF0, 0x03, 0xC7, 0x8F, 0x1E, 0x3C, 0x78, 0xF1, 0xE3, 0xC7, 0x8F, 0x1F, 0xFF,
    0xF7, 0xC0, 0x1F, 0xF0, 0x03, 0xFE, 0x00, 0x7F, 0xC0, 0x0F, 0x78, 0x01, 0xEF, 0xF8, 0x3D, 0xFF,
    0x8F, 0x3F, 0xF3, 0xE7, 0x9F, 0xFC, 0xFF, 0xDF, 0x1F, 0xFB, 0xC3, 0xFE, 0x00, 0xF3, 0xC0, 0x79,
    0xE0, 0x3C, 0xF0, 0x1E, 0x78, 0x0F, 0xFF, 0xE7, 0xFF, 0xFB, 0xFF, 0xFF, 0xE7, 0x9F, 0xF3, 0xFF,
    0xF9, 0xFF, 0xBC, 0x7F, 0x80, 0x78, 0x07, 0x80, 0xFF, 0x0F, 0xF0, 0x78, 0x07, 0xFC, 0x7F, 0xE7,
    0xFE, 0x79, 0xE7, 0x8F, 0x78, 0xF7, 0x8F, 0x78, 0xF7, 0x8F, 0x78, 0xF7, 0x8F, 0x02, 0x00, 0x70,
    0x0F, 0x01, 0xE0, 0x0C, 0x00, 0x00, 0xF3, 0xEF, 0x7C, 0xFF, 0x8F, 0xF0, 0xFE, 0x0F, 0xE0, 0xFF,
    0x0F, 0xF8, 0xF7, 0xCF, 0x3C, 0xF1, 0xE0, 0x18, 0x07, 0x80, 0xF0, 0x0F, 0x00, 0xE0, 0x00, 0x3C,
    0x7F, 0x9F, 0xF7, 0xFE, 0xFF, 0xFF, 0xFF, 0xFF, 0xFF, 0xFB, 0xFE, 0x7F, 0xCF, 0xF1, 0xE0, 0x19,
    0x83, 0xBC, 0x3F, 0x81, 0xF0, 0x00, 0x00, 0x00, 0xF0, 0xFF, 0x1E, 0x79, 0xE7, 0x9E, 0x7B, 0xC3,
    0xFC, 0x3F, 0x81, 0xF8, 0x1F, 0x81, 0xF0, 0x0F, 0x01, 0xE0, 0xFE, 0x0F, 0xC0, 0xF8, 0x00, 0xF3,
    0xFC, 0xFF, 0x3F, 0xCF, 0xF3, 0xFC, 0xFF, 0x3F, 0xCF, 0xFF, 0xFF, 0xFF, 0xFC, 0x78, 0x1E, 0x07,
    0x80, 0x1E, 0x00, 0x3C, 0x03, 0xFF, 0x87, 0xFF, 0x0F, 0xFE, 0x03, 0xC0, 0x07, 0xFC, 0x0F, 0xFE,
    0x1F, 0xFE, 0x3C, 0xFC, 0x78, 0x78, 0xF0, 0xF1, 0xE7, 0xE3, 0xFF, 0x87, 0xFF, 0x0F, 0xF8, 0x1C,
    0x01, 0xE0, 0x0F, 0x00, 0x78, 0x03, 0xC0, 0x7F, 0xE3, 0xFF, 0x1F, 0xF8, 0x3C, 0x01, 0xE0, 0x0F,
    0xF8, 0x7F, 0xE3, 0xCF, 0x9F, 0xFC, 0xFF, 0xC3, 0xFC, 0x0F, 0xE0, 0x7F, 0xE1, 0xFF, 0xE3, 0xE7,
    0xEF, 0x03, 0xDF, 0xF7, 0xFF, 0xFF, 0xFF, 0xFF, 0xFB, 0xFF, 0xE0, 0x7F, 0xE0, 0xF3, 0xF7, 0xE7,
    0xFF, 0x87, 0xFF, 0x03, 0xF8, 0x00, 0x1F, 0xC3, 0xFE, 0x7F, 0xE7, 0xDF, 0x7E, 0xF7, 0xFF, 0x7F,
    0xF7, 0xDF, 0x7F, 0xE3, 0xFE, 0x1F, 0xC0, 0xF0, 0x0F, 0xBE, 0x07, 0xE7, 0x83, 0xF9, 0xE0, 0xF4,
    0x7C, 0x3C, 0x0F, 0x1E, 0x03, 0xC7, 0x80, 0x7B, 0xC0, 0x1E, 0xF0, 0x07, 0xFC, 0x00, 0xFE, 0x00,
    0x3F, 0x80, 0x0F, 0xC0, 0x01, 0xF0, 0x00, 0x7C, 0x00, 0xF0, 0xFF, 0x8F, 0xDE, 0x7E, 0xF3, 0x87,
    0xBC, 0x1D, 0xE0, 0xFE, 0x03, 0xF0, 0x1F, 0x00, 0xF8, 0x03, 0xC0, 0x1E, 0xE0, 0x0F, 0xE0, 0x0F,
    0xC0, 0x00, 0x00, 0xF0, 0x3C, 0xF0, 0x7C, 0xF0, 0xFC, 0xF1, 0xFC, 0xF1, 0xFC, 0xF3, 0xFC, 0xF7,
    0xBC, 0xF7, 0xBC, 0xFF, 0x3C, 0xFE, 0x3C, 0xFE, 0x3C, 0xFC, 0x3C, 0xF8, 0x3F, 0xF8, 0x3F, 0xF0,
    0x3F, 0x00, 0x1E, 0x00, 0x1E, 0x00, 0x3C, 0x00, 0x1C, 0x7B, 0x83, 0xFC, 0x0F, 0xC0, 0x00, 0x00,
    0x00, 0x78, 0xE3, 0xCF, 0x1E, 0xF8, 0xFF, 0xC7, 0xFE, 0x3F, 0xF1, 0xFB, 0x8F, 0x9C, 0x7C, 0xFB,
    0xC7, 0xDE, 0x3E, 0x00, 0xF0, 0x0F, 0x00, 0x30, 0x38, 0x01, 0xC0, 0x3F, 0xC1, 0xFE, 0x03, 0x80,
    0x1F, 0xF0, 0xFF, 0xC7, 0xFF, 0x38, 0xF9, 0xC3, 0xCE, 0x1E, 0x71, 0xF3, 0xFF, 0x9F, 0xF8, 0xFF,
    0x80, 0x78, 0x0F, 0xF0, 0xFF, 0x07, 0x80, 0x7F, 0xC7, 0xFE, 0x79, 0xE7, 0x9F, 0x7F, 0xE7, 0xFE,
    0x7F, 0xC0, 0xFF, 0xCF, 0xFE, 0xFF, 0xFF, 0x1F, 0xF2, 0xFF, 0xFF, 0xF7, 0xFF, 0xFF, 0xFF, 0xEF,
    0xFC, 0xF1, 0xEF, 0x0E, 0xF0, 0x8F, 0x00, 0xF0, 0x00, 0xFF, 0x9F, 0xFB, 0xFF, 0xF9, 0xFF, 0x1F,
    0xE3, 0xFF, 0xFF, 0xFF, 0xFF, 0xFF, 0xFB, 0xFF, 0x78, 0xEF, 0x1D, 0xE1, 0x3C, 0x00, 0x01, 0xE0,
    0x3C, 0x07, 0xFF, 0xFF, 0xFF, 0xFF, 0xFC, 0x07, 0x80, 0xF0, 0x1E, 0x03, 0xC0, 0x78, 0x0F, 0x01,
    0xE0, 0x3C, 0x07, 0x80, 0xF0, 0x1E, 0x00, 0x07, 0x83, 0xC1, 0xFF, 0xFF, 0xFF, 0xFF, 0xC1, 0xE0,
    0xF0, 0x78, 0x3C, 0x1E, 0x0F, 0x07, 0x80, 0x3F, 0xF3, 0xFF, 0x3F, 0xF3, 0xC0, 0x3C, 0x03, 0xC0,
    0xFF, 0x8F, 0xF8, 0xFF, 0x83, 0xC0, 0x3C, 0x03, 0xC0, 0x3C, 0x03, 0xC0, 0x3C, 0x00, 0x7F, 0xDF,
    0xF7, 0xFD, 0xE0, 0x78, 0x3F, 0xCF, 0xF1, 0xE0, 0x78, 0x1E, 0x07, 0x80, 0xFF, 0xE7, 0xFF, 0x3F,
    0xF9, 0xE0, 0x0F, 0x00, 0x78, 0x03, 0xFF, 0x1F, 0xFC, 0xFF, 0xF7, 0x8F, 0xBC, 0x3D, 0xE0, 0xFF,
    0x07, 0xF8, 0x3F, 0xC3, 0xC0, 0x3E, 0x07, 0xF0, 0x3F, 0x01, 0xF0, 0xFF, 0x9F, 0xF3, 0xFE, 0x78,
    0x0F, 0x01, 0xFE, 0x3F, 0xE7, 0xFE, 0xF3, 0xDE, 0x3F, 0xC7, 0x81, 0xE0, 0xFC, 0x1F, 0x83, 0xE0,
    0xF8, 0xF0, 0xF1, 0xF3, 0xC7, 0xC3, 0xCF, 0x3E, 0x0F, 0xBD, 0xF0, 0x1F, 0xF7, 0xC0, 0x3F, 0xFE,
    0x00, 0x7F, 0xF0, 0x01, 0xFF, 0x80, 0x0F, 0xFF, 0x00, 0x3F, 0xFE, 0x01, 0xFF, 0x7C, 0x0F, 0xBD,
    0xF8, 0x7C, 0xF3, 0xF9, 0xE3, 0xC7, 0xEF, 0x8F, 0x0F, 0x80, 0x00, 0x0E, 0x00, 0x00, 0x38, 0x00,
    0x00, 0xE0, 0x00, 0x03, 0x80, 0xF9, 0xE7, 0x9F, 0x7B, 0xE3, 0xDF, 0xF0, 0x7F, 0xF8, 0x1F, 0xFC,
    0x03, 0xFF, 0x01, 0xFF, 0xE0, 0xFF, 0xFC, 0x3D, 0xFF, 0xDE, 0x7B, 0xFF, 0x9E, 0x7C, 0x00, 0x07,
    0x00, 0x01, 0xC0, 0x00, 0x70, 0x3F, 0x87, 0xFE, 0x7F, 0xE3, 0x1F, 0x01, 0xF0, 0x3E, 0x1F, 0xE1,
    0xFE, 0x1F, 0xF0, 0x1F, 0x00, 0xF7, 0x1F, 0x7F, 0xFF, 0xFE, 0x7F, 0xC0, 0x60, 0x0F, 0x00, 0x70,
    0x1F, 0x01, 0xF0, 0x7F, 0x1F, 0xE7, 0xFD, 0x9F, 0x3F, 0x8F, 0xE0, 0x3D, 0x8F, 0x7F, 0xFF, 0xEF,
    0xF8, 0x30, 0x0E, 0x03, 0x83, 0xE0, 0xF8, 0xF0, 0xF9, 0xE3, 0xE3, 0xCF, 0x87, 0xBE, 0x0F, 0xF8,
    0x1F, 0xE0, 0x3F, 0x80, 0x7F, 0x80, 0xFF, 0x81, 0xFF, 0x83, 0xDF, 0x87, 0x9F, 0x0F, 0x1F, 0xDE,
    0x1F, 0xBC, 0x1F, 0x00, 0x0E, 0x00, 0x1C, 0x00, 0x38, 0x00, 0x70, 0xF3, 0xEF, 0x3C, 0xF7, 0x8F,
    0xF0, 0xFE, 0x0F, 0xE0, 0xFF, 0x0F, 0xF8, 0xF7, 0xFF, 0x3F, 0xF1, 0xF0, 0x0F, 0x00, 0xF0, 0x0F,
    0xF0, 0x3E, 0xF0, 0x3C, 0xF6, 0x7C, 0xF6, 0xF8, 0xF7, 0xF0, 0xFF, 0xE0, 0xFF, 0xE0, 0xFF, 0xE0,
    0xF7, 0xF0, 0xF6, 0xF8, 0xF6, 0xF8, 0xF0, 0x7C, 0xF0, 0x3C, 0xF0, 0x3E, 0xF0, 0x1E, 0xF0, 0xFB,
    0xF3, 0xCF, 0xDE, 0x3F, 0xF0, 0xFF, 0x83, 0xFF, 0x0F, 0xFE, 0x3F, 0x78, 0xF1, 0xF3, 0xC3, 0xEF,
    0x07, 0x80, 0x3C, 0x00, 0x78, 0x7F, 0xF9, 0xF7, 0xF7, 0xC3, 0xDF, 0x07, 0xFC, 0x0F, 0xF0, 0x1F,
    0xC0, 0x3F, 0x80, 0x7F, 0x00, 0xFF, 0x81, 0xEF, 0x03, 0xCF, 0x07, 0x9F, 0x0F, 0x1F, 0x1E, 0x1E,
    0x78, 0x07, 0xF7, 0xFF, 0xFD, 0xFF, 0xC7, 0xFC, 0x3F, 0xC1, 0xFC, 0x0F, 0xF0, 0x7F, 0xC3, 0xDF,
    0x1E, 0x7C, 0xF1, 0xE0, 0xFF, 0x1F, 0x7F, 0x9F, 0x3F, 0xCF, 0x01, 0xEF, 0x00, 0xFF, 0x80, 0x7F,
    0x80, 0x3F, 0x80, 0x1F, 0xE0, 0x0F, 0xF0, 0x07, 0xBC, 0x03, 0xDF, 0x01, 0xE7, 0xC0, 0xF1, 0xE0,
    0x78, 0xF8, 0x3C, 0x3E, 0xFE, 0x7B, 0xFB, 0xCF, 0xFE, 0x07, 0xF0, 0x1F, 0xC0, 0x7F, 0x01, 0xFE,
    0x07, 0xFC, 0x1E, 0xF8, 0x79, 0xE1, 0xE7, 0xC0, 0xF0, 0x78, 0xF0, 0x78, 0xF0, 0x78, 0xF0, 0x78,
    0xF0, 0x78, 0xF0, 0x78, 0xFF, 0xF8, 0xFF, 0xF8, 0xFF, 0xF8, 0xF0, 0x78, 0xF0, 0x78, 0xF0, 0x78,
    0xF0, 0x7F, 0xF0, 0x7F, 0xF0, 0x7F, 0x00, 0x0F, 0x00, 0x0F, 0x00, 0x0F, 0x00, 0x0F, 0xF3, 0xCF,
    0x3C, 0xF3, 0xCF, 0x3C, 0xFF, 0xCF, 0xFC, 0xFF, 0xCF, 0x3C, 0xF3, 0xFF, 0x3F, 0xF3, 0xF0, 0x07,
    0x00, 0x70, 0x07, 0xF0, 0x7F, 0xF8, 0x3F, 0xFC, 0x1F, 0xFE, 0x0F, 0x0F, 0x07, 0x87, 0x83, 0xC3,
    0xFF, 0xE1, 0xFF, 0xF0, 0xFF, 0xF8, 0x78, 0x3C, 0x3C, 0x1E, 0x1E, 0x0F, 0x0F, 0x07, 0x87, 0x83,
    0xC3, 0xC1, 0xE0, 0xF3, 0xFF, 0x9F, 0xFC, 0xFF, 0xE7, 0x8F, 0xFC, 0x7F, 0xE3, 0xFF, 0x1E, 0x78,
    0xF3, 0xC7, 0x9E, 0x3C, 0xF0, 0xFF, 0xF8, 0x03, 0xFF, 0xE0, 0x0F, 0xFF, 0x80, 0x3C, 0x1E, 0x00,
    0xF0, 0x78, 0x03, 0xC1, 0xE0, 0x0F, 0x07, 0xFE, 0x3C, 0x1F, 0xFC, 0xF0, 0x7F, 0xFB, 0xC1, 0xE3,
    0xEF, 0x07, 0x87, 0xBC, 0x1E, 0x0F, 0xF0, 0x78, 0x3F, 0xC1, 0xE0, 0xFF, 0x07, 0x87, 0x80, 0x00,
    0x3E, 0x00, 0x03, 0xF8, 0x00, 0x0F, 0xC0, 0x00, 0x3E, 0x00, 0xFF, 0xC0, 0x7F, 0xE0, 0x3F, 0xF0,
    0x1E, 0x78, 0x0F, 0x3F, 0xE7, 0x9F, 0xFB, 0xCF, 0xFD, 0xE7, 0x9F, 0xF3, 0xC7, 0xF9, 0xE3, 0xFC,
    0xF1, 0xE0, 0x01, 0xF0, 0x03, 0xF0, 0x01, 0xF8, 0x00, 0xF8, 0x0F, 0xE0, 0x3F, 0xE0, 0x7F, 0xE0,
    0x7E, 0x60, 0xF8, 0x00, 0xF1, 0xFC, 0xF3, 0xFE, 0xF3, 0xFE, 0xF7, 0xDE, 0xF7, 0x8E, 0xF7, 0x9E,
    0xFF, 0xBE, 0x7F, 0xFE, 0x3F, 0xFC, 0x1F, 0xF0, 0x01, 0xFC, 0x00, 0xFE, 0x00, 0x7E, 0x00, 0x1E,
    0x1F, 0xC1, 0xFE, 0x1F, 0xE0, 0xFF, 0xE7, 0x3F, 0xBB, 0xDD, 0xDC, 0xEF, 0xEF, 0x7F, 0xF9, 0xFF,
    0x87, 0xF8, 0x07, 0xE0, 0x1F, 0x80, 0x7C, 0x0F, 0xF1, 0xFF, 0x9F, 0xFC, 0xFD, 0xEF, 0x80, 0x78,
    0x03, 0xC0, 0x1E, 0x00, 0xF0, 0x07, 0x80, 0x3E, 0x00, 0xF8, 0xE7, 0xFF, 0x1F, 0xF8, 0x3F, 0xC0,
    0xE0, 0x07, 0x80, 0x1C, 0x03, 0xE0, 0x1F, 0x00, 0x1F, 0xCF, 0xF7, 0xFD, 0xF2, 0x78, 0x1E, 0x07,
    0x81, 0xF3, 0x7F, 0xCF, 0xF0, 0xFC, 0x3C, 0x07, 0x07, 0xC1, 0xF0, 0xFF, 0xFF, 0xFF, 0xFF, 0xFE,
    0x1E, 0x00, 0xF0, 0x07, 0x80, 0x3C, 0x01, 0xE0, 0x0F, 0x00, 0x78, 0x03, 0xC0, 0x1E, 0x00, 0xFE,
    0x07, 0xF0, 0x3F, 0x80, 0x3C, 0x01, 0xE0, 0x0F, 0x00, 0x78, 0xFF, 0xFF, 0xFF, 0xFF, 0x8F, 0x01,
    0xE0, 0x3C, 0x07, 0x80, 0xF0, 0x1F, 0x83, 0xF0, 0x7E, 0x01, 0xC0, 0x38, 0x07, 0x00, 0xF8, 0x3F,
    0xE1, 0xE7, 0xC7, 0x8F, 0x3C, 0x3F, 0xF0, 0x7F, 0x81, 0xFE, 0x03, 0xF0, 0x0F, 0x80, 0x1E, 0x00,
    0x78, 0x01, 0xE0, 0x07, 0x80, 0x1E, 0x00, 0x78, 0x00, 0xF1, 0xFF, 0x1E, 0x79, 0xE7, 0x9E, 0x7B,
    0xC3, 0xFC, 0x3F, 0x81, 0xF8, 0x1F, 0x80, 0xF0, 0x0F, 0x00, 0xF0, 0x0F, 0x00, 0xF0, 0x0F, 0x00,
    0xF8, 0x3F, 0xE1, 0xE7, 0x87, 0x8F, 0x3C, 0x3F, 0xF0, 0x7F, 0x81, 0xFE, 0x03, 0xF0, 0x0F, 0xC0,
    0xFF, 0xC3, 0xFF, 0x01, 0xE0, 0x07, 0x80, 0x1E, 0x00, 0x78, 0x00, 0xF1, 0xFF, 0x1E, 0x79, 0xE7,
    0x9E, 0x7B, 0xC3, 0xFC, 0x3F, 0x81, 0xF8, 0x1F, 0x87, 0xFC, 0x7F, 0xC0, 0xF0, 0x0F, 0x00, 0xF0,
    0x0F, 0x00, 0xF8, 0x7C, 0xF8, 0xF0, 0xF3, 0xE1, 0xFF, 0x81, 0xFE, 0x01, 0xFC, 0x03, 0xF0, 0x03,
    0xE0, 0x0F, 0xC0, 0x3F, 0xC0, 0x7F, 0xC1, 0xFF, 0x87, 0xCF, 0xEF, 0x0F, 0xFE, 0x1F, 0x80, 0x0F,
    0x00, 0x1E, 0x00, 0x3C, 0x00, 0x78, 0xF9, 0xE7, 0x9E, 0x3F, 0xC3, 0xF8, 0x1F, 0x80, 0xF0, 0x1F,
    0x83, 0xFC, 0x7F, 0xF7, 0x9F, 0xF1, 0xF0, 0x07, 0x00, 0x70, 0x07, 0xFF, 0xF7, 0x8F, 0xFF, 0x78,
    0xFF, 0xF7, 0x80, 0xF0, 0x78, 0x0F, 0x07, 0x80, 0xF0, 0x78, 0x0F, 0x07, 0x80, 0xF0, 0x78, 0x0F,
    0x07, 0x80, 0xF0, 0x78, 0x0F, 0x07, 0x80, 0xF0, 0x78, 0x0F, 0xFF, 0xE0, 0xFF, 0xFE, 0x0F, 0xFF,
    0xE0, 0x00, 0x0E, 0x00, 0x00, 0xE0, 0x00, 0x0E, 0x00, 0x00, 0xE0, 0xFF, 0x79, 0xFE, 0xF3, 0xFD,
    0xE1, 0xE3, 0xC3, 0xC7, 0x87, 0x8F, 0x0F, 0x1E, 0x1E, 0x3C, 0x3F, 0xFE, 0x7F, 0xFC, 0xFF, 0xF8,
    0x00, 0xF0, 0x01, 0xE0, 0x03, 0xC0, 0xF0, 0xF3, 0xC3, 0xCF, 0x0F, 0x3C, 0x3C, 0xF0, 0xF3, 0xC3,
    0xCF, 0x8F, 0x3F, 0xFC, 0x7F, 0xF0, 0xFF, 0xC0, 0x0F, 0x00, 0x3C, 0x00, 0xFC, 0x03, 0xF0, 0x0F,
    0xC0, 0x0F, 0x00, 0x3C, 0x00, 0xF0, 0x03, 0xC0, 0xF1, 0xE7, 0x8F, 0x3C, 0x79, 0xE3, 0xCF, 0x9E,
    0x7F, 0xF1, 0xFF, 0x87, 0xFC, 0x01, 0xF8, 0x0F, 0xC0, 0x7E, 0x00, 0xF0, 0x07, 0x80, 0x3C, 0xF0,
    0xFF, 0x0F, 0xF0, 0xFF, 0x0F, 0xF0, 0xFF, 0x6F, 0xFE, 0xFF, 0xFF, 0x7F, 0xF3, 0xFF, 0x06, 0xF0,
    0x6F, 0x00, 0xF0, 0x0F, 0x00, 0xF0, 0xF1, 0xFE, 0x3F, 0xC7, 0xFB, 0xFF, 0xFF, 0xFF, 0xDF, 0xF9,
    0xFF, 0x07, 0xE0, 0xFC, 0x07, 0x80, 0xF0, 0x07, 0x80, 0x3C, 0x01, 0xE0, 0x0F, 0x00, 0x7F, 0xF3,
    0xFF, 0xDF, 0xFE, 0xF1, 0xFF, 0x83, 0xFC, 0x1F, 0xE0, 0xFF, 0x07, 0xF8, 0x3F, 0xC1, 0xE0, 0xF0,
    0x3C, 0x0F, 0x03, 0xC0, 0xF0, 0x3F, 0xEF, 0xFF, 0xFF, 0xF3, 0xFC, 0xFF, 0x3F, 0xCF, 0xF3, 0xFC,
    0xFF, 0x3F, 0xCF, 0x01, 0xFE, 0x00, 0xFF, 0xCE, 0x7F, 0xFB, 0xBF, 0x3E, 0xFF, 0x07, 0xFF, 0xFF,
    0xF7, 0xFF, 0xFC, 0xFF, 0xFF, 0x0F, 0x00, 0x03, 0xC0, 0x00, 0xF8, 0x00, 0x1F, 0x9C, 0x07, 0xFF,
    0x80, 0xFF, 0xE0, 0x0F, 0xF0, 0xC3, 0xF3, 0x9F, 0xEE, 0xFF, 0xFF, 0xCF, 0x7F, 0xFC, 0xFF, 0xF1,
    0xE0, 0x03, 0xE6, 0x0F, 0xF8, 0x1F, 0xF0, 0x3F, 0x80, 0x01, 0xFC, 0x00, 0xFF, 0xC0, 0x7F, 0xFB,
    0x9F, 0x3E, 0xEF, 0x87, 0xBF, 0xC0, 0xFF, 0xFF, 0xFD, 0xFF, 0xFF, 0x3F, 0xFF, 0xC3, 0xC0, 0x00,
    0xF8, 0x00, 0x1F, 0x1C, 0x07, 0xFF, 0x80, 0xFF, 0xE0, 0x1F, 0xF0, 0x01, 0xE0, 0x00, 0x78, 0x00,
    0x1E, 0x00, 0x07, 0x80, 0x03, 0xF3, 0x1F, 0xEE, 0xFF, 0xFB, 0xDF, 0xFE, 0x3D, 0xFF, 0xF3, 0xFF,
    0xC7, 0xC6, 0x0F, 0xF8, 0x3F, 0xF0, 0x3F, 0x80, 0x78, 0x01, 0xE0, 0x07, 0x80, 0xFF, 0xFF, 0xFF,
    0xFF, 0xFF, 0xFF, 0xFF, 0xF0, 0x01, 0x98, 0x00, 0x1E, 0xE0, 0x00, 0x7F, 0x00, 0x01, 0xF0, 0x00,
    0x00, 0x00, 0x7C, 0x78, 0x79, 0xF3, 0xC7, 0xC7, 0x9E, 0x7C, 0x3E, 0xF7, 0xC0, 0xFF, 0xBE, 0x03,
    0xFF, 0xE0, 0x0F, 0xFE, 0x00, 0x7F, 0xE0, 0x07, 0xFF, 0x80, 0x3F, 0xFE, 0x03, 0xFE, 0xF8, 0x3E,
    0xF3, 0xE3, 0xE7, 0x8F, 0x1E, 0x3C, 0x7D, 0xF1, 0xE1, 0xF0, 0x03, 0x30, 0x01, 0xDE, 0x00, 0x7F,
    0x00, 0x0F, 0x80, 0x00, 0x00, 0x00, 0x00, 0x0F, 0x9E, 0x79, 0xF7, 0xBE, 0x3D, 0xFF, 0x07, 0xFF,
    0x81, 0xFF, 0xC0, 0x3F, 0xF0, 0x1F, 0xFE, 0x0F, 0xFF, 0x83, 0xDE, 0xF1, 0xE7, 0x9E, 0xF9, 0xE7,
    0xC0, 0xF0, 0xFF, 0x8F, 0xBC, 0xF9, 0xEF, 0x8F, 0x78, 0x7F, 0x83, 0xFF, 0x1F, 0xFC, 0xFF, 0xF7,
    0x9F, 0xBC, 0x3F, 0xE0, 0xFF, 0x07, 0xF8, 0x3F, 0xC3, 0xE0, 0x3E, 0x07, 0xF0, 0x3F, 0x01, 0xF0,
    0xF3, 0xFE, 0x7B, 0xDE, 0x7F, 0x8F, 0xE1, 0xFF, 0x3F, 0xF7, 0xBE, 0xF1, 0xFE, 0x3F, 0xC7, 0x80,
    0xF0, 0x3C, 0x1F, 0x83, 0xE0, 0x0F, 0xFE, 0x03, 0xFF, 0x80, 0xFF, 0xE0, 0x3C, 0x78, 0x0F, 0x1E,
    0x03, 0xC7, 0x80, 0xF1, 0xE0, 0x3C, 0x78, 0x0F, 0x1E, 0x07, 0x87, 0x81, 0xE1, 0xE1, 0xF8, 0x78,
    0xFC, 0x1F, 0xBE, 0x07, 0xEF, 0x01, 0xF8, 0x00, 0x1E, 0x00, 0x0F, 0x00, 0x03, 0xC0, 0x00, 0x60,
    0x1F, 0xF0, 0x7F, 0xC1, 0xFF, 0x07, 0xBC, 0x1E, 0xF0, 0x7B, 0xC3, 0xCF, 0x1F, 0x3C, 0xFC, 0xFF,
    0xE3, 0xFF, 0x0F, 0xC0, 0x0E, 0x00, 0x78, 0x00, 0xC0, 0xF0, 0x7F, 0x83, 0xFC, 0x1F, 0xE0, 0xFF,
    0x07, 0xF8, 0x3F, 0xFF, 0xFF, 0xFF, 0xFF, 0xFF, 0x83, 0xFC, 0x1F, 0xE0, 0xFF, 0x07, 0xF8, 0x3F,
    0xC1, 0xE0, 0x0F, 0x01, 0xF8, 0x0F, 0x80, 0x7C, 0xF1, 0xFE, 0x3F, 0xC7, 0xF8, 0xFF, 0xFF, 0xFF,
    0xFF, 0xFF, 0x8F, 0xF1, 0xFE, 0x3F, 0xC7, 0x01, 0xE0, 0xFC, 0x1F, 0x83, 0xE0, 0xF0, 0x78, 0xF0,
    0x78, 0xF0, 0x78, 0xF0, 0x78, 0xF0, 0x78, 0xF0, 0x78, 0xFF, 0xF8, 0xFF, 0xF8, 0xFF, 0xF8, 0xF0,
    0x78, 0xF0, 0x78, 0xF0, 0x78, 0xF0, 0x7E, 0xF0, 0x7E, 0xF0, 0x7E, 0x00, 0x1E, 0x00, 0x1C, 0x00,
    0x3C, 0x00, 0x18, 0xF3, 0xCF, 0x3C, 0xF3, 0xCF, 0x3C, 0xFF, 0xCF, 0xFC, 0xFF, 0xCF, 0x3C, 0xF3,
    0xFF, 0x3F, 0xF3, 0xF0, 0x0E, 0x01, 0xE0, 0x1C, 0xF0, 0x7F, 0x83, 0xFC, 0x1F, 0xE0, 0xFF, 0x87,
    0xBC, 0x3D, 0xF1, 0xEF, 0xFF, 0x3F, 0xF8, 0xFF, 0xC0, 0x1E, 0x00, 0xF0, 0x3F, 0x81, 0xFC, 0x0F,
    0xE0, 0x78, 0x03, 0xC0, 0x1E, 0x00, 0xF0, 0x71, 0xEE, 0x3D, 0xC7, 0xBC, 0xF7, 0xFE, 0xFF, 0xCF,
    0xF8, 0x0F, 0x01, 0xE0, 0xFC, 0x1F, 0x83, 0x80, 0x70, 0x0E, 0x00, 0x78, 0x0F, 0x0F, 0x83, 0xE1,
    0xF0, 0x7C, 0x3F, 0x1F, 0x87, 0xE3, 0xF1, 0xFC, 0x7E, 0x3F, 0xDF, 0xC7, 0xBB, 0xBC, 0xF7, 0xF7,
    0x9E, 0xFC, 0xF3, 0xCF, 0x9E, 0x79, 0xF3, 0xCF, 0x1C, 0x7F, 0xE0, 0x0F, 0xFC, 0x01, 0xF8, 0x00,
    0x0F, 0x00, 0x03, 0xC0, 0x00, 0x78, 0x00, 0x06, 0x00, 0xF0, 0x78, 0xF8, 0x78, 0xF8, 0xF8, 0xFC,
    0xF8, 0xFD, 0xF8, 0xFF, 0xFC, 0xFF, 0xFC, 0xFF, 0xBC, 0xF7, 0xBF, 0xF7, 0x3F, 0xE0, 0x3E, 0x00,
    0x0E, 0x00, 0x1C, 0x00, 0x1C, 0xFF, 0xFF, 0xFF, 0xFF, 0xFF, 0xFF, 0xFF, 0xF0, 0x0C, 0x60, 0x1D,
    0xC0, 0x3F, 0x80, 0x3E, 0x00, 0x00, 0x00, 0xF8, 0x01, 0xF0, 0x03, 0xF0, 0x0F, 0xE0, 0x1F, 0xC0,
    0x7B, 0xC0, 0xF7, 0x81, 0xC7, 0x87, 0x8F, 0x0F, 0xFE, 0x3F, 0xFE, 0x7F, 0xFC, 0xF0, 0x7B, 0xC0,
    0x7F, 0x80, 0xF0, 0x19, 0x87, 0x78, 0xFE, 0x0F, 0x80, 0x00, 0x00, 0x0F, 0xE1, 0xFE, 0x3F, 0xC6,
    0x7C, 0xFF, 0xBF, 0xF7, 0x9F, 0xF3, 0xDF, 0xFB, 0xFF, 0x3F, 0xC0, 0x1E, 0xE0, 0x3D, 0xE0, 0x7B,
    0x80, 0x00, 0x00, 0x7C, 0x00, 0xF8, 0x01, 0xF8, 0x07, 0xF0, 0x0F, 0xE0, 0x3D, 0xE0, 0x7B, 0xC0,
    0xE3, 0xC3, 0xC7, 0x87, 0xFF, 0x1F, 0xFF, 0x3F, 0xFE, 0x78, 0x3D, 0xE0, 0x3F, 0xC0, 0x78, 0x3B,
    0xCF, 0x78, 0xEF, 0x00, 0x00, 0x00, 0x7F, 0x0F, 0xF1, 0xFE, 0x33, 0xE7, 0xFD, 0xFF, 0xBC, 0xFF,
    0x9E, 0xFF, 0xDF, 0xF9, 0xFE, 0x00, 0xFF, 0xF0, 0x07, 0xFF, 0x80, 0x7F, 0xFC, 0x03, 0xF8, 0x00,
    0x3F, 0xC0, 0x03, 0xDE, 0x00, 0x1E, 0xFF, 0x81, 0xE7, 0xFC, 0x0F, 0x3F, 0xE0, 0xFF, 0xE0, 0x0F,
    0xFF, 0x00, 0x7F, 0xF8, 0x07, 0xC3, 0xFF, 0xBC, 0x1F, 0xFF, 0xC0, 0xFF, 0xE0, 0x3F, 0xFF, 0x0F,
    0xFF, 0xE3, 0xFF, 0xF8, 0xCF, 0x9F, 0x3F, 0xFF, 0xDF, 0xFF, 0xF7, 0x9E, 0x03, 0xE7, 0xC6, 0x7F,
    0xFF, 0x9F, 0xFF, 0xE3, 0xFF, 0xF8, 0x39, 0x87, 0x78, 0xFE, 0x0F, 0x80, 0x01, 0xFF, 0xFF, 0xFF,
    0xFF, 0xF0, 0x1E, 0x03, 0xC0, 0x7F, 0xEF, 0xFD, 0xFF, 0xBC, 0x07, 0x80, 0xF0, 0x1F, 0xFF, 0xFF,
    0xFF, 0xF0, 0x18, 0xC3, 0xDC, 0x1F, 0xC0, 0xF8, 0x00, 0x00, 0x00, 0x1F, 0x83, 0xFE, 0x7F, 0xE7,
    0x9F, 0x7F, 0xF7, 0xFF, 0x78, 0x07, 0xC6, 0x7F, 0xE3, 0xFE, 0x1F, 0xE0, 0x3F, 0xC1, 0xFF, 0x87,
    0xFF, 0x1C, 0x7E, 0x00, 0x78, 0x01, 0xEF, 0xFF, 0xFF, 0xFF, 0xFF, 0xFF, 0xC1, 0xEF, 0x07, 0xBF,
    0x7E, 0x7F, 0xF0, 0xFF, 0x81, 0xFC, 0x00, 0x7F, 0x87, 0xFC, 0x7F, 0xE3, 0x3E, 0x00, 0xF7, 0xFF,
    0x7F, 0xF7, 0x9E, 0x7F, 0xE3, 0xFC, 0x1F, 0x80, 0x3D, 0xC0, 0xF7, 0x83, 0xDC, 0x00, 0x00, 0x3F,
    0xC1, 0xFF, 0x87, 0xFF, 0x1C, 0x7E, 0x00, 0x78, 0x01, 0xEF, 0xFF, 0xFF, 0xFF, 0xFF, 0xFF, 0xC1,
    0xEF, 0x07, 0xBF, 0x7E, 0x7F, 0xF0, 0xFF, 0x81, 0xFC, 0x00, 0x39, 0xC3, 0xFC, 0x39, 0xC0, 0x00,
    0x00, 0x07, 0xF8, 0x7F, 0xC7, 0xFE, 0x33, 0xE0, 0x0F, 0x7F, 0xF7, 0xFF, 0x79, 0xE7, 0xFE, 0x3F,
    0xC1, 0xF8, 0x03, 0xDC, 0x00, 0x1E, 0xF0, 0x00, 0xF7, 0x00, 0x00, 0x00, 0x0F, 0x8F, 0x0F, 0x3E,
    0x78, 0xF8, 0xF3, 0xCF, 0x87, 0xDE, 0xF8, 0x1F, 0xF7, 0xC0, 0x7F, 0xFC, 0x01, 0xFF, 0xC0, 0x0F,
    0xFC, 0x00, 0xFF, 0xF0, 0x07, 0xFF, 0xC0, 0x7F, 0xDF, 0x07, 0xDE, 0x7C, 0x7C, 0xF1, 0xE3, 0xC7,
    0x8F, 0xBE, 0x3C, 0x3E, 0x07, 0x38, 0x01, 0xFE, 0x00, 0x73, 0x80, 0x00, 0x00, 0x00, 0x00, 0x3E,
    0x79, 0xE7, 0xDE, 0xF8, 0xF7, 0xFC, 0x1F, 0xFE, 0x07, 0xFF, 0x00, 0xFF, 0xC0, 0x7F, 0xF8, 0x3F,
    0xFE, 0x0F, 0x7B, 0xC7, 0x9E, 0x7B, 0xE7, 0x9F, 0x39, 0xC3, 0xBC, 0x39, 0xC0, 0x00, 0x00, 0x03,
    0xF8, 0x7F, 0xE7, 0xFE, 0x31, 0xF0, 0x1F, 0x03, 0xE1, 0xFE, 0x1F, 0xE1, 0xFF, 0x01, 0xF0, 0x0F,
    0x71, 0xF7, 0xFF, 0xFF, 0xE7, 0xFC, 0x73, 0x9D, 0xE7, 0x38, 0x00, 0x00, 0x1F, 0xC7, 0xF9, 0xFF,
    0x67, 0xCF, 0xE3, 0xF8, 0x0F, 0x63, 0xDF, 0xFF, 0xF9, 0xFC, 0x7F, 0xF7, 0xFF, 0x7F, 0xF0, 0x3E,
    0x07, 0xC0, 0xF8, 0x1F, 0xC1, 0xFE, 0x03, 0xF0, 0x0F, 0x00, 0xF7, 0x1F, 0xFF, 0xFF, 0xFE, 0x7F,
    0xC0, 0xFF, 0xFF, 0xFF, 0xFC, 0x1E, 0x0F, 0x07, 0x83, 0xF0, 0xFE, 0x07, 0xC0, 0xF0, 0x3F, 0x9F,
    0xFF, 0xFF, 0xEF, 0xF0, 0x0F, 0xE0, 0x3F, 0x80, 0x00, 0x3C, 0x0F, 0xF0, 0x7F, 0xC3, 0xFF, 0x1F,
    0xFC, 0x7F, 0xF3, 0xFF, 0xDE, 0xFF, 0x7B, 0xFF, 0xCF, 0xFE, 0x3F, 0xF8, 0xFF, 0xC3, 0xFE, 0x0F,
    0xF8, 0x3F, 0xC0, 0xF0, 0x3F, 0x87, 0xF0, 0x00, 0x00, 0x0F, 0x1F, 0xE7, 0xFD, 0xFF, 0xBF, 0xFF,
    0xFF, 0xFF, 0xFF, 0xFE, 0xFF, 0x9F, 0xF3, 0xFC, 0x78, 0x1C, 0xE0, 0x7B, 0x81, 0xCE, 0x00, 0x00,
    0xF0, 0x3F, 0xC1, 0xFF, 0x0F, 0xFC, 0x7F, 0xF1, 0xFF, 0xCF, 0xFF, 0x7B, 0xFD, 0xEF, 0xFF, 0x3F,
    0xF8, 0xFF, 0xE3, 0xFF, 0x0F, 0xF8, 0x3F, 0xE0, 0xFF, 0x03, 0xC0, 0x3B, 0xCF, 0x78, 0xEF, 0x00,
    0x00, 0x01, 0xE3, 0xFC, 0xFF, 0xBF, 0xF7, 0xFF, 0xFF, 0xFF, 0xFF, 0xFF, 0xDF, 0xF3, 0xFE, 0x7F,
    0x8F, 0x1E, 0xE0, 0x3D, 0xE0, 0x7B, 0x80, 0x00, 0x00, 0xFE, 0x07, 0xFE, 0x1F, 0xFE, 0x3E, 0x7E,
    0xF8, 0x3D, 0xE0, 0x7F, 0xC0, 0x7F, 0x80, 0xFF, 0x01, 0xFE, 0x07, 0xFE, 0x0F, 0x3E, 0x7E, 0x7F,
    0xF8, 0x7F, 0xF0, 0x3F, 0x80, 0x3D, 0xC3, 0xDE, 0x3D, 0xC0, 0x00, 0x00, 0x01, 0xFC, 0x3F, 0xE7,
    0xFE, 0x7D, 0xF7, 0x8F, 0x78, 0xF7, 0x8F, 0x7D, 0xF7, 0xFE, 0x3F, 0xE1, 0xFC, 0x0F, 0xE0, 0x7F,
    0xE1, 0xFF, 0xE3, 0xE7, 0xEF, 0x83, 0xDE, 0x03, 0xFF, 0xFF, 0xFF, 0xFF, 0xF0, 0x1F, 0xE0, 0x7F,
    0xE0, 0xF3, 0xE7, 0xE7, 0xFF, 0x87, 0xFF, 0x03, 0xF8, 0x00, 0x1F, 0xC3, 0xFE, 0x7F, 0xE7, 0x9F,
    0x7F, 0xF7, 0xFF, 0x78, 0xF7, 0xDF, 0x7F, 0xE3, 0xFE, 0x1F, 0xC0, 0x1E, 0xE0, 0x3D, 0xE0, 0x7B,
    0x80, 0x00, 0x00, 0xFE, 0x07, 0xFE, 0x1F, 0xFE, 0x3E, 0x7E, 0xF8, 0x3D, 0xE0, 0x3F, 0xFF, 0xFF,
    0xFF, 0xFF, 0x01, 0xFE, 0x07, 0xFE, 0x0F, 0x3E, 0x7E, 0x7F, 0xF8, 0x7F, 0xF0, 0x3F, 0x80, 0x3D,
    0xC3, 0xDE, 0x3D, 0xC0, 0x00, 0x00, 0x01, 0xFC, 0x3F, 0xE7, 0xFE, 0x79, 0xF7, 0xFF, 0x7F, 0xF7,
    0x8F, 0x7D, 0xF7, 0xFE, 0x3F, 0xE1, 0xFC, 0x1D, 0xC0, 0xF7, 0x81, 0xDC, 0x00, 0x00, 0x3F, 0xC1,
    0xFF, 0x87, 0xFF, 0x1C, 0x7E, 0x00, 0x78, 0x01, 0xE1, 0xFF, 0xC7, 0xFF, 0x1F, 0xFC, 0x01, 0xE0,
    0x07, 0x9C, 0x7E, 0x7F, 0xF1, 0xFF, 0x83, 0xFC, 0x00, 0x73, 0x8F, 0x71, 0xCE, 0x00, 0x00, 0x00,
    0xFE, 0x1F, 0xE3, 0xFE, 0x63, 0xC7, 0xF8, 0xFF, 0x81, 0xE6, 0x7C, 0xFF, 0xBF, 0xE7, 0xF8, 0x1F,
    0xE0, 0x7F, 0x80, 0x00, 0x3E, 0x1F, 0x78, 0x79, 0xF1, 0xE3, 0xC7, 0x8F, 0x3C, 0x1E, 0xF0, 0x7B,
    0x80, 0xFE, 0x03, 0xF8, 0x07, 0xC0, 0x1F, 0x04, 0xF8, 0x1F, 0xE0, 0x7F, 0x01, 0xF8, 0x00, 0x3F,
    0xC3, 0xFC, 0x00, 0x00, 0x00, 0xF0, 0xFF, 0x1E, 0x79, 0xE7, 0x9E, 0x7B, 0xC3, 0xFC, 0x3F, 0x81,
    0xF8, 0x1F, 0x81, 0xF0, 0x0F, 0x01, 0xE0, 0xFE, 0x0F, 0xC0, 0xF8, 0x00, 0x1C, 0xE0, 0x7B, 0x81,
    0xCE, 0x00, 0x00, 0xF8, 0x7D, 0xE1, 0xE7, 0xC7, 0x8F, 0x1E, 0x3C, 0xF0, 0x7B, 0xC1, 0xEE, 0x03,
    0xF8, 0x0F, 0xE0, 0x1F, 0x00, 0x7C, 0x13, 0xE0, 0x7F, 0x81, 0xFC, 0x07, 0xE0, 0x00, 0x3B, 0xC7,
    0xBC, 0x3B, 0xC0, 0x00, 0x00, 0x0F, 0x0F, 0xF1, 0xE7, 0x9E, 0x79, 0xE7, 0xBC, 0x3F, 0xC3, 0xF8,
    0x1F, 0x81, 0xF8, 0x1F, 0x00, 0xF0, 0x1E, 0x0F, 0xE0, 0xFC, 0x0F, 0x80, 0x07, 0x70, 0x1D, 0xC0,
    0xEE, 0x07, 0x38, 0x0C, 0xC0, 0x00, 0x0F, 0x87, 0xDE, 0x1E, 0x7C, 0x78, 0xF1, 0xE3, 0xCF, 0x07,
    0xBC, 0x1E, 0xE0, 0x3F, 0x80, 0xFE, 0x01, 0xF0, 0x07, 0xC1, 0x3E, 0x07, 0xF8, 0x1F, 0xC0, 0x7E,
    0x00, 0x0C, 0xC1, 0xDE, 0x1D, 0xC3, 0xB8, 0x33, 0x80, 0x00, 0xF0, 0xFF, 0x1E, 0x79, 0xE7, 0x9E,
    0x7B, 0xC3, 0xFC, 0x3F, 0x81, 0xF8, 0x1F, 0x81, 0xF0, 0x0F, 0x01, 0xE0, 0xFE, 0x0F, 0xC0, 0xF8,
    0x00, 0x1D, 0xE1, 0xEF, 0x07, 0x78, 0x00, 0x0F, 0x07, 0xF8, 0x3F, 0xC1, 0xFE, 0x0F, 0xF8, 0x7B,
    0xC3, 0xDF, 0x1E, 0xFF, 0xF3, 0xFF, 0x8F, 0xFC, 0x01, 0xE0, 0x0F, 0x00, 0x78, 0x03, 0xC0, 0x1E,
    0x3B, 0xCF, 0x78, 0xEF, 0x00, 0x00, 0x00, 0xE3, 0xDC, 0x7B, 0x8F, 0x71, 0xEF, 0x3D, 0xFF, 0xBF,
    0xF3, 0xFE, 0x03, 0xC0, 0x78, 0x0F, 0xFF, 0xFF, 0xFF, 0xFF, 0xF8, 0x0F, 0x01, 0xE0, 0x3C, 0x07,
    0x80, 0xF0, 0x1E, 0x03, 0xC0, 0x78, 0x0F, 0xE1, 0xFC, 0x3F, 0x80, 0xF0, 0x1E, 0x03, 0xC0, 0x78,
    0x00, 0xFF, 0xFF, 0xFF, 0xFE, 0x0F, 0x07, 0x83, 0xC1, 0xE0, 0xFC, 0x7E, 0x3F, 0x03, 0x81, 0xC0,
    0xE0, 0x07, 0x38, 0x03, 0xBC, 0x01, 0xCE, 0x00, 0x00, 0x0F, 0x00, 0x7F, 0x80, 0x3F, 0xC0, 0x1F,
    0xE0, 0x0F, 0xF0, 0x07, 0xFF, 0xC3, 0xFF, 0xF9, 0xFF, 0xFC, 0xFF, 0x3F, 0x7F, 0x87, 0xBF, 0xC3,
    0xDF, 0xE7, 0xEF, 0xFF, 0xE7, 0xFF, 0xF3, 0xFF, 0xE1, 0xE0, 0x0E, 0xF0, 0x3D, 0xE0, 0x3B, 0xC0,
    0x00, 0x00, 0x00, 0x1E, 0x03, 0xFC, 0x07, 0xF8, 0x0F, 0xF0, 0x1F, 0xFF, 0x3F, 0xFF, 0x7F, 0xFE,
    0xFF, 0x3D, 0xFF, 0xFB, 0xFF, 0xF7, 0xFF, 0xCF, 0x7C, 0x3C, 0xF0, 0xF3, 0xE3, 0xC7, 0xDE, 0x0F,
    0x78, 0xFF, 0xE3, 0xFF, 0x1E, 0xF8, 0x79, 0xE1, 0xE7, 0xC7, 0x0F, 0x3C, 0x1E, 0xF0, 0x7C, 0x7F,
    0x87, 0xFC, 0x7F, 0xC0, 0x3E, 0x01, 0xE0, 0x1E, 0x01, 0xE0, 0x1E, 0x01, 0xE0, 0x1E, 0xFF, 0xFF,
    0xFF, 0xFF, 0xF0, 0x7C, 0x3F, 0x1F, 0xC1, 0xE0, 0xF0, 0x78, 0x3C, 0x1E, 0x0F, 0x0F, 0xBF, 0xDE,
    0xEE, 0x70, 0x00, 0xFF, 0xFF, 0xFF, 0xFF, 0xE0, 0x3C, 0x03, 0xC0, 0x3C, 0x03, 0xC0, 0x3C, 0x03,
    0xC0, 0x3C, 0x03, 0xC0, 0x3C, 0x03, 0xC0, 0xFF, 0xCF, 0xFE, 0xFF, 0xF0, 0x0F, 0x00, 0xF0, 0x0F,
    0xF0, 0xFF, 0x0F, 0xF0, 0xFF, 0x0F, 0xF0, 0xFF, 0x0F, 0xF0, 0xF0, 0x7D, 0xFF, 0xCF, 0x3C, 0xF3,
    0xCF, 0x3C, 0xF3, 0xCF, 0x3C, 0xFF, 0xFE, 0x7E, 0x3C, 0x38, 0x78, 0x78, 0x78, 0x78, 0x78, 0x3C,
    0x3C, 0x3C, 0x7F, 0xF3, 0xFF, 0xEF, 0xFF, 0x8E, 0x1E, 0x78, 0x79, 0xE1, 0xE7, 0x87, 0x9E, 0x1E,
    0x78, 0x79, 0xE1, 0xE7, 0x87, 0x9E, 0x1E, 0x78, 0x78, 0x73, 0xE3, 0x9F, 0x9C, 0xFE, 0xE0, 0xF7,
    0x07, 0xB8, 0x3D, 0xC1, 0xEF, 0x0F, 0x78, 0x7B, 0xC7, 0xCF, 0xFC, 0x7F, 0xE0, 0xFC, 0x00, 0x7D,
    0xFF, 0xCF, 0x3C, 0xF3, 0xC0, 0x7F, 0x8F, 0xF9, 0xFF, 0x80, 0xF0, 0x1E, 0x03, 0xC0, 0x78, 0x0F,
    0x01, 0xE0, 0x3C, 0x07, 0x80, 0xF0, 0x1E, 0x03, 0xC0, 0x78, 0x0F, 0x01, 0xE0, 0x7F, 0x1F, 0xF3,
    0xFF, 0x01, 0xE0, 0x3C, 0x03, 0xC0, 0x78, 0x0F, 0x03, 0xC0, 0x7B, 0xFF, 0x7F, 0xCF, 0xF0, 0x30,
    0x1E, 0x03, 0xC0, 0x78, 0x0F, 0xFF, 0xFF, 0xFF, 0xF8, 0x0F, 0x03, 0xC0, 0x78, 0x0F, 0x03, 0xC0,
    0x78, 0x0F, 0x03, 0xC0, 0x78, 0x1F, 0x00, 0x7F, 0xF1, 0xFF, 0xE7, 0xFF, 0x8F, 0x0F, 0x3C, 0x3C,
    0xF0, 0xF3, 0xC3, 0xCF, 0x0F, 0x3C, 0x3C, 0xF0, 0xF3, 0xFF, 0xCF, 0xFF, 0x3F, 0xFC, 0xF3, 0xF0,
    0xFF, 0xF1, 0xFF, 0xF3, 0xF1, 0xE3, 0xC3, 0xC7, 0x87, 0x8F, 0x0F, 0x1E, 0x1E, 0x38, 0x3C, 0xF0,
    0x79, 0xEF, 0xE3, 0xDF, 0xC7, 0xBF, 0x00, 0x7D, 0xF7, 0xCF, 0x3C, 0xF3, 0xCF, 0x3C, 0xF3, 0xCF,
    0x3C, 0xF3, 0xCF, 0x3C, 0x7C, 0x7E, 0x7E, 0x1E, 0x0F, 0x0F, 0x0F, 0x0F, 0x0F, 0x0F, 0x7F, 0xFF,
    0xFF, 0x7F, 0xE1, 0xFF, 0xC7, 0xFF, 0x8E, 0x1E, 0x78, 0x3D, 0xE0, 0xF7, 0x83, 0xDE, 0x0F, 0x78,
    0x79, 0xF1, 0xE3, 0xFF, 0x8F, 0xFC, 0x0F, 0xE0, 0x00, 0x03, 0xC3, 0xDE, 0x1E, 0xF0, 0xF3, 0x87,
    0x9E, 0x38, 0xF3, 0xC7, 0x9E, 0x3C, 0xF0, 0xEF, 0x87, 0xF8, 0xFF, 0x8F, 0xF8, 0x7E, 0x01, 0x00,
    0x00, 0x1F, 0xC1, 0xFF, 0x1F, 0xFC, 0xF1, 0xEF, 0x0F, 0x3C, 0x3D, 0xF1, 0xEF, 0x8F, 0x1C, 0x78,
    0x03, 0xC0, 0x1E, 0x00, 0xF0, 0x07, 0x80, 0x3C, 0x01, 0xE0, 0x0F, 0x00, 0x78, 0x1F, 0xC3, 0xFF,
    0x1F, 0xFC, 0xF1, 0xEF, 0x0F, 0x3C, 0x3D, 0xF1, 0xEF, 0x8F, 0x1C, 0xF0, 0x0F, 0x9F, 0xFC, 0xFF,
    0xC7, 0xF8, 0x00, 0xF0, 0xF7, 0x8F, 0x78, 0xF7, 0xCE, 0x3D, 0xE3, 0xDE, 0x1F, 0xC1, 0xFC, 0x1F,
    0x80, 0xF0, 0x0F, 0x00, 0xF0, 0x0F, 0x00, 0x78, 0x07, 0x80, 0x78, 0x07, 0x80, 0xF8, 0xF7, 0xCF,
    0x3C, 0xF3, 0xEF, 0x1F, 0xE1, 0xFE, 0x0F, 0xC0, 0x78, 0x07, 0xC0, 0x3C, 0x7F, 0xEF, 0xFE, 0xFF,
    0xE0, 0x7F, 0xF9, 0xFF, 0xE7, 0xFF, 0x80, 0x1E, 0x00, 0x78, 0x03, 0xC7, 0x8F, 0x1E, 0x3C, 0x79,
    0xE1, 0xE7, 0x87, 0x9E, 0x1E, 0x78, 0x7B, 0xC1, 0xE0, 0x07, 0x80, 0x1E, 0x00, 0x78, 0x00, 0x7F,
    0x9F, 0xF7, 0xFC, 0x0F, 0x03, 0xC0, 0xF0, 0x3C, 0x0F, 0x03, 0xC0, 0xF0, 0x3C, 0x0F, 0x03, 0xC0,
    0xF7, 0x9F, 0xEF, 0x3F, 0xDE, 0x7F, 0xBC, 0xFF, 0x79, 0xFF, 0xE3, 0xFF, 0xC7, 0x7E, 0x1E, 0xF0,
    0x3C, 0xF0, 0xF9, 0xFF, 0xE1, 0xFF, 0x81, 0xFE, 0x00, 0x7F, 0xF1, 0xFF, 0xE7, 0xFF, 0xC7, 0x8F,
    0x1E, 0x3C, 0x78, 0xF1, 0xE3, 0xC7, 0x8F, 0x1C, 0x3C, 0xF0, 0xF7, 0xC3, 0xDF, 0x0F, 0xF8, 0x3C,
    0x47, 0xFE, 0xFF, 0x00, 0x38, 0xE7, 0x9E, 0x7B, 0xEF, 0x80, 0x00, 0x00, 0x1C, 0xFB, 0xEF, 0x8C,
    0x00, 0x07, 0xF9, 0xFF, 0xFF, 0xEF, 0xBD, 0xF0, 0x3F, 0x03, 0xF0, 0x3F, 0x01, 0xE0, 0x3C, 0x00,
    0x00, 0xE0, 0x3E, 0x07, 0xC0, 0x78, 0x06, 0x00, 0x00, 0x0F, 0xC7, 0xE1, 0xF8, 0x78, 0x1E, 0x07,
    0xF8, 0xFE, 0xFF, 0xBF, 0xC7, 0x80, 0x00, 0xFF, 0xFF, 0xFF, 0x00, 0x31, 0xEF, 0x9E, 0x30, 0x00,
    0x03, 0xCF, 0x1E, 0x79, 0xE7, 0x9E, 0x78, 0xE3, 0x8F, 0x3C, 0xF3, 0xC0, 0x20, 0x38, 0x7F, 0x1F,
    0xFF, 0xFF, 0xBF, 0xE7, 0xE1, 0xE0, 0x78, 0x1E, 0x07, 0x81, 0xE0, 0x78, 0x1E, 0x07, 0x80, 0x00,
    0x00, 0x0F, 0x77, 0xF7, 0x7F, 0xFF, 0x7F, 0xF7, 0xFF, 0x7D, 0xC7, 0x80, 0x78, 0x07, 0x80, 0x78,
    0x03, 0x80, 0x38, 0x03, 0x80, 0x38, 0x00, 0x00, 0x04, 0x07, 0x03, 0xE1, 0xF8, 0xF8, 0x3C, 0x0F,
    0xC1, 0xF8, 0x3E, 0x1F, 0x0F, 0x03, 0xC0, 0xFF, 0x9F, 0xF7, 0xFC, 0x00, 0x00, 0x0F, 0xC7, 0xF9,
    0xFE, 0xF3, 0xFC, 0xFF, 0x3F, 0xCF, 0xF3, 0xFF, 0xF7, 0xF8, 0xFC, 0x40, 0x07, 0xFC, 0x7F, 0xC7,
    0xFC, 0x0F, 0xC0, 0x1C, 0x01, 0xC0, 0x1C, 0x01, 0xC0, 0x1E, 0x01, 0xE0, 0x1E, 0x01, 0xE0, 0x0E,
    0x00, 0xE0, 0x08, 0x20, 0x4F, 0x0F, 0xF0, 0xFF, 0x1E, 0x79, 0xE7, 0x9E, 0x39, 0xC3, 0xFC, 0x3F,
    0xC3, 0xF8, 0x1F, 0x81, 0xF8, 0x1F, 0x00, 0xF0, 0x0F, 0x00, 0x80, 0x03, 0x00, 0xF0, 0x0F, 0x00,
    0xF8, 0x1F, 0x81, 0xF8, 0x1F, 0x83, 0xFC, 0x3F, 0xC3, 0x9C, 0x79, 0xE7, 0x9E, 0xF1, 0xEF, 0x0F,
    0xF0, 0xF2, 0x04, 0x08, 0x0F, 0xC7, 0xF3, 0xFE, 0xF7, 0xBD, 0xEF, 0xFB, 0xFE, 0x7F, 0x87, 0xF0,
    0x3C, 0x0F, 0x03, 0xC0, 0xF0, 0x1C, 0x00, 0x08, 0x00, 0x78, 0x00, 0xF3, 0x80, 0xE7, 0x01, 0xFE,
    0x03, 0xFC, 0x07, 0xF8, 0x0F, 0xF0, 0x3C, 0xFD, 0xF9, 0xFF, 0xE1, 0xFF, 0x81, 0xFE, 0x00, 0x7E,
    0xFC, 0x31, 0xEF, 0x9E, 0x30, 0x00, 0x03, 0xCF, 0x1E, 0x79, 0xE7, 0x9E, 0x78, 0xE3, 0x8F, 0x3C,
    0xF3, 0xC0, 0x20, 0x38, 0x7F, 0x1F, 0xFF, 0xFF, 0xBF, 0xE7, 0xE1, 0xE0, 0x78, 0x1E, 0x07, 0x81,
    0xE0, 0x78, 0x1E, 0x07, 0x80, 0x00, 0x00, 0x0F, 0x77, 0xF7, 0x7F, 0xFF, 0x7F, 0xF7, 0xFF, 0x7D,
    0xC7, 0x80, 0x78, 0x07, 0x80, 0x78, 0x03, 0x80, 0x38, 0x03, 0x80, 0x38, 0x00, 0x00, 0x01, 0xC7,
    0x3C, 0x7F, 0xC7, 0xFC, 0x7F, 0xE7, 0xFE, 0x7F, 0xE3, 0xFC, 0x38, 0x03, 0xC0, 0x3C, 0x03, 0xC0,
    0x3C, 0x03, 0xC0, 0x3C, 0x00, 0x00, 0x00, 0x00, 0xE0, 0x1F, 0x00, 0xF0, 0x1F, 0x81, 0xFC, 0x3F,
    0xC7, 0x9E, 0x79, 0xE7, 0x0E, 0xF6, 0xFF, 0x6F, 0xFF, 0xE7, 0xFE, 0x7F, 0xC0, 0x04, 0x0F, 0xC7,
    0xF1, 0xFC, 0x70, 0x1C, 0x07, 0xF9, 0xFE, 0x3F, 0xC7, 0xC3, 0xE1, 0xF0, 0x7C, 0x3E, 0x0F, 0x00,
    0xC0, 0x20, 0x4F, 0x0F, 0xF0, 0xFF, 0x1E, 0x79, 0xE7, 0x9E, 0x39, 0xC3, 0xFC, 0x3F, 0xC3, 0xF8,
    0x1F, 0x81, 0xF8, 0x1F, 0x00, 0xF0, 0x0F, 0x00, 0x80, 0x03, 0x00, 0xF0, 0x0F, 0x00, 0xF8, 0x1F,
    0x81, 0xF8, 0x1F, 0x83, 0xFC, 0x3F, 0xC3, 0x9C, 0x79, 0xE7, 0x9E, 0xF1, 0xEF, 0x0F, 0xF0, 0xF2,
    0x04, 0x08, 0x0F, 0xC7, 0xF3, 0xFE, 0xF7, 0xBD, 0xEF, 0xFB, 0xFE, 0x7F, 0x87, 0xF0, 0x3C, 0x0F,
    0x03, 0xC0, 0xF0, 0x1C, 0x03, 0x80, 0x0F, 0x80, 0x1F, 0x00, 0x7F, 0x00, 0xFE, 0x03, 0xDE, 0x07,
    0xBC, 0x0E, 0x78, 0x3C, 0x78, 0x7F, 0xF1, 0xFF, 0xF3, 0xFF, 0xE7, 0x83, 0xDE, 0x07, 0xFC, 0x07,
    0x80, 0x00, 0x03, 0x80, 0x07, 0x00, 0x0E, 0x00, 0x08, 0x00, 0x0E, 0x0F, 0xF0, 0xFF, 0x1F, 0xE0,
    0x1C, 0x7F, 0xDF, 0xFB, 0xFF, 0xF1, 0xFF, 0xFD, 0xFF, 0x9F, 0xE0, 0xF0, 0x1C, 0x03, 0xC0, 0x78,
    0x06, 0x00, 0x07, 0x80, 0x0F, 0x80, 0x07, 0x00, 0x1E, 0x00, 0x38, 0x00, 0x70, 0x01, 0xF0, 0x03,
    0xE0, 0x0F, 0xE0, 0x1F, 0xC0, 0x7B, 0xC0, 0xF7, 0x81, 0xCF, 0x07, 0x8F, 0x0F, 0xFE, 0x3F, 0xFE,
    0x7F, 0xFC, 0xF0, 0x7B, 0xC0, 0xFF, 0x80, 0xF0, 0x0E, 0x03, 0xE0, 0x7C, 0x03, 0x80, 0xE0, 0x1C,
    0x1F, 0xE1, 0xFE, 0x3F, 0xC0, 0x38, 0xFF, 0xBF, 0xF7, 0xFF, 0xE3, 0xFF, 0xFB, 0xFF, 0x3F, 0xC1,
    0xE0, 0x00, 0x08, 0x00, 0x38, 0x00, 0xF0, 0x0B, 0xC0, 0x3F, 0x01, 0xFC, 0x03, 0xB8, 0x02, 0x20,
    0x03, 0x80, 0x0F, 0x80, 0x1F, 0x00, 0x7F, 0x00, 0xFE, 0x03, 0xDE, 0x07, 0xBC, 0x0E, 0x78, 0x3C,
    0x78, 0x7F, 0xF1, 0xFF, 0xF3, 0xFF, 0xE7, 0x83, 0xDE, 0x07, 0xFC, 0x07, 0x80, 0x00, 0x00, 0x03,
    0x80, 0x1C, 0x01, 0xE0, 0xFE, 0x0F, 0xE0, 0xFE, 0x03, 0x60, 0x0E, 0x03, 0xFC, 0x0F, 0xF0, 0x7F,
    0x80, 0x1C, 0x1F, 0xF1, 0xFF, 0x8F, 0xFC, 0xF1, 0xE7, 0xFF, 0x1F, 0xF8, 0x7F, 0x80, 0xF0, 0x00,
    0x00, 0xC0, 0x03, 0xC0, 0x07, 0xC0, 0x0F, 0x80, 0x3F, 0x01, 0xFC, 0x03, 0xB8, 0x02, 0x20, 0x03,
    0x80, 0x0F, 0x80, 0x1F, 0x00, 0x7F, 0x00, 0xFE, 0x03, 0xDE, 0x07, 0xBC, 0x0E, 0x78, 0x3C, 0x78,
    0x7F, 0xF1, 0xFF, 0xF3, 0xFF, 0xE7, 0x83, 0xDE, 0x07, 0xFC, 0x07, 0x80, 0x00, 0x00, 0x70, 0x0F,
    0x01, 0xF0, 0xEE, 0x3E, 0x8F, 0xE0, 0xD8, 0x0E, 0x0F, 0xF0, 0xFF, 0x1F, 0xE0, 0x1C, 0x7F, 0xDF,
    0xFB, 0xFF, 0xF1, 0xFF, 0xFD, 0xFF, 0x9F, 0xE0, 0xF0, 0x00, 0x20, 0x01, 0xF0, 0x03, 0xF0, 0x01,
    0xC0, 0x17, 0x80, 0x7E, 0x03, 0xF8, 0x07, 0x70, 0x04, 0x40, 0x07, 0x00, 0x1F, 0x00, 0x3E, 0x00,
    0xFE, 0x01, 0xFC, 0x07, 0xBC, 0x0F, 0x78, 0x1C, 0xF0, 0x78, 0xF0, 0xFF, 0xE3, 0xFF, 0xE7, 0xFF,
    0xCF, 0x07, 0xBC, 0x0F, 0xF8, 0x0F, 0x01, 0xC0, 0x1F, 0x01, 0xF0, 0x0F, 0x0E, 0xE1, 0xFC, 0x3F,
    0x81, 0xB0, 0x0E, 0x07, 0xF8, 0x3F, 0xC3, 0xFC, 0x01, 0xC3, 0xFE, 0x7F, 0xE7, 0xFE, 0xF1, 0xEF,
    0xFE, 0x7F, 0xE3, 0xFC, 0x0F, 0x00, 0x06, 0x40, 0x1F, 0xE0, 0x7F, 0x80, 0x6E, 0x00, 0x10, 0x00,
    0x70, 0x03, 0xF8, 0x07, 0x70, 0x04, 0x40, 0x07, 0x00, 0x1F, 0x00, 0x3E, 0x00, 0xFE, 0x01, 0xFC,
    0x07, 0xBC, 0x0F, 0x78, 0x1C, 0xF0, 0x78, 0xF0, 0xFF, 0xE3, 0xFF, 0xE7, 0xFF, 0xCF, 0x07, 0xBC,
    0x0F, 0xF8, 0x0F, 0x1D, 0x87, 0xF1, 0xFE, 0x00, 0x00, 0xE0, 0x3E, 0x0F, 0xE0, 0xD8, 0x0E, 0x0F,
    0xF0, 0xFF, 0x1F, 0xE0, 0x1C, 0x7F, 0xDF, 0xFB, 0xFF, 0xF1, 0xFF, 0xFD, 0xFF, 0x9F, 0xE0, 0xF0,
    0x01, 0x00, 0x07, 0x00, 0x3F, 0x80, 0x77, 0x00, 0x44, 0x00, 0x70, 0x01, 0xF0, 0x03, 0xE0, 0x0F,
    0xE0, 0x1F, 0xC0, 0x7B, 0xC0, 0xF7, 0x81, 0xCF, 0x07, 0x8F, 0x0F, 0xFE, 0x3F, 0xFE, 0x7F, 0xFC,
    0xF0, 0x7B, 0xC0, 0xFF, 0x80, 0xF0, 0x00, 0x00, 0x70, 0x00, 0xE0, 0x01, 0xC0, 0x01, 0x00, 0x00,
    0x01, 0xC0, 0x7C, 0x1F, 0xC1, 0xB0, 0x1C, 0x1F, 0xE1, 0xFE, 0x3F, 0xC0, 0x38, 0xFF, 0xBF, 0xF7,
    0xFF, 0xE3, 0xFF, 0xFB, 0xFF, 0x3F, 0xC1, 0xE0, 0x38, 0x07, 0x80, 0xF0, 0x0C, 0x00, 0x00, 0x40,
    0x01, 0xC0, 0x07, 0x80, 0x1E, 0x00, 0x38, 0x01, 0xDC, 0x03, 0xF8, 0x03, 0xF0, 0x03, 0x80, 0x07,
    0x00, 0x1F, 0x00, 0x3E, 0x00, 0xFE, 0x01, 0xFC, 0x07, 0xBC, 0x0F, 0x78, 0x1C, 0xF0, 0x78, 0xF0,
    0xFF, 0xE3, 0xFF, 0xE7, 0xFF, 0xCF, 0x07, 0xBC, 0x0F, 0xF8, 0x0F, 0x01, 0x00, 0x70, 0x1E, 0x07,
    0x80, 0x60, 0x73, 0x0F, 0xE0, 0xFC, 0x0E, 0x01, 0xC1, 0xFE, 0x1F, 0xE3, 0xFC, 0x03, 0x8F, 0xFB,
    0xFF, 0x7F, 0xFE, 0x3F, 0xFF, 0xBF, 0xF3, 0xFC, 0x1E, 0x00, 0x02, 0x00, 0x0E, 0x00, 0x3C, 0x00,
    0x3C, 0x00, 0x38, 0x01, 0xDC, 0x03, 0xF8, 0x03, 0xF0, 0x03, 0x80, 0x07, 0x00, 0x1F, 0x00, 0x3E,
    0x00, 0xFE, 0x01, 0xFC, 0x07, 0xBC, 0x0F, 0x78, 0x1C, 0xF0, 0x78, 0xF0, 0xFF, 0xE3, 0xFF, 0xE7,
    0xFF, 0xCF, 0x07, 0xBC, 0x0F, 0xF8, 0x0F, 0x00, 0x03, 0x00, 0xF0, 0x0F, 0x00, 0xE0, 0x7B, 0x0F,
    0xE0, 0xFC, 0x0E, 0x01, 0xC1, 0xFE, 0x1F, 0xE3, 0xFC, 0x03, 0x8F, 0xFB, 0xFF, 0x7F, 0xFE, 0x3F,
    0xFF, 0xBF, 0xF3, 0xFC, 0x1E, 0x00, 0x03, 0x80, 0x0F, 0x80, 0x1F, 0x00, 0x0E, 0x00, 0x38, 0x00,
    0x20, 0x03, 0xB8, 0x07, 0xF0, 0x07, 0xE0, 0x07, 0x00, 0x0E, 0x00, 0x3E, 0x00, 0x7C, 0x01, 0xFC,
    0x03, 0xF8, 0x0F, 0x78, 0x1E, 0xF0, 0x39, 0xE0, 0xF1, 0xE1, 0xFF, 0xC7, 0xFF, 0xCF, 0xFF, 0x9E,
    0x0F, 0x78, 0x1F, 0xF0, 0x1E, 0x1F, 0x03, 0xE0, 0x1C, 0x07, 0x80, 0xE0, 0x73, 0x0F, 0xE0, 0xFC,
    0x0E, 0x01, 0xC1, 0xFE, 0x1F, 0xE3, 0xFC, 0x03, 0x8F, 0xFB, 0xFF, 0x7F, 0xFE, 0x3F, 0xFF, 0xBF,
    0xF3, 0xFC, 0x1E, 0x00, 0x00, 0x00, 0x0F, 0xE0, 0x3F, 0xC0, 0x7F, 0x00, 0x00, 0x01, 0xDC, 0x03,
    0xF8, 0x03, 0xF0, 0x03, 0x80, 0x07, 0x00, 0x1F, 0x00, 0x3E, 0x00, 0xFE, 0x01, 0xFC, 0x07, 0xBC,
    0x0F, 0x78, 0x1C, 0xF0, 0x78, 0xF0, 0xFF, 0xE3, 0xFF, 0xE7, 0xFF, 0xCF, 0x07, 0xBC, 0x0F, 0xF8,
    0x0F, 0x1D, 0x87, 0xF8, 0xFE, 0x08, 0x83, 0x98, 0x7F, 0x07, 0xE0, 0x70, 0x0E, 0x0F, 0xF0, 0xFF,
    0x1F, 0xE0, 0x1C, 0x7F, 0xDF, 0xFB, 0xFF, 0xF1, 0xFF, 0xFD, 0xFF, 0x9F, 0xE0, 0xF0, 0x00, 0x00,
    0x1D, 0xC0, 0x3F, 0x80, 0x3F, 0x00, 0x38, 0x00, 0x70, 0x01, 0xF0, 0x03, 0xE0, 0x0F, 0xE0, 0x1F,
    0xC0, 0x7B, 0xC0, 0xF7, 0x81, 0xCF, 0x07, 0x8F, 0x0F, 0xFE, 0x3F, 0xFE, 0x7F, 0xFC, 0xF0, 0x7B,
    0xC0, 0xFF, 0x80, 0xF0, 0x00, 0x00, 0x70, 0x00, 0xE0, 0x01, 0xC0, 0x01, 0x00, 0x39, 0x87, 0xF0,
    0x7E, 0x07, 0x00, 0xE0, 0xFF, 0x0F, 0xF1, 0xFE, 0x01, 0xC7, 0xFD, 0xFF, 0xBF, 0xFF, 0x1F, 0xFF,
    0xDF, 0xF9, 0xFE, 0x0F, 0x01, 0xC0, 0x3C, 0x07, 0x80, 0x60, 0xFF, 0xFF, 0xFF, 0xFF, 0xFF, 0xEF,
    0x01, 0xE0, 0x3F, 0xF7, 0xFE, 0xFF, 0xDE, 0x03, 0xC0, 0x78, 0x0F, 0xFF, 0xFF, 0xFF, 0xF8, 0x00,
    0x0E, 0x03, 0xC0, 0x38, 0x02, 0x00, 0x06, 0x01, 0xFC, 0x3F, 0xE7, 0xFE, 0x78, 0xE7, 0xFF, 0x7F,
    0xF7, 0xFE, 0x78, 0x07, 0xFE, 0x3F, 0xE1, 0xFE, 0x07, 0x80, 0x70, 0x0F, 0x00, 0xF0, 0x06, 0x00,
    0x1E, 0x03, 0xE0, 0x1C, 0x07, 0x80, 0xE1, 0xFF, 0xFF, 0xFF, 0xFF, 0xFF, 0xDE, 0x03, 0xC0, 0x7F,
    0xEF, 0xFD, 0xFF, 0xBC, 0x07, 0x80, 0xF0, 0x1F, 0xFF, 0xFF, 0xFF, 0xF0, 0x0E, 0x01, 0xF0, 0x0F,
    0x80, 0x78, 0x07, 0x00, 0x60, 0x1F, 0xC3, 0xFE, 0x7F, 0xE7, 0x8E, 0x7F, 0xF7, 0xFF, 0x7F, 0xE7,
    0x80, 0x7F, 0xE3, 0xFE, 0x1F, 0xE0, 0x78, 0x00, 0x07, 0xF1, 0xFE, 0x1F, 0x80, 0x01, 0xFF, 0xFF,
    0xFF, 0xFF, 0xFF, 0xDE, 0x03, 0xC0, 0x7F, 0xEF, 0xFD, 0xFF, 0xBC, 0x07, 0x80, 0xF0, 0x1F, 0xFF,
    0xFF, 0xFF, 0xF0, 0x1C, 0x83, 0xFC, 0x3F, 0xC1, 0x30, 0x06, 0x01, 0xFC, 0x3F, 0xE7, 0xFE, 0x78,
    0xE7, 0xFF, 0x7F, 0xF7, 0xFE, 0x78, 0x07, 0xFE, 0x3F, 0xE1, 0xFE, 0x07, 0x80, 0x00, 0x20, 0x03,
    0x80, 0x3C, 0x0B, 0xC0, 0xFC, 0x1F, 0xC0, 0xEE, 0x02, 0x20, 0xFF, 0xE7, 0xFF, 0x3F, 0xF9, 0xFF,
    0x8F, 0x00, 0x78, 0x03, 0xFF, 0x1F, 0xF8, 0xFF, 0xC7, 0x80, 0x3C, 0x01, 0xE0, 0x0F, 0xFE, 0x7F,
    0xF3, 0xFF, 0x80, 0x00, 0x30, 0x03, 0xC0, 0x3E, 0x0F, 0xC1, 0xFC, 0x0F, 0xC0, 0x66, 0x00, 0xC0,
    0x1F, 0xC1, 0xFF, 0x1F, 0xF8, 0xF1, 0xC7, 0xFF, 0x3F, 0xF9, 0xFF, 0x8F, 0x00, 0x7F, 0xE1, 0xFF,
    0x07, 0xF8, 0x0F, 0x00, 0x01, 0x00, 0x70, 0x1F, 0x03, 0xE0, 0xFC, 0x7F, 0x0E, 0xE0, 0x88, 0xFF,
    0xFF, 0xFF, 0xFF, 0xFF, 0xEF, 0x01, 0xE0, 0x3F, 0xF7, 0xFE, 0xFF, 0xDE, 0x03, 0xC0, 0x78, 0x0F,
    0xFF, 0xFF, 0xFF, 0xF8, 0x00, 0x00, 0x18, 0x03, 0xC0, 0x1E, 0x07, 0xF1, 0xFE, 0x1F, 0x81, 0x98,
    0x06, 0x01, 0xFC, 0x3F, 0xE7, 0xFE, 0x78, 0xE7, 0xFF, 0x7F, 0xF7, 0xFE, 0x78, 0x07, 0xFE, 0x3F,
    0xE1, 0xFE, 0x07, 0x80, 0x01, 0xE0, 0x1F, 0x00, 0x70, 0x4F, 0x0F, 0xE3, 0xF8, 0x3B, 0x81, 0x10,
    0xFF, 0xEF, 0xFE, 0xFF, 0xEF, 0xFC, 0xF0, 0x0F, 0x00, 0xFF, 0xCF, 0xFC, 0xFF, 0xCF, 0x00, 0xF0,
    0x0F, 0x00, 0xFF, 0xEF, 0xFE, 0xFF, 0xE0, 0x00, 0x00, 0x0F, 0x80, 0x7C, 0x00, 0xE0, 0x7F, 0x0F,
    0xF0, 0x7E, 0x03, 0x30, 0x06, 0x00, 0xFE, 0x0F, 0xF8, 0xFF, 0xC7, 0x8E, 0x3F, 0xF9, 0xFF, 0xCF,
    0xFC, 0x78, 0x03, 0xFF, 0x0F, 0xF8, 0x3F, 0xC0, 0x78, 0x00, 0x08, 0x87, 0xF8, 0xFE, 0x1B, 0xC0,
    0x40, 0x1E, 0x0F, 0xE1, 0xDC, 0x11, 0x1F, 0xFF, 0xFF, 0xFF, 0xFF, 0xFD, 0xE0, 0x3C, 0x07, 0xFE,
    0xFF, 0xDF, 0xFB, 0xC0, 0x78, 0x0F, 0x01, 0xFF, 0xFF, 0xFF, 0xFF, 0x1E, 0xC3, 0xFC, 0x3F, 0xC1,
    0x10, 0x07, 0x01, 0xF8, 0x1F, 0x81, 0x98, 0x06, 0x01, 0xFC, 0x3F, 0xE7, 0xFE, 0x78, 0xE7, 0xFF,
    0x7F, 0xF7, 0xFE, 0x78, 0x07, 0xFE, 0x3F, 0xE1, 0xFE, 0x07, 0x80, 0x04, 0x01, 0xE0, 0xFE, 0x1D,
    0xC1, 0x11, 0xFF, 0xFF, 0xFF, 0xFF, 0xFF, 0xDE, 0x03, 0xC0, 0x7F, 0xEF, 0xFD, 0xFF, 0xBC, 0x07,
    0x80, 0xF0, 0x1F, 0xFF, 0xFF, 0xFF, 0xF0, 0x00, 0x1C, 0x07, 0x80, 0x70, 0x04, 0x00, 0x00, 0x00,
    0x70, 0x1F, 0x81, 0xF8, 0x19, 0x80, 0x60, 0x1F, 0xC3, 0xFE, 0x7F, 0xE7, 0x8E, 0x7F, 0xF7, 0xFF,
    0x7F, 0xE7, 0x80, 0x7F, 0xE3, 0xFE, 0x1F, 0xE0, 0x78, 0x07, 0x00, 0xF0, 0x0F, 0x00, 0x60, 0x79,
    0xF1, 0xCF, 0x39, 0xE7, 0x9E, 0x79, 0xE7, 0x9E, 0x79, 0xE7, 0x9E, 0x79, 0xE7, 0x9E, 0x73, 0xE7,
    0xCE, 0x70, 0xC7, 0x9E, 0x79, 0xE7, 0x9E, 0x79, 0xE7, 0x9E, 0x78, 0xFF, 0xFF, 0xFF, 0xFF, 0xFF,
    0xFF, 0xFF, 0xF0, 0x7F, 0xF2, 0xFF, 0xF6, 0x0F, 0xFF, 0xFF, 0xFF, 0xFF, 0xFF, 0x0F, 0xFF, 0x60,
    0x0F, 0xC0, 0x7F, 0xE1, 0xFF, 0xE3, 0xF7, 0xEF, 0x83, 0xDE, 0x07, 0xBC, 0x07, 0xF8, 0x0F, 0xF0,
    0x1F, 0xE0, 0x7F, 0xC0, 0xF7, 0xC3, 0xE7, 0xFF, 0x87, 0xFF, 0x07, 0xF8, 0x01, 0xC0, 0x03, 0x80,
    0x0F, 0x00, 0x1E, 0x00, 0x18, 0x00, 0x06, 0x01, 0xFC, 0x3F, 0xE7, 0xFE, 0x78, 0xF7, 0x8F, 0x78,
    0xF7, 0x8F, 0x78, 0xF7, 0xFE, 0x3F, 0xE1, 0xFC, 0x07, 0x00, 0x70, 0x0F, 0x00, 0x70, 0x02, 0x00,
    0x07, 0x80, 0x0F, 0x80, 0x07, 0x00, 0x1C, 0x00, 0x30, 0x01, 0xF8, 0x0F, 0xFC, 0x3F, 0xFC, 0x7E,
    0xFD, 0xF0, 0x7B, 0xC0, 0xF7, 0x80, 0xFF, 0x01, 0xFE, 0x03, 0xFC, 0x0F, 0xF8, 0x1E, 0xF8, 0x7C,
    0xFF, 0xF0, 0xFF, 0xE0, 0xFF, 0x00, 0x38, 0x00, 0x0E, 0x00, 0xF8, 0x0F, 0x80, 0x78, 0x07, 0x00,
    0x70, 0x1F, 0xC3, 0xFE, 0x7F, 0xE7, 0x8F, 0x78, 0xF7, 0x8F, 0x78, 0xF7, 0x8F, 0x7F, 0xE3, 0xFE,
    0x1F, 0xC0, 0x70, 0x00, 0x18, 0x00, 0x38, 0x00, 0xF0, 0x1B, 0xC0, 0x7F, 0x01, 0xF8, 0x03, 0xF8,
    0x02, 0x20, 0x0F, 0xC0, 0x7F, 0xE1, 0xFF, 0xE3, 0xF7, 0xEF, 0x83, 0xDE, 0x07, 0xBC, 0x07, 0xF8,
    0x0F, 0xF0, 0x1F, 0xE0, 0x7F, 0xC0, 0xF7, 0xC3, 0xE7, 0xFF, 0x87, 0xFF, 0x07, 0xF8, 0x01, 0xC0,
    0x00, 0x00, 0x01, 0x80, 0x1E, 0x01, 0xE0, 0x7E, 0x07, 0xE0, 0x7F, 0x03, 0x30, 0x06, 0x00, 0xFE,
    0x0F, 0xF8, 0xFF, 0xC7, 0x8F, 0x3C, 0x79, 0xE3, 0xCF, 0x1E, 0x78, 0xF3, 0xFF, 0x0F, 0xF8, 0x3F,
    0x80, 0x70, 0x00, 0x00, 0xC0, 0x03, 0xC0, 0x07, 0xC0, 0x1F, 0x80, 0x7A, 0x01, 0xF8, 0x03, 0xF8,
    0x02, 0x20, 0x0F, 0xC0, 0x7F, 0xE1, 0xFF, 0xE3, 0xF7, 0xEF, 0x83, 0xDE, 0x07, 0xBC, 0x07, 0xF8,
    0x0F, 0xF0, 0x1F, 0xE0, 0x7F, 0xC0, 0xF7, 0xC3, 0xE7, 0xFF, 0x87, 0xFF, 0x07, 0xF8, 0x01, 0xC0,
    0x01, 0x80, 0x38, 0x03, 0xC0, 0x1E, 0x07, 0xE0, 0xF8, 0x1F, 0xC1, 0x98, 0x06, 0x01, 0xFC, 0x3F,
    0xE7, 0xFE, 0x78, 0xF7, 0x8F, 0x78, 0xF7, 0x8F, 0x78, 0xF7, 0xFE, 0x3F, 0xE1, 0xFC, 0x07, 0x00,
    0x00, 0x20, 0x01, 0xF0, 0x03, 0xE0, 0x01, 0xC0, 0x37, 0x80, 0xFE, 0x03, 0xF0, 0x07, 0xF0, 0x04,
    0x40, 0x1F, 0x80, 0xFF, 0xC3, 0xFF, 0xC7, 0xEF, 0xDF, 0x07, 0xBC, 0x0F, 0x78, 0x0F, 0xF0, 0x1F,
    0xE0, 0x3F, 0xC0, 0xFF, 0x81, 0xEF, 0x87, 0xCF, 0xFF, 0x0F, 0xFE, 0x0F, 0xF0, 0x03, 0x80, 0x00,
    0xE0, 0x0F, 0x80, 0x3E, 0x00, 0xF0, 0x77, 0x07, 0xF0, 0x7F, 0x03, 0x30, 0x06, 0x00, 0xFE, 0x0F,
    0xF8, 0xFF, 0xC7, 0x8F, 0x3C, 0x79, 0xE3, 0xCF, 0x1E, 0x78, 0xF3, 0xFF, 0x0F, 0xF8, 0x3F, 0x80,
    0x70, 0x00, 0x06, 0x40, 0x1F, 0xC0, 0x7F, 0x80, 0x4E, 0x00, 0x30, 0x00, 0xF0, 0x03, 0xF0, 0x07,
    0xF0, 0x04, 0x40, 0x1F, 0x80, 0xFF, 0xC3, 0xFF, 0xC7, 0xEF, 0xDF, 0x07, 0xBC, 0x0F, 0x78, 0x0F,
    0xF0, 0x1F, 0xE0, 0x3F, 0xC0, 0xFF, 0x81, 0xEF, 0x87, 0xCF, 0xFF, 0x0F, 0xFE, 0x0F, 0xF0, 0x03,
    0x80, 0x1F, 0xC1, 0xFC, 0x3F, 0xC0, 0x00, 0x07, 0x00, 0xF8, 0x1F, 0xC1, 0x98, 0x06, 0x01, 0xFC,
    0x3F, 0xE7, 0xFE, 0x78, 0xF7, 0x8F, 0x78, 0xF7, 0x8F, 0x78, 0xF7, 0xFE, 0x3F, 0xE1, 0xFC, 0x07,
    0x00, 0x03, 0x00, 0x0F, 0x00, 0x3F, 0x00, 0x7F, 0x00, 0x44, 0x01, 0xF8, 0x0F, 0xFC, 0x3F, 0xFC,
    0x7E, 0xFD, 0xF0, 0x7B, 0xC0, 0xF7, 0x80, 0xFF, 0x01, 0xFE, 0x03, 0xFC, 0x0F, 0xF8, 0x1E, 0xF8,
    0x7C, 0xFF, 0xF0, 0xFF, 0xE0, 0xFF, 0x00, 0x38, 0x00, 0x70, 0x01, 0xE0, 0x03, 0xC0, 0x03, 0x00,
    0x00, 0x00, 0x70, 0x0F, 0x81, 0xFC, 0x19, 0x80, 0x60, 0x1F, 0xC3, 0xFE, 0x7F, 0xE7, 0x8F, 0x78,
    0xF7, 0x8F, 0x78, 0xF7, 0x8F, 0x7F, 0xE3, 0xFE, 0x1F, 0xC0, 0x70, 0x07, 0x00, 0xF0, 0x07, 0x00,
    0x20, 0x01, 0x80, 0x07, 0x80, 0x1E, 0x00, 0x38, 0xF0, 0x21, 0xE1, 0xFB, 0xCF, 0xFF, 0x3F, 0xFE,
    0x7E, 0xFD, 0xF0, 0x7B, 0xC0, 0xF7, 0x80, 0xFF, 0x01, 0xFE, 0x03, 0xFC, 0x0F, 0xF8, 0x1E, 0xF8,
    0x7C, 0xFF, 0xF0, 0xFF, 0xE0, 0xFF, 0x00, 0x38, 0x00, 0x03, 0x00, 0x1C, 0x01, 0xE0, 0x1E, 0x60,
    0xE7, 0x83, 0x3C, 0x7F, 0xE7, 0xFE, 0x7F, 0xE3, 0xC7, 0x9E, 0x3C, 0xF1, 0xE7, 0x8F, 0x3C, 0x79,
    0xFF, 0x87, 0xFC, 0x1F, 0xC0, 0x38, 0x00, 0x02, 0x00, 0x0E, 0x00, 0x1E, 0x00, 0x1E, 0xF0, 0x19,
    0xE1, 0xFB, 0xCF, 0xFF, 0x3F, 0xFE, 0x7E, 0xFD, 0xF0, 0x7B, 0xC0, 0xF7, 0x80, 0xFF, 0x01, 0xFE,
    0x03, 0xFC, 0x0F, 0xF8, 0x1E, 0xF8, 0x7C, 0xFF, 0xF0, 0xFF, 0xE0, 0xFF, 0x00, 0x38, 0x00, 0x04,
    0x00, 0x70, 0x03, 0xC0, 0x0F, 0x60, 0x37, 0x83, 0x3C, 0x7F, 0xE7, 0xFE, 0x7F, 0xE3, 0xC7, 0x9E,
    0x3C, 0xF1, 0xE7, 0x8F, 0x3C, 0x79, 0xFF, 0x87, 0xFC, 0x1F, 0xC0, 0x38, 0x00, 0x07, 0x80, 0x0F,
    0x80, 0x07, 0x00, 0x1C, 0xF0, 0x31, 0xE1, 0xFB, 0xCF, 0xFF, 0x3F, 0xFE, 0x7E, 0xFD, 0xF0, 0x7B,
    0xC0, 0xF7, 0x80, 0xFF, 0x01, 0xFE, 0x03, 0xFC, 0x0F, 0xF8, 0x1E, 0xF8, 0x7C, 0xFF, 0xF0, 0xFF,
    0xE0, 0xFF, 0x00, 0x38, 0x00, 0x0E, 0x00, 0x7C, 0x03, 0xE0, 0x0F, 0x60, 0x77, 0x83, 0xBC, 0x7F,
    0xE7, 0xFE, 0x7F, 0xE3, 0xC7, 0x9E, 0x3C, 0xF1, 0xE7, 0x8F, 0x3C, 0x79, 0xFF, 0x87, 0xFC, 0x1F,
    0xC0, 0x38, 0x00, 0x00, 0x00, 0x1F, 0xC0, 0x7F, 0x80, 0xFE, 0xF0, 0x01, 0xE1, 0xFB, 0xCF, 0xFF,
    0x3F, 0xFE, 0x7E, 0xFD, 0xF0, 0x7B, 0xC0, 0xF7, 0x80, 0xFF, 0x01, 0xFE, 0x03, 0xFC, 0x0F, 0xF8,
    0x1E, 0xF8, 0x7C, 0xFF, 0xF0, 0xFF, 0xE0, 0xFF, 0x00, 0x38, 0x00, 0x0E, 0xC0, 0xFE, 0x0F, 0xFC,
    0x23, 0xF0, 0x67, 0x8F, 0xFC, 0xFF, 0xCF, 0xFC, 0x78, 0xF3, 0xC7, 0x9E, 0x3C, 0xF1, 0xE7, 0x8F,
    0x3F, 0xF0, 0xFF, 0x83, 0xF8, 0x07, 0x00, 0x00, 0x1E, 0x00, 0x3C, 0x3F, 0x79, 0xFF, 0xE7, 0xFF,
    0xCF, 0xDF, 0xBE, 0x0F, 0x78, 0x1E, 0xF0, 0x1F, 0xE0, 0x3F, 0xC0, 0x7F, 0x81, 0xFF, 0x03, 0xDF,
    0x0F, 0x9F, 0xFE, 0x1F, 0xFC, 0x1F, 0xE0, 0x07, 0x00, 0x0E, 0x00, 0x3C, 0x00, 0x78, 0x00, 0x60,
    0x00, 0x00, 0x30, 0x03, 0xC1, 0x9E, 0x3F, 0xF3, 0xFF, 0x3F, 0xF1, 0xE3, 0xCF, 0x1E, 0x78, 0xF3,
    0xC7, 0x9E, 0x3C, 0xFF, 0xC3, 0xFE, 0x0F, 0xE0, 0x1C, 0x00, 0xE0, 0x0F, 0x00, 0x38, 0x00, 0x80,
    0xF0, 0x77, 0x83, 0xFC, 0x1F, 0xE0, 0xFF, 0x07, 0xF8, 0x3F, 0xC1, 0xFE, 0x0F, 0xF0, 0x7F, 0x83,
    0xFC, 0x1F, 0xF1, 0xE7, 0xFF, 0x3F, 0xF0, 0xFF, 0x00, 0xE0, 0x07, 0x00, 0x78, 0x01, 0xC0, 0x04,
    0x00, 0xF3, 0xFC, 0xFF, 0x3F, 0xCF, 0xF3, 0xFC, 0xFF, 0x3F, 0xCF, 0xFF, 0xDF, 0xF3, 0xFC, 0x38,
    0x0E, 0x07, 0x81, 0xE0, 0x30, 0x0F, 0x00, 0x7C, 0x00, 0xE0, 0x0F, 0x00, 0x70, 0x78, 0x3B, 0xC1,
    0xFE, 0x0F, 0xF0, 0x7F, 0x83, 0xFC, 0x1F, 0xE0, 0xFF, 0x07, 0xF8, 0x3F, 0xC1, 0xFE, 0x0F, 0xF8,
    0xF3, 0xFF, 0x9F, 0xF8, 0x7F, 0x80, 0x70, 0x00, 0x1C, 0x07, 0x81, 0xF0, 0x3C, 0x0E, 0x03, 0x0F,
    0x3F, 0xCF, 0xF3, 0xFC, 0xFF, 0x3F, 0xCF, 0xF3, 0xFC, 0xFF, 0xFD, 0xFF, 0x3F, 0xC3, 0x80, 0x03,
    0x00, 0x07, 0x00, 0x1E, 0x00, 0x78, 0x70, 0x61, 0xFE, 0x0F, 0xFC, 0x1F, 0xF8, 0x3C, 0xF0, 0x79,
    0xE0, 0xF3, 0xC1, 0xE7, 0x83, 0xCF, 0x07, 0x9E, 0x0F, 0x3C, 0x1E, 0x78, 0x3C, 0xF8, 0xF0, 0xFF,
    0xE1, 0xFF, 0x81, 0xFE, 0x00, 0x70, 0x00, 0x06, 0x00, 0x78, 0x03, 0xC0, 0x3C, 0x61, 0x87, 0x80,
    0x3F, 0xCF, 0xDE, 0x7C, 0xF3, 0xC7, 0x9E, 0x3C, 0xF1, 0xE7, 0x8F, 0x3C, 0x79, 0xE3, 0xFF, 0x0F,
    0xF8, 0x3F, 0xC0, 0x70, 0x00, 0x0C, 0x00, 0x3C, 0x00, 0x3C, 0x00, 0x38, 0x70, 0x31, 0xFE, 0x0F,
    0xFC, 0x1F, 0xF8, 0x3C, 0xF0, 0x79, 0xE0, 0xF3, 0xC1, 0xE7, 0x83, 0xCF, 0x07, 0x9E, 0x0F, 0x3C,
    0x1E, 0x78, 0x3C, 0xF8, 0xF0, 0xFF, 0xE1, 0xFF, 0x81, 0xFE, 0x00, 0x70, 0x00, 0x18, 0x01, 0xC0,
    0x0F, 0x00, 0x3C, 0x60, 0xE7, 0x80, 0x3F, 0xCF, 0xDE, 0x7C, 0xF3, 0xC7, 0x9E, 0x3C, 0xF1, 0xE7,
    0x8F, 0x3C, 0x79, 0xE3, 0xFF, 0x0F, 0xF8, 0x3F, 0xC0, 0x70, 0x00, 0x0F, 0x00, 0x1F, 0x00, 0x0E,
    0x00, 0x3C, 0x70, 0x71, 0xFE, 0x0F, 0xFC, 0x1F, 0xF8, 0x3C, 0xF0, 0x79, 0xE0, 0xF3, 0xC1, 0xE7,
    0x83, 0xCF, 0x07, 0x9E, 0x0F, 0x3C, 0x1E, 0x78, 0x3C, 0xF8, 0xF0, 0xFF, 0xE1, 0xFF, 0x81, 0xFE,
    0x00, 0x70, 0x00, 0x1C, 0x00, 0xF0, 0x07, 0xC0, 0x1E, 0x60, 0xE7, 0x86, 0x3F, 0xCF, 0xDE, 0x7C,
    0xF3, 0xC7, 0x9E, 0x3C, 0xF1, 0xE7, 0x8F, 0x3C, 0x79, 0xE3, 0xFF, 0x0F, 0xF8, 0x3F, 0xC0, 0x70,
    0x00, 0x00, 0x00, 0x3F, 0x80, 0xFF, 0x00, 0xFE, 0x70, 0x01, 0xFE, 0x0F, 0xFC, 0x1F, 0xF8, 0x3C,
    0xF0, 0x79, 0xE0, 0xF3, 0xC1, 0xE7, 0x83, 0xCF, 0x07, 0x9E, 0x0F, 0x3C, 0x1E, 0x78, 0x3C, 0xF8,
    0xF0, 0xFF, 0xE1, 0xFF, 0x81, 0xFE, 0x00, 0x70, 0x00, 0x39, 0x03, 0xFC, 0x1F, 0xEC, 0x4C, 0xF0,
    0x07, 0xF9, 0xFB, 0xCF, 0x9E, 0x78, 0xF3, 0xC7, 0x9E, 0x3C, 0xF1, 0xE7, 0x8F, 0x3C, 0x7F, 0xE1,
    0xFF, 0x07, 0xF8, 0x0E, 0x00, 0x00, 0x0E, 0x00, 0x3F, 0xC1, 0xFF, 0x83, 0xFF, 0x07, 0x9E, 0x0F,
    0x3C, 0x1E, 0x78, 0x3C, 0xF0, 0x79, 0xE0, 0xF3, 0xC1, 0xE7, 0x83, 0xCF, 0x07, 0x9F, 0x1E, 0x1F,
    0xFC, 0x3F, 0xF0, 0x3F, 0xC0, 0x0E, 0x00, 0x1C, 0x00, 0x78, 0x00, 0x70, 0x00, 0x40, 0x00, 0x00,
    0x30, 0x03, 0xC0, 0x1F, 0xE7, 0xEF, 0x3E, 0x79, 0xE3, 0xCF, 0x1E, 0x78, 0xF3, 0xC7, 0x9E, 0x3C,
    0xF1, 0xFF, 0x87, 0xFC, 0x1F, 0xE0, 0x38, 0x01, 0xC0, 0x1E, 0x00, 0xF0, 0x03, 0x00, 0x06, 0x00,
    0x38, 0x00, 0xF0, 0x01, 0xE0, 0x03, 0x80, 0x00, 0x0F, 0x83, 0xFE, 0x1E, 0x7C, 0x78, 0xF3, 0xC3,
    0xFF, 0x07, 0xF8, 0x1F, 0xE0, 0x3F, 0x00, 0xF8, 0x01, 0xE0, 0x07, 0x80, 0x1E, 0x00, 0x78, 0x01,
    0xE0, 0x07, 0x80, 0x18, 0x03, 0xC0, 0x3E, 0x00, 0xE0, 0x06, 0x00, 0x00, 0xF0, 0xFF, 0x1E, 0x79,
    0xE7, 0x9E, 0x7B, 0xC3, 0xFC, 0x3F, 0x81, 0xF8, 0x1F, 0x81, 0xF0, 0x0F, 0x01, 0xE0, 0xFE, 0x0F,
    0xC0, 0xF8, 0x00, 0xF0, 0x3F, 0xE1, 0xF7, 0x87, 0x9F, 0x3C, 0x3C, 0xF0, 0xFF, 0x81, 0xFE, 0x03,
    0xF0, 0x0F, 0xC0, 0x1E, 0x00, 0x78, 0x01, 0xE0, 0x07, 0x80, 0x1E, 0x00, 0x78, 0x00, 0x00, 0x07,
    0x00, 0x1E, 0x00, 0x78, 0x00, 0xC0, 0xF1, 0xEF, 0x1E, 0x79, 0xE7, 0x9C, 0x7B, 0xC3, 0xFC, 0x3F,
    0x81, 0xF8, 0x1F, 0x81, 0xF0, 0x0F, 0x01, 0xE6, 0xFE, 0xFF, 0xCF, 0xF8, 0x70, 0x0F, 0x80, 0x3E,
    0x00, 0x3C, 0x01, 0xE0, 0x07, 0x03, 0xC0, 0xFF, 0x87, 0xDE, 0x1E, 0x7C, 0xF0, 0xF3, 0xC3, 0xFE,
    0x07, 0xF8, 0x0F, 0xC0, 0x3F, 0x00, 0x78, 0x01, 0xE0, 0x07, 0x80, 0x1E, 0x00, 0x78, 0x01, 0xE0,
    0x0E, 0x01, 0xF0, 0x1F, 0x00, 0x70, 0x0E, 0x00, 0x40, 0xF1, 0xEF, 0x1E, 0x79, 0xE7, 0x9C, 0x7B,
    0xC3, 0xFC, 0x3F, 0x81, 0xF8, 0x1F, 0x81, 0xF0, 0x0F, 0x01, 0xE0, 0xFE, 0x0F, 0xC0, 0xF8, 0x00,
    0x00, 0x00, 0x3F, 0x81, 0xFE, 0x07, 0xF0, 0x00, 0x03, 0xC0, 0xFF, 0x87, 0xDE, 0x1E, 0x7C, 0xF0,
    0xF3, 0xC3, 0xFE, 0x07, 0xF8, 0x0F, 0xC0, 0x3F, 0x00, 0x78, 0x01, 0xE0, 0x07, 0x80, 0x1E, 0x00,
    0x78, 0x01, 0xE0, 0x1D, 0x83, 0xFC, 0x3F, 0x81, 0x30, 0x00, 0x0F, 0x1E, 0xF1, 0xE7, 0x9E, 0x79,
    0xC7, 0xBC, 0x3F, 0xC3, 0xF8, 0x1F, 0x81, 0xF8, 0x1F, 0x00, 0xF0, 0x1E, 0x0F, 0xE0, 0xFC, 0x0F,
    0x80, 0xFF, 0xFF, 0xFF, 0xFF, 0x49, 0xE3, 0x1E, 0x78, 0xC3, 0x0C, 0x30, 0xC3, 0x0C, 0x30, 0xC3,
    0x0C, 0x10, 0x6F, 0xF6, 0xD3, 0x0C, 0x30, 0xC3, 0x0C, 0x30, 0xC3, 0x0C, 0x30, 0x21, 0x8F, 0xDB,
    0x2C, 0x30, 0xC3, 0x0C, 0x30, 0xC3, 0x0C, 0x30, 0xC3, 0xFD, 0xFB, 0xF0, 0xFD, 0xFB, 0xF0, 0xFF,
    0xFF, 0xFF, 0xFF, 0x80, 0xFF, 0xFF, 0xFF, 0xFF, 0xFF, 0xFF, 0xFF, 0xFE, 0xFF, 0xFF, 0xFF, 0xFF,
    0xFF, 0xFF, 0xFF, 0xFE, 0x3B, 0xDE, 0xE7, 0x38, 0x7B, 0xDC, 0xEF, 0x70, 0x7B, 0xDC, 0xEF, 0x70,
    0x3B, 0x9E, 0xE7, 0x79, 0xDE, 0x77, 0x9D, 0xE0, 0x7F, 0xBF, 0xDD, 0xEE, 0xFF, 0x77, 0x38, 0x7F,
    0xBF, 0xDD, 0xEE, 0xFF, 0x77, 0x38, 0x0E, 0x03, 0x80, 0xE0, 0x38, 0xFF, 0xFF, 0xFF, 0xFC, 0x38,
    0x0E, 0x03, 0x80, 0xE0, 0x38, 0x0E, 0x03, 0x80, 0xE0, 0x38, 0x0E, 0x03, 0x00, 0x0E, 0x03, 0x80,
    0xE0, 0x38, 0xFF, 0xFF, 0xFF, 0xFC, 0x38, 0x0E, 0x03, 0x8F, 0xFF, 0xFF, 0xFF, 0xC3, 0x80, 0xE0,
    0x38, 0x0E, 0x03, 0x00, 0x3C, 0xFD, 0xFB, 0xF7, 0xE7, 0x80, 0xF0, 0xE1, 0xFE, 0x3E, 0x3F, 0xC7,
    0xC7, 0xF8, 0x70, 0xF0, 0x3E, 0x0E, 0x00, 0x0F, 0xE3, 0xC0, 0x01, 0xDC, 0xF0, 0x00, 0x7B, 0xDE,
    0x00, 0x0F, 0x7F, 0x80, 0x00, 0xEE, 0xF0, 0x00, 0x1F, 0xFC, 0x00, 0x01, 0xF7, 0x7C, 0x3E, 0x01,
    0xFF, 0xCF, 0xE0, 0x3B, 0xBF, 0xDC, 0x0F, 0x73, 0xF3, 0x81, 0xCE, 0x7E, 0x70, 0x79, 0xDF, 0xEE,
    0x1E, 0x3F, 0x9F, 0xC3, 0xC3, 0xE1, 0xF0, 0x00, 0x38, 0xF3, 0xE7, 0x9F, 0x1E, 0x3E, 0x3C, 0x38,
    0x00, 0x00, 0xE1, 0xE3, 0xC3, 0xC7, 0xCF, 0x3C, 0x78, 0xE0, 0x00, 0x00, 0xE0, 0x3C, 0x0F, 0x01,
    0xE0, 0x78, 0x0F, 0x03, 0xC0, 0x78, 0x1E, 0x03, 0xC0, 0xF0, 0x1E, 0x07, 0x80, 0xE0, 0x3C, 0x00,
    0x33, 0xEF, 0xBE, 0x70, 0x00, 0x00, 0x03, 0xEF, 0x9E, 0x79, 0xE3, 0x8E, 0x7C, 0x7E, 0xFE, 0xE7,
    0xE7, 0xE7, 0xFE, 0x7E, 0x7C, 0x1E, 0x3E, 0x7E, 0x6E, 0xFF, 0xFF, 0x0E, 0x0E, 0x7E, 0xFD, 0xC3,
    0xE7, 0xE1, 0xD3, 0xFF, 0xFC, 0x1E, 0x3E, 0x78, 0x7E, 0xFE, 0xEE, 0xFE, 0x7E, 0x3C, 0xFE, 0xFE,
    0x0E, 0x1C, 0x1C, 0x38, 0x38, 0x38, 0x7C, 0x7E, 0xEE, 0x7E, 0x7E, 0xFE, 0xEF, 0xFE, 0x7E, 0x7C,
    0x7E, 0xEE, 0xEE, 0x7E, 0x7E, 0x1E, 0x7C, 0x78, 0x7C, 0x7E, 0xFE, 0xE7, 0xE7, 0xE7, 0xFE, 0x7E,
    0x7C, 0x1D, 0xF7, 0xDF, 0x1C, 0x71, 0xC7, 0x1C, 0x7D, 0xFD, 0xB8, 0xF3, 0xCF, 0x1C, 0x7F, 0xFE,
    0xFD, 0xFD, 0x79, 0xE3, 0xE1, 0xD3, 0xFF, 0xFC, 0x1E, 0x3E, 0x7E, 0x6E, 0xFF, 0xFF, 0x0E, 0x0E,
    0x7E, 0xFD, 0xC3, 0xE7, 0xE1, 0xD3, 0xFF, 0xFC, 0x1E, 0x3E, 0x78, 0x7E, 0xFE, 0xEE, 0xFE, 0x7E,
    0x3C, 0xFE, 0xFE, 0x0E, 0x1C, 0x1C, 0x38, 0x38, 0x38, 0x7C, 0x7E, 0xEE, 0x7E, 0x7E, 0xFE, 0xEF,
    0xFE, 0x7E, 0x7C, 0x7E, 0xEE, 0xEE, 0x7E, 0x7E, 0x1E, 0x7C, 0x78, 0xFF, 0xCF, 0xFF, 0xEF, 0xFF,
    0xEF, 0xF0, 0xEF, 0xF7, 0xEF, 0xF7, 0xEF, 0xF7, 0xEF, 0xF7, 0xEF, 0xF7, 0xEF, 0xF7, 0x1F, 0xF7,
    0xFE, 0xF7, 0xFE, 0xF7, 0xFC, 0x00, 0xF0, 0x1F, 0xE0, 0x7F, 0xC1, 0xFF, 0x00, 0xF0, 0x7F, 0xC3,
    0xFF, 0x1F, 0xFC, 0x78, 0xF1, 0xE3, 0xC7, 0x8F, 0x1E, 0x3C, 0x78, 0xF1, 0xFF, 0xC3, 0xFF, 0x0F,
    0xFC, 0x0C, 0x00, 0x7F, 0x83, 0xFE, 0x0F, 0xF8, 0x07, 0xF0, 0xFF, 0x1F, 0xE1, 0xF2, 0x3C, 0x07,
    0xFE, 0x7F, 0xC3, 0xC0, 0x7F, 0xC7, 0xFC, 0x3C, 0x01, 0xF3, 0x1F, 0xF0, 0xFF, 0x07, 0xF0, 0xFF,
    0xFF, 0xFF, 0xFF, 0xF0, 0xF0, 0x0F, 0xC0, 0xFC, 0x0F, 0xC3, 0xF0, 0x3F, 0xC3, 0xFC, 0x1F, 0xC3,
    0xF0, 0x3F, 0x03, 0xF0, 0x0F, 0x00, 0x3F, 0x87, 0xFC, 0x3F, 0xC3, 0x3E, 0xFF, 0xFF, 0xFF, 0x1F,
    0x83, 0xF0, 0xFF, 0xFF, 0xFF, 0x78, 0x07, 0xCC, 0x7F, 0xE3, 0xFE, 0x1F, 0xC0, 0x7F, 0xFB, 0xFF,
    0xC1, 0xF0, 0x03, 0x87, 0xFF, 0x3F, 0xF8, 0x0F, 0x01, 0xF8, 0x7F, 0x83, 0xF8, 0x1F, 0x00, 0x7C,
    0x01, 0xF0, 0x07, 0xC0, 0x1E, 0x00, 0x3F, 0x83, 0xFC, 0x3F, 0xE3, 0x3F, 0x00, 0xF1, 0xFF, 0x3F,
    0xF7, 0xFF, 0x7D, 0xFF, 0x0F, 0xF0, 0xF7, 0xBE, 0x7F, 0xE7, 0xFC, 0x1F, 0x80, 0x07, 0x80, 0x0F,
    0x80, 0x3F, 0x00, 0x7F, 0x00, 0xFE, 0x03, 0xDC, 0x07, 0xBC, 0x1E, 0x78, 0x3C, 0x78, 0x78, 0xF1,
    0xE1, 0xE3, 0xC1, 0xE7, 0xFF, 0xDF, 0xFF, 0xBF, 0xFF, 0x80, 0xFF, 0xFF, 0xFF, 0xFF, 0xFF, 0xE0,
    0xFF, 0x07, 0xF8, 0x3F, 0xC1, 0xFE, 0x0F, 0xF0, 0x7F, 0x83, 0xFC, 0x1F, 0xE0, 0xFF, 0x07, 0xF8,
    0x3F, 0xC1, 0xFE, 0x0F, 0xF0, 0x78, 0xFF, 0xFF, 0xFF, 0xFF, 0xBC, 0x03, 0xC0, 0x7C, 0x07, 0x80,
    0x78, 0x0F, 0x01, 0xE0, 0x78, 0x1E, 0x07, 0xC0, 0xF0, 0x3F, 0xFF, 0xFF, 0xFF, 0xE0, 0xFF, 0xFF,
    0xFF, 0xFC, 0x00, 0xE0, 0x3C, 0x0F, 0x01, 0xE0, 0x78, 0x0F, 0x03, 0xC0, 0x78, 0x1E, 0x03, 0xC0,
    0xF0, 0x1E, 0x07, 0x80, 0xE0, 0x3C, 0x00, 0x77, 0xFE, 0xE0, 0x00, 0x3C, 0x00, 0xE0, 0x07, 0x80,
    0x1E, 0x00, 0x70, 0x03, 0xC0, 0x0F, 0x0E, 0x38, 0xFD, 0xE1, 0xF7, 0x87, 0xFC, 0x03, 0xF0, 0x0F,
    0xC0, 0x1E, 0x00, 0x78, 0x00, 0x3D, 0xF3, 0xFF, 0xFF, 0xEF, 0xCE, 0x7F, 0xFB, 0xBF, 0xFC, 0xF7,
    0xC0, 0x00, 0x07, 0xC7, 0xE3, 0xF3, 0xE1, 0xE0, 0xF0, 0x78, 0x3C, 0x1E, 0x0F, 0x07, 0x83, 0xC1,
    0xE0, 0xF0, 0x78, 0x3C, 0x7E, 0x3E, 0x1F, 0x00, 0x00, 0x3C, 0x77, 0xEF, 0x7F, 0xEF, 0xFE, 0xE3,
    0xC0, 0x00, 0x3C, 0x77, 0xFF, 0x7F, 0xEF, 0xFE, 0xE3, 0xC0, 0x01, 0x80, 0xE0, 0x3B, 0xFF, 0xFF,
    0xFF, 0xF0, 0xE0, 0x70, 0xFF, 0xFF, 0xFF, 0xFD, 0xC0, 0x70, 0x18, 0x00, 0x03, 0xCF, 0xFF, 0xFF,
    0xFE, 0xF8, 0x3F, 0xEF, 0xFC, 0xFF, 0x03, 0xC0, 0x0F, 0xFF, 0xFF, 0xFF, 0xC0, 0xF0, 0x3F, 0xCF,
    0xFD, 0xFF, 0x07, 0xDF, 0xFF, 0xFF, 0xFC, 0xF0, 0x00, 0x0F, 0xFF, 0xFF, 0xFF, 0xC0, 0x3F, 0x1F,
    0xBF, 0x9F, 0xFF, 0xDF, 0xFF, 0x6F, 0xAF, 0x07, 0x87, 0xFB, 0xFF, 0xFD, 0xFF, 0xFE, 0xFF, 0xF0,
    0x78, 0x78, 0x3C, 0x3C, 0x1E, 0x1E, 0x0F, 0x0F, 0x07, 0x87, 0x83, 0xC3, 0xC1, 0xE1, 0xE0, 0xF0,
    0x3F, 0x7B, 0xFB, 0xFF, 0xDF, 0xF0, 0xFF, 0x00, 0x7F, 0xBF, 0xFD, 0xFF, 0xEF, 0xF0, 0x7F, 0x83,
    0xFC, 0x1F, 0xE0, 0xFF, 0x07, 0xF8, 0x3F, 0xC1, 0xFE, 0x0F, 0x3F, 0x78, 0xFE, 0xF3, 0xFD, 0xE7,
    0xC3, 0xCF, 0x07, 0x9F, 0xEF, 0x3F, 0xDE, 0x7F, 0xBC, 0xF0, 0x79, 0xE0, 0xF3, 0xC1, 0xE7, 0x83,
    0xCF, 0x07, 0xDE, 0x0F, 0xBC, 0x1F, 0x78, 0x1E, 0x3F, 0x1F, 0xB9, 0xFC, 0xFF, 0xFF, 0xF7, 0xF7,
    0xFE, 0xDF, 0x4E, 0xF0, 0x78, 0x03, 0xFD, 0xFE, 0xFF, 0xF7, 0xFB, 0xFF, 0xDF, 0xEF, 0xF0, 0x78,
    0x3F, 0xC1, 0xE0, 0xFF, 0x07, 0x83, 0xFC, 0x1E, 0x0F, 0xF0, 0x78, 0x3F, 0xC1, 0xE0, 0xFF, 0x07,
    0x83, 0xFC, 0x1E, 0x0F, 0x3F, 0x1F, 0xBC, 0xFE, 0x7F, 0x7B, 0xFD, 0xFC, 0xF7, 0xDB, 0xE9, 0xEF,
    0x07, 0x83, 0xDF, 0xEF, 0xF7, 0xBF, 0xDF, 0xEF, 0x7F, 0xBF, 0xDE, 0xF0, 0x78, 0x3D, 0xE0, 0xF0,
    0x7B, 0xC1, 0xE0, 0xF7, 0x83, 0xC1, 0xEF, 0x07, 0x83, 0xDE, 0x0F, 0x07, 0xFC, 0x1E, 0x0F, 0xF8,
    0x3C, 0x0F, 0x00, 0x00, 0x00, 0x00, 0x07, 0x9C, 0x00, 0x3C, 0xE0, 0x00, 0xEF, 0x00, 0x07, 0xF8,
    0x00, 0x3F, 0xE0, 0x03, 0xEF, 0xFF, 0xFE, 0x7F, 0xFF, 0xF1, 0xFF, 0xFE, 0x01, 0xFF, 0x80, 0x00,
    0x00, 0x00, 0x1D, 0x80, 0x00, 0xFC, 0x00, 0x03, 0xE0, 0x00, 0x0E, 0x00, 0x00, 0x70, 0x00, 0x00,
    0x00, 0x00, 0x00, 0x00, 0x00, 0x1C, 0x00, 0x00, 0x07, 0x00, 0x01, 0x83, 0xC0, 0x00, 0xF0, 0xF0,
    0x00, 0x7C, 0x3E, 0x00, 0x7F, 0x07, 0xFF, 0xFF, 0xF9, 0xFF, 0xFF, 0xFF, 0x3F, 0xFF, 0x8F, 0xC1,
    0xFE, 0x00, 0x00, 0x00, 0x00, 0x00, 0x07, 0xE0, 0x00, 0x01, 0xF8, 0x00, 0x00, 0x3E, 0x00, 0x00,
    0x07, 0x00, 0x00, 0x01, 0xC0, 0x00, 0x00, 0x00, 0x00, 0x00, 0x3C, 0x78, 0xF0, 0xE1, 0xE3, 0xC7,
    0xFE, 0xFD, 0xF0, 0x00, 0x0F, 0xDF, 0x9F, 0x1C, 0x38, 0x00, 0x00, 0x03, 0xC0, 0x70, 0x0E, 0x03,
    0xE1, 0xFF, 0xBF, 0xFF, 0xBE, 0x00, 0x00, 0x01, 0xF8, 0x3F, 0x03, 0xC0, 0x70, 0x0E, 0x00, 0x00,
    0x00, 0xC0, 0x00, 0x06, 0x00, 0x00, 0x3E, 0x00, 0x01, 0xF8, 0x00, 0x0F, 0xC0, 0x00, 0xFC, 0x00,
    0x01, 0x80, 0x00, 0x00, 0x1E, 0x70, 0x00, 0xF3, 0x80, 0x03, 0xBC, 0x00, 0x1F, 0xE0, 0x00, 0xFF,
    0x80, 0x0F, 0xBF, 0xFF, 0xF9, 0xFF, 0xFF, 0xC7, 0xFF, 0xF8, 0x07, 0xFE, 0x00, 0x00, 0x40, 0x00,
    0x00, 0x18, 0x00, 0x00, 0x07, 0xC0, 0x00, 0x01, 0xF0, 0x00, 0x00, 0xFC, 0x00, 0x00, 0x3F, 0x00,
    0x00, 0x07, 0x00, 0x00, 0x00, 0x00, 0x00, 0x70, 0x00, 0x00, 0x1C, 0x00, 0x06, 0x0F, 0x00, 0x03,
    0xC3, 0xC0, 0x01, 0xF0, 0xF8, 0x01, 0xFC, 0x1F, 0xFF, 0xFF, 0xE7, 0xFF, 0xFF, 0xFC, 0xFF, 0xFE,
    0x3F, 0x07, 0xF8, 0x00, 0x00, 0x61, 0x87, 0xDF, 0xFF, 0xF7, 0x00, 0x39, 0xE3, 0xCF, 0x3C, 0xF3,
    0xFF, 0xFB, 0xC0, 0x00, 0x10, 0x03, 0x00, 0x7C, 0x0F, 0x83, 0xF0, 0x7E, 0x07, 0x00, 0x00, 0x00,
    0x03, 0xC0, 0x70, 0x0E, 0x03, 0xE1, 0xFF, 0xBF, 0xFF, 0xBE, 0x00, 0x00, 0x7C, 0x01, 0xFF, 0x01,
    0xFF, 0xE3, 0xFF, 0xE0, 0x1F, 0xC0, 0xFF, 0x87, 0xF8, 0x1F, 0x80, 0x7C, 0x00, 0xF0, 0x03, 0xCF,
    0x87, 0x9F, 0x0F, 0x1C, 0x1E, 0x38, 0x3C, 0x00, 0x7E, 0x06, 0x7F, 0xFC, 0x7F, 0xF8, 0x7F, 0xF0,
    0x0E, 0x00, 0x7C, 0x00, 0x3F, 0xE0, 0x07, 0xFF, 0x81, 0xFF, 0xF0, 0x01, 0xFC, 0x01, 0xFF, 0x01,
    0xFF, 0x80, 0xFC, 0xF0, 0x7C, 0x3F, 0x9E, 0x07, 0xFF, 0x3E, 0xFF, 0xCF, 0x80, 0xF1, 0xC0, 0x3C,
    0x70, 0x0F, 0x00, 0x03, 0xF0, 0x30, 0x7F, 0xFC, 0x0F, 0xFF, 0x01, 0xFF, 0xC0, 0x07, 0x00, 0x00,
    0x03, 0xF8, 0x1F, 0xF0, 0xFF, 0xF0, 0x3F, 0x80, 0xFC, 0x3F, 0xFF, 0xF8, 0xFF, 0x07, 0xE0, 0x00,
    0x00, 0x00, 0x01, 0xF8, 0x0F, 0xC0, 0x3E, 0x00, 0xE0, 0x07, 0x00, 0x00, 0x00, 0x00, 0x00, 0x7F,
    0x00, 0x7F, 0xC0, 0x7F, 0xF8, 0x03, 0xF8, 0x01, 0xF8, 0x0F, 0xF8, 0xFF, 0xFE, 0xFF, 0x7F, 0xFC,
    0x3E, 0x00, 0x00, 0x00, 0x00, 0x1F, 0x80, 0x1F, 0x80, 0x0F, 0x00, 0x0E, 0x00, 0x0E, 0x00, 0x00,
    0x00, 0x10, 0x0E, 0x03, 0xF0, 0xFC, 0x3F, 0x0F, 0x81, 0x80, 0x00, 0x02, 0x03, 0xC0, 0xF8, 0x1E,
    0x03, 0xC0, 0xF0, 0x3D, 0x8F, 0x7F, 0xDF, 0xF7, 0xF8, 0x00, 0x10, 0x00, 0xE0, 0x03, 0xF0, 0x0F,
    0xC0, 0x3F, 0x00, 0xF8, 0x01, 0x80, 0x00, 0x00, 0x02, 0x00, 0x3C, 0x00, 0xF8, 0x01, 0xE0, 0x07,
    0xC0, 0x0F, 0x00, 0x3C, 0x18, 0xF8, 0x7F, 0xFD, 0xFF, 0xF7, 0xFF, 0xC0, 0x00, 0x06, 0x07, 0x81,
    0x83, 0xF1, 0xF8, 0xFC, 0x00, 0x00, 0x06, 0x07, 0x83, 0xC0, 0xE0, 0x78, 0x3C, 0x1C, 0x1E, 0x1F,
    0x3F, 0x3F, 0x1F, 0x06, 0x00, 0x06, 0x00, 0x70, 0x03, 0x80, 0x37, 0x03, 0xF8, 0x0D, 0x80, 0x00,
    0x00, 0x00, 0x06, 0x00, 0x78, 0x03, 0xC0, 0x0E, 0x00, 0x78, 0x03, 0xF8, 0x1F, 0xC1, 0xFE, 0x1F,
    0x03, 0xF0, 0x3F, 0x01, 0xF0, 0x06, 0x00, 0x00, 0x08, 0x06, 0x03, 0xE1, 0xF1, 0xF8, 0xFC, 0x38,
    0x00, 0x00, 0x03, 0x03, 0xC1, 0xE0, 0x70, 0x3C, 0x1E, 0x0E, 0x0F, 0x0F, 0x9F, 0x9F, 0x8F, 0x83,
    0x00, 0x08, 0x00, 0xC0, 0x07, 0xC0, 0x3F, 0x01, 0xF8, 0x1F, 0x80, 0x30, 0x00, 0x00, 0x00, 0x00,
    0x30, 0x03, 0xC0, 0x1E, 0x00, 0x70, 0x03, 0xC0, 0x1F, 0xC0, 0xFE, 0x0F, 0xF0, 0xF8, 0x1F, 0x81,
    0xF8, 0x0F, 0x80, 0x30, 0x00, 0x00, 0x00, 0xC0, 0x00, 0x3E, 0x00, 0x0F, 0xE0, 0x01, 0xFC, 0x00,
    0x3F, 0x00, 0x03, 0xC0, 0x00, 0x3E, 0x07, 0x01, 0xF0, 0x70, 0x0F, 0x8F, 0x00, 0x78, 0xF0, 0x03,
    0xCF, 0x80, 0x3C, 0x7F, 0xFF, 0xC7, 0xFF, 0xF8, 0x3F, 0xFF, 0x00, 0x7F, 0x80, 0x00, 0x00, 0xC0,
    0x00, 0x0F, 0x80, 0x00, 0xFE, 0x00, 0x07, 0xF0, 0x00, 0x3F, 0x00, 0x01, 0xF0, 0x00, 0x03, 0xC0,
    0x1C, 0x0F, 0x80, 0x70, 0x1F, 0x03, 0xC0, 0x3E, 0x0F, 0x00, 0x7C, 0x3E, 0x00, 0xF8, 0x7F, 0xFF,
    0xF9, 0xFF, 0xFF, 0xF3, 0xFF, 0xF7, 0xC1, 0xFF, 0x00, 0x01, 0x81, 0xE1, 0xFD, 0xFE, 0xFC, 0x3E,
    0x0F, 0xC1, 0xF8, 0x3E, 0x07, 0xC0, 0xF0, 0x3C, 0xFF, 0x3F, 0xCF, 0xE0, 0x00, 0x01, 0x80, 0x3C,
    0x07, 0xF0, 0xFF, 0x0F, 0xE0, 0x7C, 0x03, 0xE0, 0x0F, 0x80, 0x3E, 0x00, 0xF8, 0x03, 0xC0, 0x1F,
    0x8F, 0xFF, 0x7F, 0xFF, 0xFB, 0xC0, 0x00, 0x00, 0x00, 0x00, 0x00, 0x38, 0x00, 0x07, 0x80, 0x01,
    0xF8, 0x00, 0x7E, 0xC0, 0x07, 0xBE, 0x00, 0x2F, 0xE0, 0x01, 0xFC, 0x00, 0x3F, 0x00, 0x03, 0xC0,
    0x00, 0x3E, 0x07, 0x01, 0xF0, 0x70, 0x0F, 0x8F, 0x00, 0x78, 0xF0, 0x03, 0xCF, 0x80, 0x3C, 0x7F,
    0xFF, 0xC7, 0xFF, 0xF8, 0x3F, 0xFF, 0x00, 0x7F, 0x80, 0x00, 0x00, 0x00, 0x00, 0x0E, 0x00, 0x00,
    0xF8, 0x00, 0x07, 0xC0, 0x00, 0x7C, 0xC0, 0x01, 0xCF, 0x80, 0x02, 0xFE, 0x00, 0x07, 0xF0, 0x00,
    0x3F, 0x00, 0x01, 0xF0, 0x00, 0x03, 0xC0, 0x1C, 0x0F, 0x80, 0x70, 0x1F, 0x03, 0xC0, 0x3E, 0x0F,
    0x00, 0x7C, 0x3E, 0x00, 0xF8, 0x7F, 0xFF, 0xF9, 0xFF, 0xFF, 0xF3, 0xFF, 0xF7, 0xC1, 0xFF, 0x00,
    0x00, 0x00, 0x70, 0x3E, 0x1F, 0x87, 0xCC, 0xE7, 0x93, 0xF9, 0xFE, 0x7E, 0x0F, 0x81, 0xF8, 0x1F,
    0x81, 0xF0, 0x1F, 0x01, 0xE0, 0x3C, 0x7F, 0x8F, 0xF1, 0xFC, 0x00, 0x00, 0x00, 0x00, 0x0E, 0x00,
    0xF8, 0x0F, 0xC0, 0x7C, 0xC1, 0xCF, 0x04, 0xFE, 0x0F, 0xF0, 0x7F, 0x01, 0xF0, 0x07, 0xC0, 0x0F,
    0x80, 0x1F, 0x00, 0x3E, 0x00, 0x78, 0x01, 0xF8, 0x7F, 0xF9, 0xFF, 0xF7, 0xF7, 0x80, 0x00, 0x00,
    0x08, 0x00, 0x78, 0x00, 0xF3, 0x80, 0xE7, 0x01, 0xFE, 0x03, 0xFC, 0x07, 0xF8, 0x0F, 0xF0, 0x3C,
    0xFD, 0xF9, 0xFF, 0xE1, 0xFF, 0x81, 0xFE, 0x00, 0x00, 0x00, 0x00, 0x07, 0x80, 0x00, 0xF0, 0x38,
    0x0E, 0x07, 0x01, 0xE1, 0xE0, 0x3F, 0xBC, 0x07, 0xFF, 0x80, 0xFF, 0xF0, 0x3C, 0x0F, 0xDF, 0x81,
    0xFF, 0xE0, 0x1F, 0xFC, 0x01, 0xFE, 0x00, 0x00, 0x07, 0x03, 0xE0, 0xFC, 0x3F, 0x1F, 0xE7, 0x3B,
    0xCE, 0xF3, 0xBF, 0xE7, 0xF8, 0xFC, 0x00, 0x00, 0x06, 0x00, 0xFE, 0x07, 0xF8, 0x1F, 0xF0, 0xF3,
    0xC3, 0xC7, 0x8F, 0x1F, 0xFC, 0x3F, 0x70, 0x7C, 0x00, 0x00, 0x39, 0xE3, 0xCF, 0x3C, 0xF3, 0xFF,
    0xFB, 0xC3, 0x1C, 0x71, 0xC0, 0x30, 0x03, 0xC0, 0x3E, 0x3D, 0xF3, 0xFF, 0xBF, 0x9F, 0xE0, 0xFE,
    0x03, 0xF0, 0x1F, 0x00, 0x78, 0x01, 0x00, 0x03, 0x00, 0x03, 0x80, 0x07, 0xC0, 0x07, 0xF0, 0x0F,
    0xF8, 0x0E, 0xFC, 0x0E, 0xFE, 0x0E, 0xFE, 0x0F, 0xEF, 0xFF, 0xFF, 0xFF, 0xFE, 0xFF, 0xFC, 0x10,
    0x30, 0x01, 0xE0, 0x03, 0xF0, 0x07, 0xF8, 0x07, 0xF8, 0x0F, 0x78, 0x0F, 0x70, 0x0E, 0xF0, 0xFF,
    0xFF, 0xFF, 0xFF, 0xFF, 0xFF, 0x0F, 0x3C, 0x0F, 0xFC, 0x07, 0xF8, 0x07, 0xF8, 0x01, 0xF0, 0x08,
    0x00, 0xE0, 0x0F, 0xC0, 0x7F, 0x03, 0xFC, 0x3F, 0xF1, 0xCF, 0xCF, 0xFF, 0x7F, 0x7F, 0xFF, 0xFF,
    0xFF, 0xFF, 0xE0, 0x08, 0x00, 0x07, 0x80, 0x7F, 0x01, 0xFC, 0x0F, 0x70, 0x3D, 0xC1, 0xE7, 0x07,
    0xFC, 0x3F, 0xFF, 0xFF, 0xFF, 0xFF, 0xF7, 0x8E, 0x0F, 0xF8, 0x3F, 0xE0, 0x7F, 0x80, 0x78, 0x00,
    0x03, 0x80, 0x00, 0x7C, 0x00, 0x0F, 0xE0, 0x01, 0xFE, 0x00, 0x3C, 0xF0, 0x07, 0xCE, 0x00, 0xF8,
    0x00, 0x0F, 0x00, 0x00, 0xFF, 0xFF, 0xE7, 0xFF, 0xFE, 0x3F, 0xFF, 0xE0, 0x7F, 0xF0, 0x07, 0xF8,
    0xFF, 0xF7, 0xFF, 0xBF, 0xF8, 0xF0, 0x03, 0xC0, 0x0F, 0xFF, 0xBF, 0xFE, 0x7F, 0xF8, 0x0F, 0x00,
    0x18, 0x00, 0x03, 0xC0, 0x00, 0x38, 0x00, 0x03, 0xC0, 0x00, 0x3E, 0x00, 0x03, 0xC0, 0x00, 0x03,
    0x80, 0x00, 0x7C, 0x00, 0x0F, 0xE0, 0x01, 0xFE, 0x00, 0x3C, 0xF0, 0x07, 0xCE, 0x00, 0xF8, 0x00,
    0x0F, 0x00, 0x00, 0xFF, 0xFF, 0xE7, 0xFF, 0xFE, 0x3F, 0xFF, 0xE0, 0x7F, 0xF0, 0x18, 0x00, 0xE0,
    0x07, 0x80, 0x1F, 0x00, 0x7C, 0x01, 0xE0, 0x00, 0x7F, 0x8F, 0xFF, 0x7F, 0xFB, 0xFF, 0x8F, 0x00,
    0x3C, 0x00, 0xFF, 0xFB, 0xFF, 0xE7, 0xFF, 0x80, 0xF0, 0x00, 0x1F, 0x80, 0x1F, 0xC0, 0x1F, 0xC0,
    0x1F, 0x20, 0x0E, 0x03, 0x87, 0x01, 0xC3, 0xE1, 0xE1, 0xFC, 0xF0, 0x3F, 0x78, 0x07, 0xBC, 0x03,
    0xCF, 0xDF, 0xE7, 0xFF, 0xE1, 0xFF, 0xE0, 0x3F, 0xC0, 0x00, 0x00, 0x0E, 0x00, 0x01, 0xC0, 0xF8,
    0x78, 0x1F, 0xEF, 0x03, 0xFF, 0xE0, 0x1F, 0xBC, 0x03, 0xC3, 0xFB, 0xF8, 0x7F, 0xFE, 0x07, 0xFF,
    0x80, 0x3F, 0xC0, 0x00, 0x3C, 0x78, 0xF0, 0xE1, 0xE3, 0xC7, 0xFE, 0xFD, 0xF0, 0x00, 0x0E, 0xFF,
    0xFB, 0x80, 0x00, 0x03, 0xC0, 0x70, 0x0E, 0x03, 0xE1, 0xFF, 0xBF, 0xFF, 0xBE, 0x00, 0x00, 0x01,
    0xF8, 0x7F, 0x87, 0xE0, 0x00, 0x0F, 0xC7, 0xE1, 0xF8, 0x78, 0x1E, 0x07, 0xF8, 0xFE, 0xFF, 0xBF,
    0xC7, 0x80, 0x00, 0x00, 0x3F, 0x9F, 0xC0, 0xC0, 0x00, 0xE0, 0x78, 0x3C, 0x1E, 0x0F, 0x07, 0x83,
    0xC1, 0xE0, 0xF0, 0x78, 0x3C, 0x1E, 0x0F, 0x07, 0x80, 0x00, 0x3F, 0x8F, 0xE0, 0x30, 0x38, 0x0F,
    0x03, 0xC0, 0xF0, 0x3C, 0x0F, 0x03, 0xC0, 0xF0, 0x3C, 0x0F, 0x03, 0xC0, 0xF0, 0x3C, 0x0F, 0xE1,
    0xFC, 0x3E, 0x00, 0x00, 0x37, 0xBD, 0xEF, 0xF8, 0x0E, 0x7B, 0xDE, 0xF7, 0xBD, 0xEF, 0x7B, 0xDE,
    0xF7, 0x80, 0x30, 0x78, 0x3C, 0x1F, 0x0F, 0x87, 0x81, 0xC0, 0xF0, 0x78, 0x3C, 0x1E, 0x0F, 0x07,
    0x83, 0xC1, 0xE0, 0xF0, 0x78, 0x3C, 0x1E, 0x0F, 0xE3, 0xF8, 0xF8, 0x00, 0x0C, 0x07, 0x81, 0xC0,
    0x78, 0x1E, 0x07, 0x80, 0xE0, 0xFC, 0x3F, 0x9F, 0xE7, 0x3D, 0xCF, 0x7F, 0xDF, 0xF3, 0xFC, 0x3E,
    0x7F, 0xBF, 0xC7, 0xE1, 0xE0, 0x0C, 0x00, 0xF0, 0x07, 0x00, 0x3C, 0x01, 0xE0, 0x0F, 0x00, 0x00,
    0x01, 0xC0, 0x3F, 0x01, 0xFC, 0x1F, 0xE0, 0xE7, 0x87, 0x3C, 0x3F, 0xFD, 0xFF, 0xE7, 0xFF, 0x0F,
    0x83, 0xFC, 0x3F, 0xC0, 0xFC, 0x07, 0x80, 0x00, 0xE7, 0xBD, 0xEF, 0x7B, 0xDE, 0xF7, 0xBD, 0xEF,
    0x7B, 0xDE, 0x37, 0xBD, 0xFF, 0xF8, 0x00, 0xE0, 0xF0, 0xF0, 0xF0, 0xF0, 0xF0, 0xF0, 0xF0, 0xF0,
    0xF0, 0xF0, 0xF0, 0xF0, 0xFE, 0x7F, 0x3E, 0x30, 0x70, 0xF0, 0xF8, 0xF8, 0xF0, 0x00, 0x0C, 0x00,
    0x1E, 0x00, 0x0F, 0x07, 0xE7, 0xC7, 0xF3, 0xE7, 0xF1, 0xE7, 0xC8, 0x03, 0x80, 0xE1, 0xC0, 0x70,
    0xF8, 0x78, 0x7F, 0x3C, 0x0F, 0xDE, 0x01, 0xEF, 0x00, 0xF3, 0xF7, 0xF9, 0xFF, 0xF8, 0x7F, 0xF8,
    0x0F, 0xF0, 0x00, 0x0C, 0x00, 0x07, 0x80, 0x00, 0xF0, 0x00, 0x1F, 0x00, 0x03, 0xE0, 0x00, 0x78,
    0x00, 0x00, 0x00, 0x03, 0x80, 0x00, 0x70, 0x3E, 0x1E, 0x07, 0xFB, 0xC0, 0xFF, 0xF8, 0x07, 0xEF,
    0x00, 0xF0, 0xFE, 0xFE, 0x1F, 0xFF, 0x81, 0xFF, 0xE0, 0x0F, 0xF0, 0x00, 0x31, 0xCF, 0x3E, 0xFB,
    0xC0, 0x0E, 0x78, 0xF3, 0xCF, 0x3C, 0xFF, 0xFE, 0xF0, 0x00, 0x18, 0x0F, 0x07, 0x80, 0xF0, 0x3C,
    0x0F, 0x00, 0x00, 0x00, 0x1C, 0x0F, 0x03, 0xC0, 0xF0, 0xFF, 0xFF, 0xFF, 0xFC, 0x00, 0xEF, 0xFF,
    0xFF, 0xFF, 0xFF, 0xFF, 0xFF, 0xFF, 0xE0, 0xF0, 0xF0, 0xF0, 0xF0, 0xF0, 0xF0, 0xF0, 0xF0, 0xF0,
    0xF0, 0xF0, 0xF0, 0xFE, 0x7F, 0x3E, 0x00, 0x00, 0x00, 0x00, 0x00, 0x07, 0x9C, 0x00, 0x3C, 0xE0,
    0x00, 0xEF, 0x00, 0x07, 0xF8, 0x00, 0x3F, 0xE0, 0x03, 0xEF, 0xFF, 0xFE, 0x7F, 0xFF, 0xF1, 0xFF,
    0xFE, 0x01, 0xFF, 0x80, 0x00, 0x00, 0x00, 0x07, 0x00, 0x00, 0x38, 0x00, 0x01, 0xC0, 0x00, 0x00,
    0x00, 0x00, 0x1C, 0x00, 0x00, 0x07, 0x00, 0x01, 0x83, 0xC0, 0x00, 0xF0, 0xF0, 0x00, 0x7C, 0x3E,
    0x00, 0x7F, 0x07, 0xFF, 0xFF, 0xF9, 0xFF, 0xFF, 0xFF, 0x3F, 0xFF, 0x8F, 0xC1, 0xFE, 0x00, 0x00,
    0x00, 0x00, 0x00, 0x01, 0xC0, 0x00, 0x00, 0x70, 0x00, 0x00, 0x1C, 0x00, 0x00, 0x39, 0xE3, 0xCF,
    0x3C, 0xF3, 0xFF, 0xFB, 0xC0, 0x00, 0x71, 0xC7, 0x00, 0x00, 0x07, 0x03, 0xC0, 0xF0, 0x3C, 0x3F,
    0xFF, 0xFF, 0xFF, 0x00, 0x00, 0x03, 0x80, 0xF0, 0x38, 0x00, 0x02, 0x1F, 0xC7, 0xF0, 0xDC, 0x00,
    0x00, 0x01, 0xC0, 0xF8, 0x3F, 0x0F, 0xC7, 0xF9, 0xCE, 0xF3, 0xBC, 0xEF, 0xF9, 0xFE, 0x3F, 0x00,
    0x00, 0x09, 0x00, 0x7E, 0x03, 0xFC, 0x06, 0x60, 0x00, 0x00, 0x0E, 0x00, 0x3C, 0x01, 0xF0, 0x1F,
    0xC1, 0xFF, 0x07, 0xFC, 0x3C, 0xF0, 0xF3, 0xC3, 0xFF, 0x07, 0xFC, 0x1F, 0xFE, 0x1F, 0xFC, 0x03,
    0xE0, 0x00, 0x00, 0x00, 0x88, 0x00, 0x0E, 0xE0, 0x00, 0x7F, 0x00, 0x03, 0xB8, 0x00, 0x00, 0x0F,
    0x38, 0x00, 0x79, 0xC0, 0x01, 0xDE, 0x00, 0x0F, 0xF0, 0x00, 0x7F, 0xC0, 0x07, 0xDF, 0xFF, 0xFC,
    0xFF, 0xFF, 0xE3, 0xFF, 0xFC, 0x03, 0xFF, 0x00, 0x00, 0x48, 0x00, 0x00, 0x7F, 0x00, 0x00, 0x1F,
    0xC0, 0x00, 0x03, 0x70, 0x00, 0x00, 0x00, 0x00, 0x1C, 0x00, 0x00, 0x07, 0x00, 0x01, 0x83, 0xC0,
    0x00, 0xF0, 0xF0, 0x00, 0x7C, 0x3E, 0x00, 0x7F, 0x07, 0xFF, 0xFF, 0xF9, 0xFF, 0xFF, 0xFF, 0x3F,
    0xFF, 0x8F, 0xC1, 0xFE, 0x00, 0x00, 0x24, 0x7E, 0xFF, 0x66, 0x00, 0x1C, 0x3C, 0x1E, 0x1E, 0x1E,
    0x1E, 0x1E, 0x7E, 0x7C, 0x78, 0x00, 0x12, 0x0F, 0xE1, 0xFC, 0x1B, 0x80, 0x00, 0x00, 0x07, 0x80,
    0xE0, 0x1C, 0x07, 0xC3, 0xFF, 0x7F, 0xFF, 0x7C, 0x00, 0x00, 0x00, 0x70, 0x00, 0x03, 0x80, 0x00,
    0x1C, 0x00, 0x01, 0xB8, 0x00, 0x1F, 0xC0, 0x00, 0x6C, 0x00, 0x00, 0x03, 0xCE, 0x00, 0x1E, 0x70,
    0x00, 0x77, 0x80, 0x03, 0xFC, 0x00, 0x1F, 0xF0, 0x01, 0xF7, 0xFF, 0xFF, 0x3F, 0xFF, 0xF8, 0xFF,
    0xFF, 0x00, 0xFF, 0xC0, 0x00, 0x30, 0x00, 0x00, 0x1E, 0x00, 0x00, 0x03, 0x00, 0x00, 0x03, 0xF0,
    0x00, 0x00, 0xFC, 0x00, 0x00, 0x3F, 0x00, 0x00, 0x00, 0x00, 0x01, 0xC0, 0x00, 0x00, 0x70, 0x00,
    0x18, 0x3C, 0x00, 0x0F, 0x0F, 0x00, 0x07, 0xC3, 0xE0, 0x07, 0xF0, 0x7F, 0xFF, 0xFF, 0x9F, 0xFF,
    0xFF, 0xF3, 0xFF, 0xF8, 0xFC, 0x1F, 0xE0, 0x00, 0x30, 0xE3, 0xBF, 0xFF, 0xB0, 0x0E, 0x78, 0xF3,
    0xCF, 0x3C, 0xFF, 0xFE, 0xF0, 0x00, 0x0C, 0x03, 0xC0, 0x30, 0x1F, 0x83, 0xF0, 0x7E, 0x00, 0x00,
    0x00, 0x1E, 0x03, 0x80, 0x70, 0x1F, 0x0F, 0xFD, 0xFF, 0xFD, 0xF0, 0x00, 0x7C, 0x03, 0xFE, 0x07,
    0xFF, 0x9F, 0xFE, 0x01, 0xF8, 0x1F, 0xE1, 0xFC, 0x0F, 0xC0, 0x7C, 0x01, 0xE0, 0x0F, 0x1C, 0x3C,
    0x70, 0xF1, 0xC3, 0xC7, 0x0F, 0x00, 0x3F, 0x06, 0x7F, 0xFC, 0xFF, 0xF1, 0xFF, 0x80, 0x60, 0x7C,
    0x00, 0x3F, 0xE0, 0x07, 0xFF, 0x81, 0xFF, 0xE0, 0x01, 0xF8, 0x01, 0xFE, 0x01, 0xFF, 0x00, 0xFD,
    0xE0, 0x7C, 0x3F, 0x9E, 0x0F, 0xEF, 0x1D, 0xFB, 0xC7, 0x00, 0xF1, 0xC0, 0x3C, 0x70, 0x0F, 0x00,
    0x03, 0xF0, 0x60, 0x7F, 0xFC, 0x0F, 0xFF, 0x01, 0xFF, 0x80, 0x06, 0x00, 0x00, 0x03, 0xF8, 0x1F,
    0xF0, 0xFF, 0xF0, 0x3F, 0x80, 0xFC, 0x3F, 0xFF, 0xF8, 0xFF, 0x07, 0xE0, 0x00, 0x00, 0x00, 0x00,
    0x70, 0x07, 0x80, 0x1C, 0x00, 0x00, 0x00, 0x7F, 0x00, 0x7F, 0xC0, 0x7F, 0xF8, 0x03, 0xF8, 0x01,
    0xF8, 0x0F, 0xF8, 0xFF, 0xFE, 0xFF, 0x7F, 0xFC, 0x3E, 0x00, 0x00, 0x00, 0x00, 0x0E, 0x00, 0x0F,
    0x00, 0x0E, 0x00, 0x7C, 0x03, 0xFE, 0x07, 0xFF, 0x9F, 0xFE, 0x01, 0xF8, 0x1F, 0xE1, 0xFC, 0x0F,
    0xC0, 0x7C, 0x01, 0xE0, 0x0F, 0x00, 0x3C, 0x00, 0xF0, 0x03, 0xC0, 0x0F, 0x00, 0x3F, 0x06, 0x7F,
    0xFC, 0xFF, 0xF1, 0xFF, 0x80, 0x60, 0x7C, 0x00, 0x3F, 0xE0, 0x07, 0xFF, 0x81, 0xFF, 0xE0, 0x01,
    0xF8, 0x01, 0xFE, 0x01, 0xFF, 0x00, 0xFD, 0xE0, 0x7C, 0x3F, 0x9E, 0x0F, 0xEF, 0x01, 0xFB, 0xC0,
    0x00, 0xF0, 0x00, 0x3C, 0x00, 0x0F, 0x00, 0x03, 0xF0, 0x60, 0x7F, 0xFC, 0x0F, 0xFF, 0x01, 0xFF,
    0x80, 0x06, 0x00, 0x00, 0x03, 0xF8, 0x1F, 0xF0, 0xFF, 0xF0, 0x3F, 0x80, 0xFC, 0x3F, 0xFF, 0xF8,
    0xFF, 0x07, 0xE0, 0x00, 0x00, 0x00, 0x00, 0x7F, 0x00, 0x7F, 0xC0, 0x7F, 0xF8, 0x03, 0xF8, 0x01,
    0xF8, 0x0F, 0xF8, 0xFF, 0xFE, 0xFF, 0x7F, 0xFC, 0x3E, 0x00, 0x00, 0x03, 0x00, 0x1E, 0x00, 0x78,
    0x00, 0xC0, 0x00, 0x01, 0xF0, 0x0F, 0xF8, 0x1F, 0xFE, 0x7F, 0xF8, 0x07, 0xE0, 0x7F, 0x87, 0xF0,
    0x3F, 0x01, 0xF0, 0x07, 0x80, 0x3C, 0x00, 0xF0, 0x03, 0xC0, 0x0F, 0x00, 0x3C, 0x00, 0xFC, 0x19,
    0xFF, 0xF3, 0xFF, 0xC7, 0xFE, 0x01, 0x80, 0x03, 0x00, 0x01, 0xE0, 0x00, 0x78, 0x00, 0x0C, 0x00,
    0x00, 0x00, 0x1F, 0x00, 0x0F, 0xF8, 0x01, 0xFF, 0xE0, 0x7F, 0xF8, 0x00, 0x7E, 0x00, 0x7F, 0x80,
    0x7F, 0xC0, 0x3F, 0x78, 0x1F, 0x0F, 0xE7, 0x83, 0xFB, 0xC0, 0x7E, 0xF0, 0x00, 0x3C, 0x00, 0x0F,
    0x00, 0x03, 0xC0, 0x00, 0xFC, 0x18, 0x1F, 0xFF, 0x03, 0xFF, 0xC0, 0x7F, 0xE0, 0x01, 0x80, 0x00,
    0x18, 0x01, 0xC0, 0x0E, 0x00, 0x70, 0x00, 0x00, 0x00, 0x01, 0xFC, 0x0F, 0xF8, 0x7F, 0xF8, 0x1F,
    0xC0, 0x7E, 0x1F, 0xFF, 0xFC, 0x7F, 0x83, 0xF0, 0x00, 0x00, 0x10, 0x00, 0x38, 0x00, 0x38, 0x00,
    0x38, 0x00, 0x00, 0x00, 0x00, 0x00, 0x7F, 0x00, 0x7F, 0xC0, 0x7F, 0xF8, 0x03, 0xF8, 0x01, 0xF8,
    0x0F, 0xF8, 0xFF, 0xFE, 0xFF, 0x7F, 0xFC, 0x3E, 0x00, 0x00, 0x02, 0x03, 0xC0, 0xF8, 0x1E, 0x03,
    0xC0, 0xF0, 0x3D, 0x8F, 0x7F, 0xDF, 0xF7, 0xF8, 0x00, 0x02, 0x00, 0x3C, 0x00, 0xF8, 0x01, 0xE0,
    0x07, 0xC0, 0x0F, 0x00, 0x3C, 0x18, 0xF8, 0x7F, 0xFD, 0xFF, 0xF7, 0xFF, 0xC0, 0x00, 0x0C, 0x07,
    0x01, 0xC0, 0x70, 0x00, 0x00, 0x80, 0xF0, 0x3E, 0x07, 0x80, 0xF0, 0x3C, 0x0F, 0x63, 0xDF, 0xF7,
    0xFD, 0xFE, 0x00, 0x00, 0x0C, 0x00, 0x70, 0x01, 0xC0, 0x07, 0x00, 0x00, 0x00, 0x08, 0x00, 0xF0,
    0x03, 0xE0, 0x07, 0x80, 0x1F, 0x00, 0x3C, 0x00, 0xF0, 0x63, 0xE1, 0xFF, 0xF7, 0xFF, 0xDF, 0xFF,
    0x00, 0x00, 0x06, 0x07, 0x83, 0xC0, 0xE0, 0x78, 0x3C, 0x1C, 0x1E, 0x1F, 0x3F, 0x3F, 0x1F, 0x06,
    0x00, 0x06, 0x00, 0x78, 0x03, 0xC0, 0x0E, 0x00, 0x78, 0x03, 0xF8, 0x1F, 0xC1, 0xFE, 0x1F, 0x03,
    0xF0, 0x3F, 0x01, 0xF0, 0x06, 0x00, 0x00, 0x06, 0x07, 0x83, 0xC0, 0xC0, 0x00, 0x00, 0x18, 0x1E,
    0x0F, 0x03, 0x81, 0xE0, 0xF0, 0x70, 0x78, 0x7C, 0xFC, 0xFC, 0x7C, 0x18, 0x00, 0x04, 0x00, 0x70,
    0x03, 0x80, 0x1C, 0x00, 0x00, 0x00, 0x00, 0x18, 0x01, 0xE0, 0x0F, 0x00, 0x38, 0x01, 0xE0, 0x0F,
    0xE0, 0x7F, 0x07, 0xF8, 0x7C, 0x0F, 0xC0, 0xFC, 0x07, 0xC0, 0x18, 0x00, 0x00, 0x00, 0x00, 0xE0,
    0x00, 0x00, 0x1E, 0x00, 0x00, 0x01, 0xE0, 0x03, 0xC3, 0x8F, 0x00, 0x3C, 0x38, 0xF7, 0x01, 0xC3,
    0x8F, 0x70, 0x1E, 0x78, 0xFF, 0x01, 0xFF, 0xFF, 0xF0, 0x1F, 0xFF, 0xEF, 0x01, 0xFE, 0xFC, 0xF0,
    0x3C, 0x00, 0x07, 0xCF, 0xC0, 0x00, 0x7F, 0xF8, 0x00, 0x03, 0xFF, 0x80, 0x00, 0x1F, 0xE0, 0x00,
    0x00, 0x00, 0x00, 0x00, 0xE0, 0x00, 0x00, 0x00, 0xE0, 0x00, 0x3C, 0x38, 0xF0, 0x00, 0x3C, 0x38,
    0xF0, 0x70, 0x1C, 0x38, 0xF0, 0x70, 0x1E, 0x78, 0xF8, 0xF0, 0x1F, 0xFF, 0xFF, 0xF0, 0x1F, 0xFF,
    0xFF, 0xF0, 0x1F, 0xEF, 0xDF, 0xF0, 0x3C, 0x00, 0x00, 0x7C, 0xFC, 0x00, 0x00, 0x7F, 0xF8, 0x00,
    0x00, 0x3F, 0xF8, 0x00, 0x00, 0x1F, 0xE0, 0x00, 0x00, 0x00, 0x01, 0xC0, 0x00, 0x78, 0x00, 0x07,
    0x8E, 0x3C, 0xF3, 0xC7, 0x9E, 0x78, 0xE3, 0xCF, 0x3E, 0x7F, 0xFF, 0xFF, 0xFF, 0xFF, 0xDF, 0xFB,
    0xF0, 0x00, 0x00, 0x00, 0x00, 0x01, 0xE0, 0x00, 0x03, 0xC0, 0x71, 0xE7, 0x81, 0xE3, 0xCF, 0x03,
    0xC7, 0x1E, 0x07, 0x9F, 0x3E, 0x3F, 0xFF, 0xFF, 0xFF, 0xFF, 0xFF, 0xFF, 0xDF, 0xBE, 0x00, 0x00,
    0x00, 0x00, 0x00, 0x70, 0x00, 0x00, 0x07, 0x00, 0x00, 0x00, 0x70, 0x00, 0x00, 0x1D, 0x80, 0x00,
    0x01, 0xFC, 0x00, 0x00, 0x0D, 0x80, 0x00, 0x00, 0x00, 0xE0, 0x00, 0x00, 0x1E, 0x00, 0x00, 0x01,
    0xE0, 0x03, 0xC3, 0x8F, 0x00, 0x3C, 0x38, 0xF7, 0x01, 0xC3, 0x8F, 0x70, 0x1E, 0x78, 0xFF, 0x01,
    0xFF, 0xFF, 0xF0, 0x1F, 0xFF, 0xEF, 0x01, 0xFE, 0xFC, 0xF0, 0x3C, 0x00, 0x07, 0xCF, 0xC0, 0x00,
    0x7F, 0xF8, 0x00, 0x03, 0xFF, 0x80, 0x00, 0x1F, 0xE0, 0x00, 0x00, 0x00, 0x00, 0x70, 0x00, 0x00,
    0x00, 0x70, 0x00, 0x00, 0x00, 0x70, 0x00, 0x00, 0x01, 0xD8, 0x00, 0x00, 0x01, 0xFC, 0x00, 0x00,
    0x00, 0xD8, 0x00, 0x00, 0x00, 0x00, 0x00, 0x00, 0x00, 0x00, 0xE0, 0x00, 0x00, 0x00, 0xE0, 0x00,
    0x3C, 0x38, 0xF0, 0x00, 0x3C, 0x38, 0xF0, 0x70, 0x1C, 0x38, 0xF0, 0x70, 0x1E, 0x78, 0xF8, 0xF0,
    0x1F, 0xFF, 0xFF, 0xF0, 0x1F, 0xFF, 0xFF, 0xF0, 0x1F, 0xEF, 0xDF, 0xF0, 0x3C, 0x00, 0x00, 0x7C,
    0xFC, 0x00, 0x00, 0x7F, 0xF8, 0x00, 0x00, 0x3F, 0xF8, 0x00, 0x00, 0x1F, 0xE0, 0x00, 0x00, 0x00,
    0x30, 0x00, 0x0F, 0x00, 0x00, 0xC0, 0x00, 0x7E, 0x00, 0x0F, 0xC0, 0x01, 0xB8, 0x00, 0x00, 0x70,
    0x00, 0x1E, 0x00, 0x01, 0xE3, 0x8F, 0x3C, 0xF1, 0xE7, 0x9E, 0x38, 0xF3, 0xCF, 0x9F, 0xFF, 0xFF,
    0xFF, 0xFF, 0xF7, 0xFE, 0xFC, 0x00, 0x00, 0x00, 0x00, 0x70, 0x00, 0x00, 0xE0, 0x00, 0x01, 0xC0,
    0x00, 0x06, 0xE0, 0x00, 0x1F, 0xC0, 0x00, 0x1B, 0x00, 0x00, 0x00, 0x00, 0x00, 0x00, 0xF0, 0x00,
    0x01, 0xE0, 0x38, 0xF3, 0xC0, 0xF1, 0xE7, 0x81, 0xE3, 0x8F, 0x03, 0xCF, 0x9F, 0x1F, 0xFF, 0xFF,
    0xFF, 0xFF, 0xFF, 0xFF, 0xEF, 0xDF, 0x00, 0x00, 0x00, 0x00, 0x00, 0x00, 0x80, 0x00, 0x00, 0x3F,
    0x80, 0x00, 0x07, 0xFC, 0x00, 0x78, 0x7F, 0xF0, 0x03, 0xC7, 0xE7, 0xB8, 0x0E, 0x7C, 0x3D, 0xC0,
    0x7B, 0xC3, 0xFE, 0x03, 0xFF, 0xFF, 0xF0, 0x1F, 0xFF, 0xF7, 0x80, 0xFF, 0xFE, 0x3C, 0x0F, 0x0F,
    0x80, 0xFD, 0xF8, 0x00, 0x07, 0xFF, 0x80, 0x00, 0x1F, 0xFC, 0x00, 0x00, 0x3F, 0x80, 0x00, 0x00,
    0x00, 0x00, 0x00, 0x80, 0x00, 0x00, 0x07, 0xF0, 0x00, 0x00, 0x1F, 0xF0, 0x00, 0x3C, 0x3F, 0xF8,
    0x00, 0x3C, 0x7E, 0x78, 0x70, 0x1C, 0xF8, 0x78, 0x70, 0x1E, 0xF0, 0xF8, 0xF0, 0x1F, 0xFF, 0xFF,
    0xF0, 0x1F, 0xFF, 0xFF, 0xF0, 0x1F, 0xFF, 0xFF, 0xF0, 0x3C, 0x3E, 0x00, 0x7E, 0xFC, 0x00, 0x00,
    0x7F, 0xF8, 0x00, 0x00, 0x3F, 0xF8, 0x00, 0x00, 0x0F, 0xE0, 0x00, 0x00, 0x00, 0x00, 0x00, 0x00,
    0xFC, 0x00, 0x3F, 0xE3, 0xC7, 0xFF, 0x3C, 0xFC, 0xF3, 0x9F, 0x0F, 0x7F, 0xE1, 0xFF, 0xFF, 0xFE,
    0xFF, 0xFF, 0xEE, 0xFF, 0xF8, 0x01, 0xFC, 0x00, 0x00, 0x00, 0x00, 0x00, 0x1F, 0x80, 0x00, 0xFF,
    0x81, 0xE3, 0xFF, 0x83, 0xCF, 0xCF, 0x07, 0x3E, 0x1E, 0x1F, 0xF8, 0x7C, 0x7F, 0xFF, 0xFF, 0xFF,
    0xFF, 0xFF, 0xDF, 0xFF, 0xFC, 0x07, 0xF0, 0x00, 0x00, 0x00, 0x01, 0x80, 0x00, 0x00, 0x1C, 0x00,
    0x00, 0x00, 0xE0, 0x00, 0x00, 0x07, 0x00, 0x00, 0x00, 0x00, 0x00, 0x00, 0x00, 0x40, 0x00, 0x00,
    0x1F, 0xC0, 0x00, 0x03, 0xFE, 0x00, 0x3C, 0x3F, 0xF8, 0x01, 0xE3, 0xF3, 0xDC, 0x07, 0x3E, 0x1E,
    0xE0, 0x3D, 0xE1, 0xFF, 0x01, 0xFF, 0xFF, 0xF8, 0x0F, 0xFF, 0xFB, 0xC0, 0x7F, 0xFF, 0x1E, 0x07,
    0x87, 0xC0, 0x7E, 0xFC, 0x00, 0x03, 0xFF, 0xC0, 0x00, 0x0F, 0xFE, 0x00, 0x00, 0x1F, 0xC0, 0x00,
    0x00, 0x00, 0x00, 0x01, 0x80, 0x00, 0x00, 0x03, 0x80, 0x00, 0x00, 0x03, 0x80, 0x00, 0x00, 0x03,
    0x80, 0x00, 0x00, 0x00, 0x00, 0x00, 0x00, 0x00, 0x80, 0x00, 0x00, 0x07, 0xF0, 0x00, 0x00, 0x1F,
    0xF0, 0x00, 0x3C, 0x3F, 0xF8, 0x00, 0x3C, 0x7E, 0x78, 0x70, 0x1C, 0xF8, 0x78, 0x70, 0x1E, 0xF0,
    0xF8, 0xF0, 0x1F, 0xFF, 0xFF, 0xF0, 0x1F, 0xFF, 0xFF, 0xF0, 0x1F, 0xFF, 0xFF, 0xF0, 0x3C, 0x3E,
    0x00, 0x7E, 0xFC, 0x00, 0x00, 0x7F, 0xF8, 0x00, 0x00, 0x3F, 0xF8, 0x00, 0x00, 0x0F, 0xE0, 0x00,
    0x00, 0x00, 0x02, 0x00, 0x00, 0x70, 0x00, 0x07, 0x00, 0x00, 0x70, 0x00, 0x00, 0x00, 0x00, 0x00,
    0x00, 0x0F, 0xC0, 0x03, 0xFE, 0x3C, 0x7F, 0xF3, 0xCF, 0xCF, 0x39, 0xF0, 0xF7, 0xFE, 0x1F, 0xFF,
    0xFF, 0xEF, 0xFF, 0xFE, 0xEF, 0xFF, 0x80, 0x1F, 0xC0, 0x00, 0x02, 0x00, 0x00, 0x0E, 0x00, 0x00,
    0x1C, 0x00, 0x00, 0x38, 0x00, 0x00, 0x00, 0x00, 0x00, 0x00, 0x00, 0x03, 0xF0, 0x00, 0x1F, 0xF0,
    0x3C, 0x7F, 0xF0, 0x79, 0xF9, 0xE0, 0xE7, 0xC3, 0xC3, 0xFF, 0x0F, 0x8F, 0xFF, 0xFF, 0xFF, 0xFF,
    0xFF, 0xFB, 0xFF, 0xFF, 0x80, 0xFE, 0x00, 0x0E, 0x00, 0x07, 0x00, 0x03, 0x80, 0x01, 0xC0, 0x00,
    0xE0, 0x00, 0x70, 0x00, 0x3C, 0x20, 0x1E, 0xFC, 0x0F, 0xFF, 0x07, 0xFF, 0xC3, 0xF9, 0xE1, 0xF0,
    0xF0, 0xF0, 0xFF, 0xFF, 0xFB, 0xFF, 0xFD, 0xFF, 0xF8, 0x1F, 0xE0, 0x00, 0x0E, 0x00, 0x00, 0xE0,
    0x00, 0x0E, 0x00, 0x00, 0xE0, 0x00, 0x0E, 0x00, 0x00, 0xE0, 0x00, 0x0F, 0x08, 0x00, 0xF7, 0xE0,
    0x0F, 0xFF, 0x00, 0xFF, 0xF8, 0x0F, 0xE7, 0x80, 0xF8, 0x78, 0x0F, 0x0F, 0x8F, 0xFF, 0xFF, 0xFF,
    0xFF, 0xFF, 0xFF, 0xFF, 0x1F, 0xE0, 0x00, 0x38, 0x00, 0xF0, 0x01, 0xE0, 0x03, 0xC0, 0x07, 0x80,
    0x07, 0x00, 0x0E, 0x1C, 0x1D, 0xFC, 0x3F, 0xFC, 0x7F, 0xFC, 0xFC, 0x79, 0xF0, 0xF7, 0xC7, 0xFF,
    0xFF, 0xBF, 0xFE, 0x7F, 0xF8, 0x00, 0x00, 0x38, 0x00, 0x1E, 0x00, 0x07, 0x80, 0x01, 0xE0, 0x00,
    0x78, 0x00, 0x0E, 0x00, 0x03, 0x87, 0x00, 0xEF, 0xE0, 0x3F, 0xFC, 0x0F, 0xFF, 0x83, 0xF1, 0xE0,
    0xF8, 0x78, 0x7C, 0x7E, 0x3F, 0xFF, 0xFF, 0xFF, 0xFF, 0xFF, 0xFF, 0x00, 0x00, 0x00, 0x0E, 0x00,
    0x07, 0x0C, 0x03, 0x87, 0x01, 0xC3, 0x80, 0xE1, 0xC0, 0x70, 0x00, 0x3C, 0x20, 0x1E, 0xFC, 0x0F,
    0xFF, 0x07, 0xFF, 0xC3, 0xF9, 0xE1, 0xF0, 0xF0, 0xF0, 0xFF, 0xFF, 0xFB, 0xFF, 0xFD, 0xFF, 0xF8,
    0x1F, 0xE0, 0x00, 0x0E, 0x00, 0x00, 0xE1, 0x80, 0x0E, 0x3C, 0x00, 0xE3, 0xC0, 0x0E, 0x18, 0x00,
    0xE0, 0x00, 0x0F, 0x08, 0x00, 0xF7, 0xE0, 0x0F, 0xFF, 0x00, 0xFF, 0xF8, 0x0F, 0xE7, 0x80, 0xF8,
    0x78, 0x0F, 0x0F, 0x8F, 0xFF, 0xFF, 0xFF, 0xFF, 0xFF, 0xFF, 0xFF, 0x1F, 0xE0, 0x00, 0x38, 0x00,
    0xF0, 0x81, 0xE3, 0x83, 0xC7, 0x07, 0x8E, 0x07, 0x00, 0x0E, 0x1C, 0x1D, 0xFC, 0x3F, 0xFC, 0x7F,
    0xFC, 0xFC, 0x79, 0xF0, 0xF7, 0xC7, 0xFF, 0xFF, 0xBF, 0xFE, 0x7F, 0xF8, 0x00, 0x00, 0x38, 0x00,
    0x1E, 0x10, 0x07, 0x8E, 0x01, 0xE3, 0x80, 0x78, 0xE0, 0x0E, 0x00, 0x03, 0x87, 0x00, 0xEF, 0xE0,
    0x3F, 0xFC, 0x0F, 0xFF, 0x83, 0xF1, 0xE0, 0xF8, 0x78, 0x7C, 0x7E, 0x3F, 0xFF, 0xFF, 0xFF, 0xFF,
    0xFF, 0xFF, 0x00, 0x00, 0x00, 0x1F, 0x00, 0xFE, 0x07, 0xF0, 0x1F, 0xC0, 0x70, 0x01, 0xC1, 0x07,
    0xFC, 0x1F, 0xF8, 0x3F, 0xE0, 0xFC, 0x07, 0xC0, 0x3E, 0x00, 0xF0, 0x03, 0xC0, 0x0F, 0x00, 0x3C,
    0x00, 0xF8, 0x19, 0xFF, 0xE3, 0xFF, 0xC7, 0xFE, 0x03, 0x80, 0x0F, 0xC0, 0xFF, 0x83, 0xFE, 0x1E,
    0x78, 0x3D, 0xE0, 0xFF, 0x81, 0xFC, 0x03, 0xFF, 0x3F, 0xFD, 0xFF, 0xF7, 0x80, 0x3C, 0x00, 0xF0,
    0x03, 0xC0, 0x0F, 0x83, 0x3F, 0xFC, 0x7F, 0xF0, 0xFF, 0x80, 0x70, 0x00, 0x07, 0x03, 0xF0, 0xFE,
    0x3F, 0xC7, 0x80, 0xF0, 0x1E, 0x31, 0xFF, 0xFF, 0xFF, 0xFB, 0xFC, 0x00, 0x00, 0x07, 0xC0, 0x3F,
    0xC0, 0xFF, 0xC1, 0xE7, 0x83, 0xEF, 0x03, 0xFC, 0x03, 0xF8, 0x3F, 0xFE, 0x7F, 0xFE, 0xFB, 0xF8,
    0x00, 0x00, 0x06, 0x00, 0x3C, 0x00, 0xF0, 0x01, 0x80, 0x00, 0x00, 0x7C, 0x03, 0xF8, 0x1F, 0xC0,
    0x7F, 0x01, 0xC0, 0x07, 0x04, 0x1F, 0xF0, 0x7F, 0xE0, 0xFF, 0x83, 0xF0, 0x1F, 0x00, 0xF8, 0x03,
    0xC0, 0x0F, 0x00, 0x3C, 0x00, 0xF0, 0x03, 0xE0, 0x67, 0xFF, 0x8F, 0xFF, 0x1F, 0xF8, 0x0E, 0x00,
    0x03, 0x00, 0x1C, 0x00, 0x78, 0x01, 0xC0, 0x00, 0x00, 0x3F, 0x03, 0xFE, 0x0F, 0xF8, 0x79, 0xE0,
    0xF7, 0x83, 0xFE, 0x07, 0xF0, 0x0F, 0xFC, 0xFF, 0xF7, 0xFF, 0xDE, 0x00, 0xF0, 0x03, 0xC0, 0x0F,
    0x00, 0x3E, 0x0C, 0xFF, 0xF1, 0xFF, 0xC3, 0xFE, 0x01, 0xC0, 0x06, 0x01, 0xC0, 0x3C, 0x07, 0x00,
    0x00, 0x0E, 0x07, 0xE1, 0xFC, 0x7F, 0x8F, 0x01, 0xE0, 0x3C, 0x63, 0xFF, 0xFF, 0xFF, 0xF7, 0xF8,
    0x00, 0x00, 0x03, 0x00, 0x0F, 0x00, 0x1E, 0x00, 0x1C, 0x00, 0x00, 0x00, 0xF8, 0x07, 0xF8, 0x1F,
    0xF8, 0x3C, 0xF0, 0x7D, 0xE0, 0x7F, 0x80, 0x7F, 0x07, 0xFF, 0xCF, 0xFF, 0xDF, 0x7F, 0x00, 0x00,
    0x00, 0x01, 0x80, 0x00, 0x0E, 0x00, 0x00, 0xF0, 0x00, 0x03, 0x80, 0x00, 0x00, 0x00, 0x00, 0x00,
    0x00, 0x0F, 0x80, 0x00, 0xFE, 0x00, 0x0F, 0xF0, 0x00, 0x7B, 0xDC, 0x03, 0x9E, 0xE0, 0x1F, 0xFF,
    0x00, 0xFF, 0xF8, 0x07, 0xFF, 0xE0, 0x07, 0xEF, 0xFF, 0xFE, 0x7F, 0xFF, 0xF1, 0xFF, 0xFF, 0x01,
    0xFF, 0x80, 0x00, 0x00, 0x60, 0x00, 0x00, 0x78, 0x00, 0x00, 0x3C, 0x00, 0x00, 0x0C, 0x00, 0x00,
    0x00, 0x00, 0x00, 0x00, 0x00, 0x00, 0x07, 0xC0, 0x00, 0x07, 0xF0, 0x70, 0x03, 0xFC, 0x38, 0x03,
    0xDE, 0x3C, 0x01, 0xE7, 0x1E, 0x00, 0xF7, 0x8F, 0x80, 0x3F, 0xC3, 0xFF, 0xFF, 0xFD, 0xFF, 0xFF,
    0xFE, 0x7F, 0xFF, 0xFF, 0x07, 0xFC, 0x00, 0x00, 0x04, 0x03, 0x80, 0xE0, 0x38, 0x00, 0x00, 0x01,
    0xF0, 0xFE, 0x7F, 0x9E, 0xF7, 0xBD, 0xFF, 0x7F, 0xCF, 0xF0, 0xFF, 0xFE, 0xFF, 0xBF, 0x80, 0x00,
    0x06, 0x00, 0x70, 0x03, 0xC0, 0x1C, 0x00, 0x00, 0x00, 0x00, 0x7C, 0x07, 0xF0, 0x7F, 0xC3, 0xDE,
    0x1E, 0xF0, 0xF7, 0x83, 0xFC, 0x7F, 0xFF, 0xFF, 0xFF, 0xFF, 0x00, 0x00, 0x00, 0x22, 0x00, 0x3B,
    0x80, 0x1F, 0xC0, 0x0E, 0xC0, 0x00, 0x00, 0x00, 0xE0, 0x01, 0xF8, 0x00, 0xFE, 0x00, 0xFF, 0x38,
    0x73, 0xDC, 0x3D, 0xFE, 0x1F, 0xFF, 0x0F, 0xFF, 0x83, 0xFF, 0xC0, 0x3D, 0xF8, 0x7E, 0x7F, 0xFE,
    0x1F, 0xFE, 0x07, 0xFC, 0x00, 0x00, 0x20, 0x00, 0x07, 0xF0, 0x00, 0x7F, 0x00, 0x07, 0x60, 0x00,
    0x00, 0x00, 0x00, 0x00, 0x00, 0x3E, 0x00, 0x07, 0xF0, 0x00, 0xFF, 0x00, 0x0F, 0x78, 0x70, 0xE7,
    0x87, 0x0F, 0xFE, 0xF0, 0xFF, 0xFF, 0x07, 0xFF, 0xF0, 0x0F, 0x8F, 0x80, 0xF0, 0x7F, 0xFE, 0x07,
    0xFF, 0xE0, 0x3F, 0xF8, 0x00, 0xFE, 0x00, 0x11, 0x0E, 0xE3, 0xF8, 0xEE, 0x00, 0x00, 0x01, 0xF0,
    0xFE, 0x7F, 0x9E, 0xF7, 0xBD, 0xFF, 0x7F, 0xCF, 0xF0, 0xFF, 0xFE, 0xFF, 0xBF, 0x80, 0x00, 0x11,
    0x01, 0xDC, 0x0F, 0xE0, 0x37, 0x00, 0x00, 0x00, 0x00, 0x7C, 0x07, 0xF0, 0x7F, 0xC3, 0xDE, 0x1E,
    0xF0, 0xF7, 0x83, 0xFC, 0x7F, 0xFF, 0xFF, 0xFF, 0xFF, 0x00, 0x00, 0x00, 0x01, 0xC0, 0x00, 0x38,
    0x00, 0x07, 0x00, 0x18, 0xE0, 0x07, 0x1C, 0x01, 0xE3, 0x80, 0x38, 0x78, 0x07, 0x8F, 0x70, 0x71,
    0xEE, 0x3E, 0x3F, 0xC7, 0x87, 0xF8, 0x40, 0xFF, 0x80, 0x3E, 0xFF, 0xFF, 0x9F, 0xFF, 0xF1, 0xFF,
    0xFC, 0x07, 0xFC, 0x00, 0x00, 0x01, 0xC0, 0x00, 0x07, 0x00, 0x00, 0x1C, 0x00, 0x0C, 0x70, 0x00,
    0x71, 0xC0, 0x03, 0xC7, 0x00, 0x0E, 0x1E, 0x00, 0x3C, 0x78, 0x70, 0x71, 0xE1, 0xC7, 0xC7, 0x8F,
    0x1E, 0x1E, 0x3C, 0x20, 0x78, 0xF8, 0x03, 0xE1, 0xFF, 0xFF, 0xF7, 0xFF, 0xFF, 0xCF, 0xFF, 0xFF,
    0x07, 0xFC, 0x00, 0x01, 0x81, 0xE1, 0xFD, 0xFE, 0xFC, 0x3E, 0x0F, 0xC1, 0xF8, 0x3E, 0x07, 0xC0,
    0xF0, 0x3C, 0xFF, 0x3F, 0xCF, 0xE0, 0x00, 0x01, 0x80, 0x3C, 0x07, 0xF0, 0xFF, 0x0F, 0xE0, 0x7C,
    0x03, 0xE0, 0x0F, 0x80, 0x3E, 0x00, 0xF8, 0x03, 0xC0, 0x1F, 0x8F, 0xFF, 0x7F, 0xFF, 0xFB, 0xC0,
    0x00, 0x00, 0x1C, 0x00, 0x38, 0x00, 0x70, 0x00, 0xE0, 0x01, 0xC0, 0x03, 0x80, 0x07, 0x80, 0x0F,
    0x00, 0x1E, 0x00, 0x3C, 0x00, 0x7B, 0x80, 0xF7, 0x01, 0xFE, 0x03, 0xFC, 0x07, 0xF8, 0x0E, 0xF0,
    0x3C, 0xF8, 0xF9, 0xFF, 0xE1, 0xFF, 0x80, 0xFE, 0x00, 0x00, 0x1C, 0x00, 0x03, 0x80, 0x00, 0x70,
    0x00, 0x0E, 0x00, 0x01, 0xC0, 0x00, 0x38, 0x00, 0x07, 0x00, 0x00, 0xE0, 0x00, 0x1E, 0x00, 0x03,
    0xC0, 0x00, 0x78, 0x38, 0x0F, 0x07, 0x01, 0xE1, 0xE0, 0x3F, 0xBC, 0x07, 0xF7, 0x80, 0xFE, 0xF0,
    0x3C, 0x0F, 0x8F, 0x81, 0xFF, 0xE0, 0x1F, 0xF8, 0x00, 0xFE, 0x00, 0x39, 0xE7, 0x9E, 0x38, 0xE3,
    0x8E, 0x38, 0xE3, 0x8E, 0x3B, 0xEF, 0xBC, 0x00, 0x38, 0x3C, 0x1E, 0x07, 0x03, 0x81, 0xC0, 0xE0,
    0x70, 0x38, 0x1C, 0x0E, 0x07, 0x83, 0xC7, 0xFF, 0xFF, 0xFF, 0x00, 0x00, 0x06, 0x03, 0xF0, 0xFF,
    0x3F, 0xE7, 0x9E, 0x23, 0xC7, 0xF9, 0xFF, 0x7F, 0xFF, 0x3B, 0xC0, 0x78, 0x0F, 0x01, 0xE0, 0x3C,
    0x07, 0x80, 0x70, 0x0E, 0x00, 0x00, 0x00, 0x03, 0xC0, 0x0F, 0xE0, 0x1F, 0xE0, 0x3F, 0xF0, 0x7C,
    0x70, 0x7E, 0x78, 0xFF, 0xFE, 0xFF, 0xFF, 0xF7, 0xFF, 0xF1, 0xC0, 0xF0, 0x00, 0xF0, 0x00, 0xF0,
    0x00, 0xF0, 0x00, 0x70, 0x00, 0x78, 0x00, 0x78, 0x00, 0x00, 0x00, 0x07, 0x80, 0xFC, 0x1F, 0xE3,
    0xFE, 0x3C, 0xE7, 0xCE, 0xFF, 0xEF, 0xFE, 0xEF, 0xC0, 0x00, 0x07, 0x80, 0x3F, 0x80, 0x7F, 0x01,
    0xFF, 0x03, 0x9E, 0x0F, 0x9E, 0x3F, 0xFF, 0xFF, 0xFF, 0xEF, 0xFE, 0x07, 0x00, 0x03, 0x00, 0x07,
    0x00, 0x1E, 0x00, 0x1C, 0x00, 0x00, 0x80, 0x07, 0x80, 0x0F, 0x38, 0x0E, 0x70, 0x1F, 0xE0, 0x3F,
    0xC0, 0x7F, 0x80, 0xFF, 0x03, 0xCF, 0xDF, 0x9F, 0xFE, 0x1F, 0xF8, 0x1F, 0xE0, 0x03, 0x00, 0x00,
    0x70, 0x00, 0x1E, 0x00, 0x01, 0xC0, 0x00, 0x00, 0x00, 0x00, 0x78, 0x00, 0x0F, 0x03, 0x80, 0xE0,
    0x70, 0x1E, 0x1E, 0x03, 0xFB, 0xC0, 0x7F, 0xF8, 0x0F, 0xFF, 0x03, 0xC0, 0xFD, 0xF8, 0x1F, 0xFE,
    0x01, 0xFF, 0xC0, 0x1F, 0xE0, 0x00, 0x31, 0xE7, 0x8C, 0x00, 0xE7, 0x8F, 0x3C, 0xF3, 0xCF, 0xFF,
    0xEF, 0x00, 0x18, 0x0F, 0x03, 0xC0, 0x70, 0x00, 0x00, 0x01, 0xC0, 0xF0, 0x3C, 0x0F, 0x0F, 0xFF,
    0xFF, 0xFF, 0xC0, 0x00, 0x00, 0x07, 0x03, 0xE0, 0xFC, 0x3F, 0x1F, 0xE7, 0x3B, 0xCE, 0xF3, 0xBF,
    0xE7, 0xF8, 0xFC, 0x00, 0x00, 0x03, 0x80, 0x0F, 0x00, 0x7C, 0x07, 0xF0, 0x7F, 0xC1, 0xFF, 0x0F,
    0x3C, 0x3C, 0xF0, 0xFF, 0xC1, 0xFF, 0x07, 0xFF, 0x87, 0xFF, 0x00, 0xF8, 0x00, 0x00, 0x08, 0x00,
    0xE0, 0x0F, 0xC0, 0x7F, 0x03, 0xFC, 0x3F, 0xF1, 0xCF, 0xCF, 0xFF, 0x7F, 0x7F, 0xFF, 0xFF, 0xFF,
    0xFF, 0xE0, 0x08, 0x00, 0x07, 0x80, 0x7F, 0x01, 0xFC, 0x0F, 0x70, 0x3D, 0xC1, 0xE7, 0x07, 0xFC,
    0x3F, 0xFF, 0xFF, 0xFF, 0xFF, 0xF7, 0x8E, 0x0F, 0xF8, 0x3F, 0xE0, 0x7F, 0x80, 0x78, 0x00, 0x0E,
    0x0F, 0xC3, 0xF9, 0xFE, 0x73, 0xDC, 0xF7, 0xFD, 0xFF, 0x3F, 0xC3, 0xE7, 0xFB, 0xFC, 0x7E, 0x1E,
    0x00, 0x0E, 0x01, 0xF8, 0x0F, 0xE0, 0xFF, 0x07, 0x3C, 0x39, 0xE1, 0xFF, 0xEF, 0xFF, 0x3F, 0xF8,
    0x7C, 0x1F, 0xE1, 0xFE, 0x07, 0xE0, 0x3C, 0x00, 0x00, 0x1F, 0x80, 0x1F, 0xC0, 0x1F, 0xC0, 0x1F,
    0x20, 0x0E, 0x03, 0x87, 0x01, 0xC3, 0xE1, 0xE1, 0xFC, 0xF0, 0x3F, 0x78, 0x07, 0xBC, 0x03, 0xCF,
    0xDF, 0xE7, 0xFF, 0xE1, 0xFF, 0xE0, 0x3F, 0xC0, 0x00, 0x00, 0x0E, 0x00, 0x01, 0xC0, 0xF8, 0x78,
    0x1F, 0xEF, 0x03, 0xFF, 0xE0, 0x1F, 0xBC, 0x03, 0xC3, 0xFB, 0xF8, 0x7F, 0xFE, 0x07, 0xFF, 0x80,
    0x3F, 0xC0, 0x00, 0x00, 0x1F, 0x80, 0x1F, 0xC0, 0x1F, 0xC0, 0x1F, 0x20, 0x0E, 0x03, 0x87, 0x01,
    0xC3, 0xE1, 0xE1, 0xFC, 0xF0, 0x3F, 0x78, 0x07, 0xBC, 0x03, 0xCF, 0xDF, 0xE7, 0xFF, 0xE1, 0xFF,
    0xE0, 0x3F, 0xC0, 0x00, 0x00, 0x00, 0x00, 0x07, 0x70, 0x03, 0xF8, 0x01, 0xDC, 0x00, 0x00, 0x00,
    0x0E, 0x00, 0x01, 0xC0, 0xF8, 0x78, 0x1F, 0xEF, 0x03, 0xFF, 0xE0, 0x1F, 0xBC, 0x03, 0xC3, 0xFB,
    0xF8, 0x7F, 0xFE, 0x07, 0xFF, 0x80, 0x3F, 0xC0, 0x00, 0x00, 0x00, 0x00, 0x00, 0x0F, 0xC0, 0x03,
    0xFC, 0x00, 0x3F, 0x00, 0x3C, 0x78, 0xF0, 0xE1, 0xE3, 0xC7, 0xFE, 0xFD, 0xF0, 0x00, 0x0E, 0xFF,
    0xFB, 0x80, 0x00, 0x03, 0xC0, 0x70, 0x0E, 0x03, 0xE1, 0xFF, 0xBF, 0xFF, 0xBE, 0x00, 0x00, 0x01,
    0xF8, 0x7F, 0x87, 0xE0, 0x00, 0x00, 0xFE, 0x31, 0xFD, 0xE0, 0x31, 0xC0, 0xC3, 0x83, 0xC7, 0x07,
    0xCE, 0x07, 0xFC, 0x07, 0xF8, 0x03, 0xF0, 0x03, 0xE0, 0x0F, 0xE0, 0x3F, 0xC0, 0xFB, 0x83, 0xFF,
    0x07, 0xFE, 0x0F, 0xF8, 0x00, 0x00, 0x7F, 0x00, 0xFF, 0x70, 0x0E, 0xF0, 0x00, 0xF0, 0x20, 0x70,
    0x70, 0x70, 0x78, 0x70, 0x7C, 0x70, 0x3E, 0x70, 0x1F, 0x70, 0x0F, 0xF0, 0x07, 0xF0, 0x03, 0xF8,
    0x07, 0xF8, 0x7F, 0xFF, 0x7F, 0xFF, 0x7F, 0x3F, 0x00, 0x00, 0x70, 0x07, 0x80, 0x3C, 0x01, 0xE0,
    0xCF, 0x9E, 0x78, 0x70, 0xC3, 0x8F, 0x1C, 0x7C, 0xE1, 0xFF, 0x07, 0xF8, 0x0F, 0xC0, 0x3E, 0x03,
    0xF8, 0x3F, 0xC3, 0xEE, 0x3F, 0xF1, 0xFF, 0x8F, 0xF8, 0x18, 0x00, 0x3C, 0x00, 0x38, 0x00, 0x3C,
    0x00, 0x3E, 0x70, 0x3C, 0xF0, 0x00, 0xF0, 0x20, 0x70, 0x70, 0x70, 0x78, 0x70, 0x7C, 0x70, 0x3E,
    0x70, 0x1F, 0x70, 0x0F, 0xF0, 0x07, 0xF0, 0x03, 0xF8, 0x07, 0xF8, 0x7F, 0xFF, 0x7F, 0xFF, 0x7F,
    0x3F, 0x00, 0x00, 0x00, 0x60, 0x0F, 0x00, 0x38, 0x61, 0xC7, 0x8E, 0x3E, 0x70, 0xFF, 0x83, 0xFC,
    0x07, 0xE0, 0x1F, 0x01, 0xFC, 0x1F, 0xE1, 0xF7, 0x1F, 0xF8, 0xFF, 0xC7, 0xFC, 0x0C, 0x00, 0xE0,
    0x0F, 0x00, 0x7C, 0x03, 0xE0, 0x1E, 0x00, 0x00, 0x00, 0x00, 0x70, 0x00, 0xF0, 0x00, 0xF0, 0x20,
    0x70, 0x70, 0x70, 0x78, 0x70, 0x7C, 0x70, 0x3E, 0x70, 0x1F, 0x70, 0x0F, 0xF0, 0x07, 0xF0, 0x03,
    0xF8, 0x07, 0xF8, 0x7F, 0xFF, 0x7F, 0xFF, 0x7F, 0x3F, 0x1C, 0x00, 0x1C, 0x00, 0x3C, 0x00, 0x3E,
    0x00, 0x3E, 0x00, 0x3C, 0x00, 0x00, 0x00, 0x00, 0x60, 0x0F, 0x00, 0x38, 0x61, 0xC7, 0x8E, 0x3E,
    0x70, 0xFF, 0x83, 0xFC, 0x07, 0xE0, 0x1F, 0x01, 0xFC, 0x1F, 0xE1, 0xF7, 0x1F, 0xF8, 0xFF, 0xC7,
    0xFC, 0x00, 0x70, 0x00, 0xF0, 0x00, 0xF0, 0x20, 0x70, 0x70, 0x70, 0x78, 0x70, 0x7C, 0x70, 0x3E,
    0x70, 0x1F, 0x70, 0x0F, 0xF0, 0x07, 0xF0, 0x03, 0xF8, 0x07, 0xF8, 0x7F, 0xFF, 0x7F, 0xFF, 0x7F,
    0x3F, 0x00, 0x00, 0x00, 0x20, 0x00, 0x07, 0x00, 0x00, 0xF8, 0x00, 0x1F, 0xC0, 0x03, 0xFE, 0x00,
    0x70, 0x70, 0x0F, 0xF7, 0x81, 0xFF, 0x3C, 0x3F, 0xF7, 0xE7, 0xFC, 0xFF, 0x7F, 0xDF, 0xF3, 0xF9,
    0xFE, 0x1F, 0xFF, 0xC0, 0xFF, 0xF8, 0x07, 0x9F, 0x00, 0x39, 0xE0, 0x01, 0xFC, 0x00, 0x0F, 0x80,
    0x00, 0x70, 0x00, 0x00, 0x00,
};

static const EpdGlyph ubuntu_10_boldGlyphs[] = {
    { 0, 0, 0, 0, 0, 0, 0 }, // U+0000
    { 0, 0, 0, 0, 0, 0, 0 }, // U+0008
    { 0, 0, 80, 0, 0, 0, 0 }, // U+0009
    { 0, 0, 80, 0, 0, 0, 0 }, // U+000D
    { 0, 0, 0, 0, 0, 0, 0 }, // U+001D
    { 0, 0, 80, 0, 0, 0, 0 }, // U+0020
    { 4, 15, 95, 1, 15, 8, 0 }, // !
    { 8, 6, 155, 1, 16, 6, 8 }, // "
    { 13, 15, 233, 1, 15, 25, 14 }, // #
    { 11, 19, 189, 0, 16, 27, 39 }, // $
    { 19, 15, 306, 0, 15, 36, 66 }, // %
    { 15, 15, 235, 0, 15, 29, 102 }, // &
    { 4, 6, 82, 1, 16, 3, 131 }, // '
    { 7, 20, 119, 1, 16, 18, 134 }, // (
    { 6, 20, 119, 0, 16, 15, 152 }, // )
    { 10, 8, 167, 0, 15, 10, 167 }, // *
    { 10, 11, 189, 1, 12, 14, 177 }, // +
    { 5, 6, 82, 0, 3, 4, 191 }, // ,
    { 7, 3, 113, 0, 8, 3, 195 }, // -
    { 5, 4, 82, 0, 4, 3, 198 }, // .
    { 11, 20, 146, -1, 16, 28, 201 }, // /
    { 12, 15, 189, 0, 15, 23, 229 }, // 0
    { 8, 15, 189, 1, 15, 15, 252 }, // 1
    { 11, 15, 189, 0, 15, 21, 267 }, // 2
    { 11, 15, 189, 0, 15, 21, 288 }, // 3
    { 12, 15, 189, 0, 15, 23, 309 }, // 4
    { 11, 15, 189, 0, 15, 21, 332 }, // 5
    { 12, 15, 189, 0, 15, 23, 353 }, // 6
    { 12, 15, 189, 0, 15, 23, 376 }, // 7
    { 12, 15, 189, 0, 15, 23, 399 }, // 8
    { 12, 15, 189, 0, 15, 23, 422 }, // 9
    { 5, 11, 82, 0, 11, 7, 445 }, // :
    { 5, 14, 82, 0, 11, 9, 452 }, // ;
    { 10, 11, 189, 1, 12, 14, 461 }, // <
    { 10, 8, 189, 1, 10, 10, 475 }, // =
    { 10, 11, 189, 1, 12, 14, 485 }, // >
    { 10, 16, 152, 0, 16, 20, 499 }, // ?
    { 19, 18, 325, 1, 15, 43, 519 }, // @
    { 15, 15, 240, 0, 15, 29, 562 }, // A
    { 13, 15, 224, 1, 15, 25, 591 }, // B
    { 13, 15, 216, 1, 15, 25, 616 }, // C
    { 14, 15, 246, 1, 15, 27, 641 }, // D
    { 11, 15, 202, 1, 15, 21, 668 }, // E
    { 11, 15, 191, 1, 15, 21, 689 }, // F
    { 13, 15, 234, 1, 15, 25, 710 }, // G
    { 13, 15, 245, 1, 15, 25, 735 }, // H
    { 4, 15, 105, 1, 15, 8, 760 }, // I
    { 10, 15, 176, 0, 15, 19, 768 }, // J
    { 14, 15, 228, 1, 15, 27, 787 }, // K
    { 11, 15, 188, 1, 15, 21, 814 }, // L
    { 17, 15, 299, 1, 15, 32, 835 }, // M
    { 14, 15, 252, 1, 15, 27, 867 }, // N
    { 15, 15, 263, 1, 15, 29, 894 }, // O
    { 12, 15, 215, 1, 15, 23, 923 }, // P
    { 15, 18, 263, 1, 15, 34, 946 }, // Q
    { 13, 15, 222, 1, 15, 25, 980 }, // R
    { 12, 15, 194, 0, 15, 23, 1005 }, // S
    { 13, 15, 205, 0, 15, 25, 1028 }, // T
    { 13, 15, 236, 1, 15, 25, 1053 }, // U
    { 15, 15, 241, 0, 15, 29, 1078 }, // V
    { 20, 15, 316, 0, 15, 38, 1107 }, // W
    { 14, 15, 225, 0, 15, 27, 1145 }, // X
    { 14, 15, 220, 0, 15, 27, 1172 }, // Y
    { 13, 15, 203, 0, 15, 25, 1199 }, // Z
    { 7, 20, 124, 1, 16, 18, 1224 }, // [
    { 11, 20, 146, -1, 16, 28, 1242 }, // <backslash>
    { 6, 20, 124, 0, 16, 15, 1270 }, // ]
    { 12, 9, 189, 0, 15, 14, 1285 }, // ^
    { 11, 3, 167, 0, -1, 5, 1299 }, // _
    { 6, 5, 95, 0, 17, 4, 1304 }, // `
    { 11, 11, 184, 0, 11, 16, 1308 }, // a
    { 11, 16, 201, 1, 16, 22, 1324 }, // b
    { 10, 11, 167, 0, 11, 14, 1346 }, // c
    { 12, 16, 201, 0, 16, 24, 1360 }, // d
    { 12, 11, 195, 0, 11, 17, 1384 }, // e
    { 9, 16, 141, 1, 16, 18, 1401 }, // f
    { 11, 15, 198, 0, 11, 21, 1419 }, // g
    { 10, 16, 196, 1, 16, 20, 1440 }, // h
    { 4, 16, 96, 1, 16, 8, 1460 }, // i
    { 7, 20, 96, -2, 16, 18, 1468 }, // j
    { 11, 16, 193, 1, 16, 22, 1486 }, // k
    { 6, 16, 105, 1, 16, 12, 1508 }, // l
    { 16, 11, 287, 1, 11, 22, 1520 }, // m
    { 10, 11, 196, 1, 11, 14, 1542 }, // n
    { 12, 11, 202, 0, 11, 17, 1556 }, // o
    { 11, 15, 201, 1, 11, 21, 1573 }, // p
    { 12, 15, 201, 0, 11, 23, 1594 }, // q
    { 8, 11, 141, 1, 11, 11, 1617 }, // r
    { 10, 11, 162, 0, 11, 14, 1628 }, // s
    { 8, 14, 148, 1, 14, 14, 1642 }, // t
    { 10, 11, 196, 1, 11, 14, 1656 }, // u
    { 12, 11, 183, 0, 11, 17, 1670 }, // v
    { 17, 11, 261, 0, 11, 24, 1687 }, // w
    { 12, 11, 185, 0, 11, 17, 1711 }, // x
    { 12, 15, 182, 0, 11, 23, 1728 }, // y
    { 10, 11, 167, 0, 11, 14, 1751 }, // z
    { 8, 20, 124, 0, 16, 20, 1765 }, // {
    { 4, 20, 107, 1, 16, 10, 1785 }, // |
    { 8, 20, 124, 0, 16, 20, 1795 }, // }
    { 12, 5, 189, 0, 9, 8, 1815 }, // ~
    { 0, 0, 80, 0, 0, 0, 1823 }, // U+00A0
    { 4, 15, 95, 1, 11, 8, 1823 }, // U+00A1
    { 10, 16, 189, 0, 14, 20, 1831 }, // U+00A2
    { 11, 15, 189, 0, 15, 21, 1851 }, // U+00A3
    { 12, 11, 189, 0, 13, 17, 1872 }, // U+00A4
    { 14, 15, 189, -1, 15, 27, 1889 }, // U+00A5
    { 4, 20, 101, 1, 16, 10, 1916 }, // U+00A6
    { 11, 19, 172, 0, 15, 27, 1926 }, // U+00A7
    { 9, 3, 179, 1, 16, 4, 1953 }, // U+00A8
    { 15, 15, 265, 1, 15, 29, 1957 }, // U+00A9
    { 8, 8, 133, 0, 15, 8, 1986 }, // U+00AA
    { 12, 11, 199, 0, 11, 17, 1994 }, // U+00AB
    { 10, 8, 189, 1, 9, 10, 2011 }, // U+00AC
    { 7, 3, 113, 0, 8, 3, 2021 }, // U+00AD
    { 15, 15, 265, 1, 15, 29, 2024 }, // U+00AE
    { 8, 2, 125, 0, 15, 2, 2053 }, // U+00AF
    { 8, 6, 121, 0, 16, 6, 2055 }, // U+00B0
    { 10, 15, 189, 1, 15, 19, 2061 }, // U+00B1
    { 7, 9, 121, 0, 15, 8, 2080 }, // U+00B2
    { 7, 9, 121, 0, 15, 8, 2088 }, // U+00B3
    { 6, 5, 95, 0, 17, 4, 2096 }, // U+00B4
    { 10, 15, 198, 1, 11, 19, 2100 }, // U+00B5
    { 14, 19, 237, 0, 15, 34, 2119 }, // U+00B6
    { 5, 4, 82, 0, 9, 3, 2153 }, // U+00B7
    { 6, 6, 109, 0, 1, 5, 2156 }, // U+00B8
    { 6, 9, 121, 0, 15, 7, 2161 }, // U+00B9
    { 9, 8, 152, 0, 15, 9, 2168 }, // U+00BA
    { 13, 11, 199, 0, 11, 18, 2177 }, // U+00BB
    { 19, 15, 293, 0, 15, 36, 2195 }, // U+00BC
    { 18, 15, 293, 0, 15, 34, 2231 }, // U+00BD
    { 19, 15, 293, 0, 15, 36, 2265 }, // U+00BE
    { 10, 15, 152, 0, 11, 19, 2301 }, // U+00BF
    { 15, 21, 240, 0, 21, 40, 2320 }, // U+00C0
    { 15, 21, 240, 0, 21, 40, 2360 }, // U+00C1
    { 15, 21, 240, 0, 21, 40, 2400 }, // U+00C2
    { 15, 19, 240, 0, 19, 36, 2440 }, // U+00C3
    { 15, 19, 240, 0, 19, 36, 2476 }, // U+00C4
    { 15, 19, 240, 0, 19, 36, 2512 }, // U+00C5
    { 21, 15, 331, 0, 15, 40, 2548 }, // U+00C6
    { 13, 20, 216, 1, 15, 33, 2588 }, // U+00C7
    { 11, 21, 202, 1, 21, 29, 2621 }, // U+00C8
    { 11, 21, 202, 1, 21, 29, 2650 }, // U+00C9
    { 11, 21, 202, 1, 21, 29, 2679 }, // U+00CA
    { 11, 19, 202, 1, 19, 27, 2708 }, // U+00CB
    { 6, 21, 105, 0, 21, 16, 2735 }, // U+00CC
    { 5, 21, 105, 1, 21, 14, 2751 }, // U+00CD
    { 7, 21, 105, 0, 21, 19, 2765 }, // U+00CE
    { 9, 19, 105, -1, 19, 22, 2784 }, // U+00CF
    { 15, 15, 249, 0, 15, 29, 2806 }, // U+00D0
    { 14, 19, 252, 1, 19, 34, 2835 }, // U+00D1
    { 15, 21, 263, 1, 21, 40, 2869 }, // U+00D2
    { 15, 21, 263, 1, 21, 40, 2909 }, // U+00D3
    { 15, 21, 263, 1, 21, 40, 2949 }, // U+00D4
    { 15, 19, 263, 1, 19, 36, 2989 }, // U+00D5
    { 15, 19, 263, 1, 19, 36, 3025 }, // U+00D6
    { 10, 9, 189, 1, 11, 12, 3061 }, // U+00D7
    { 15, 17, 263, 1, 16, 32, 3073 }, // U+00D8
    { 13, 21, 236, 1, 21, 35, 3105 }, // U+00D9
    { 13, 21, 236, 1, 21, 35, 3140 }, // U+00DA
    { 13, 21, 236, 1, 21, 35, 3175 }, // U+00DB
    { 13, 19, 236, 1, 19, 31, 3210 }, // U+00DC
    { 14, 21, 220, 0, 21, 37, 3241 }, // U+00DD
    { 12, 15, 215, 1, 15, 23, 3278 }, // U+00DE
    { 13, 16, 220, 1, 16, 26, 3301 }, // U+00DF
    { 11, 17, 184, 0, 17, 24, 3327 }, // U+00E0
    { 11, 17, 184, 0, 17, 24, 3351 }, // U+00E1
    { 11, 17, 184, 0, 17, 24, 3375 }, // U+00E2
    { 11, 16, 184, 0, 16, 22, 3399 }, // U+00E3
    { 11, 16, 184, 0, 16, 22, 3421 }, // U+00E4
    { 11, 18, 184, 0, 18, 25, 3443 }, // U+00E5
    { 18, 11, 291, 0, 11, 25, 3468 }, // U+00E6
    { 10, 15, 167, 0, 11, 19, 3493 }, // U+00E7
    { 12, 17, 195, 0, 17, 26, 3512 }, // U+00E8
    { 12, 17, 195, 0, 17, 26, 3538 }, // U+00E9
    { 12, 17, 195, 0, 17, 26, 3564 }, // U+00EA
    { 12, 16, 195, 0, 16, 24, 3590 }, // U+00EB
    { 6, 17, 96, 0, 17, 13, 3614 }, // U+00EC
    { 6, 17, 96, 0, 17, 13, 3627 }, // U+00ED
    { 8, 17, 96, -1, 17, 17, 3640 }, // U+00EE
    { 9, 16, 96, -2, 16, 18, 3657 }, // U+00EF
    { 13, 16, 200, 0, 16, 26, 3675 }, // U+00F0
    { 10, 16, 196, 1, 16, 20, 3701 }, // U+00F1
    { 12, 17, 202, 0, 17, 26, 3721 }, // U+00F2
    { 12, 17, 202, 0, 17, 26, 3747 }, // U+00F3
    { 12, 17, 202, 0, 17, 26, 3773 }, // U+00F4
    { 12, 16, 202, 0, 16, 24, 3799 }, // U+00F5
    { 12, 16, 202, 0, 16, 24, 3823 }, // U+00F6
    { 10, 13, 189, 1, 13, 17, 3847 }, // U+00F7
    { 12, 13, 202, 0, 12, 20, 3864 }, // U+00F8
    { 10, 17, 196, 1, 17, 22, 3884 }, // U+00F9
    { 10, 17, 196, 1, 17, 22, 3906 }, // U+00FA
    { 10, 17, 196, 1, 17, 22, 3928 }, // U+00FB
    { 10, 16, 196, 1, 16, 20, 3950 }, // U+00FC
    { 12, 21, 182, 0, 17, 32, 3970 }, // U+00FD
    { 11, 20, 201, 1, 16, 28, 4002 }, // U+00FE
    { 12, 20, 182, 0, 16, 30, 4030 }, // U+00FF
    { 15, 18, 240, 0, 18, 34, 4060 }, // U+0100
    { 11, 15, 184, 0, 15, 21, 4094 }, // U+0101
    { 15, 19, 240, 0, 19, 36, 4115 }, // U+0102
    { 11, 16, 184, 0, 16, 22, 4151 }, // U+0103
    { 16, 20, 240, 0, 15, 40, 4173 }, // U+0104
    { 11, 15, 184, 0, 11, 21, 4213 }, // U+0105
    { 13, 21, 216, 1, 21, 35, 4234 }, // U+0106
    { 10, 17, 167, 0, 17, 22, 4269 }, // U+0107
    { 13, 21, 216, 1, 21, 35, 4291 }, // U+0108
    { 10, 17, 167, 0, 17, 22, 4326 }, // U+0109
    { 13, 19, 216, 1, 19, 31, 4348 }, // U+010A
    { 10, 16, 167, 0, 16, 20, 4379 }, // U+010B
    { 13, 21, 216, 1, 21, 35, 4399 }, // U+010C
    { 10, 17, 167, 0, 17, 22, 4434 }, // U+010D
    { 14, 21, 246, 1, 21, 37, 4456 }, // U+010E
    { 16, 16, 228, 0, 16, 32, 4493 }, // U+010F
    { 15, 15, 249, 0, 15, 29, 4525 }, // U+0110
    { 13, 16, 202, 0, 16, 26, 4554 }, // U+0111
    { 11, 18, 202, 1, 18, 25, 4580 }, // U+0112
    { 12, 15, 195, 0, 15, 23, 4605 }, // U+0113
    { 11, 19, 202, 1, 19, 27, 4628 }, // U+0114
    { 12, 16, 195, 0, 16, 24, 4655 }, // U+0115
    { 11, 19, 202, 1, 19, 27, 4679 }, // U+0116
    { 12, 16, 195, 0, 16, 24, 4706 }, // U+0117
    { 12, 20, 202, 1, 15, 30, 4730 }, // U+0118
    { 12, 15, 195, 0, 11, 23, 4760 }, // U+0119
    { 11, 21, 202, 1, 21, 29, 4783 }, // U+011A
    { 12, 17, 195, 0, 17, 26, 4812 }, // U+011B
    { 13, 21, 234, 1, 21, 35, 4838 }, // U+011C
    { 11, 21, 198, 0, 17, 29, 4873 }, // U+011D
    { 13, 19, 234, 1, 19, 31, 4902 }, // U+011E
    { 11, 20, 198, 0, 16, 28, 4933 }, // U+011F
    { 13, 19, 234, 1, 19, 31, 4961 }, // U+0120
    { 11, 20, 198, 0, 16, 28, 4992 }, // U+0121
    { 13, 20, 234, 1, 15, 33, 5020 }, // U+0122
    { 11, 21, 198, 0, 17, 29, 5053 }, // U+0123
    { 13, 21, 245, 1, 21, 35, 5082 }, // U+0124
    { 10, 20, 196, 1, 20, 25, 5117 }, // U+0125
    { 16, 15, 252, 0, 15, 30, 5142 }, // U+0126
    { 12, 16, 200, 0, 16, 24, 5172 }, // U+0127
    { 9, 19, 105, -1, 19, 22, 5196 }, // U+0128
    { 8, 16, 96, -1, 16, 16, 5218 }, // U+0129
    { 8, 18, 105, -1, 18, 18, 5234 }, // U+012A
    { 8, 15, 96, -1, 15, 15, 5252 }, // U+012B
    { 7, 19, 105, 0, 19, 17, 5267 }, // U+012C
    { 8, 16, 96, -1, 16, 16, 5284 }, // U+012D
    { 6, 20, 105, 0, 15, 15, 5300 }, // U+012E
    { 6, 21, 96, 0, 16, 16, 5315 }, // U+012F
    { 4, 19, 105, 1, 19, 10, 5331 }, // U+0130
    { 4, 11, 96, 1, 11, 6, 5341 }, // U+0131
    { 16, 15, 280, 1, 15, 30, 5347 }, // U+0132
    { 10, 20, 192, 1, 16, 25, 5377 }, // U+0133
    { 12, 21, 176, 0, 21, 32, 5402 }, // U+0134
    { 9, 21, 96, -2, 17, 24, 5434 }, // U+0135
    { 14, 20, 228, 1, 15, 35, 5458 }, // U+0136
    { 11, 21, 193, 1, 16, 29, 5493 }, // U+0137
    { 12, 11, 194, 1, 11, 17, 5522 }, // U+0138
    { 11, 21, 188, 1, 21, 29, 5539 }, // U+0139
    { 6, 21, 105, 1, 21, 16, 5568 }, // U+013A
    { 11, 20, 188, 1, 15, 28, 5584 }, // U+013B
    { 6, 21, 105, 1, 16, 16, 5612 }, // U+013C
    { 11, 15, 188, 1, 15, 21, 5628 }, // U+013D
    { 8, 16, 123, 1, 16, 16, 5649 }, // U+013E
    { 11, 15, 188, 1, 15, 21, 5665 }, // U+013F
    { 10, 16, 173, 1, 16, 20, 5686 }, // U+0140
    { 13, 15, 198, 0, 15, 25, 5706 }, // U+0141
    { 9, 16, 121, -1, 16, 18, 5731 }, // U+0142
    { 14, 21, 252, 1, 21, 37, 5749 }, // U+0143
    { 10, 17, 196, 1, 17, 22, 5786 }, // U+0144
    { 14, 20, 252, 1, 15, 35, 5808 }, // U+0145
    { 10, 16, 196, 1, 11, 20, 5843 }, // U+0146
    { 14, 21, 252, 1, 21, 37, 5863 }, // U+0147
    { 10, 17, 196, 1, 17, 22, 5900 }, // U+0148
    { 13, 16, 206, -1, 16, 26, 5922 }, // U+0149
    { 14, 19, 252, 1, 15, 34, 5948 }, // U+014A
    { 10, 15, 196, 1, 11, 19, 5982 }, // U+014B
    { 15, 18, 263, 1, 18, 34, 6001 }, // U+014C
    { 12, 15, 202, 0, 15, 23, 6035 }, // U+014D
    { 15, 19, 263, 1, 19, 36, 6058 }, // U+014E
    { 12, 16, 202, 0, 16, 24, 6094 }, // U+014F
    { 15, 21, 263, 1, 21, 40, 6118 }, // U+0150
    { 12, 17, 202, 0, 17, 26, 6158 }, // U+0151
    { 20, 15, 332, 1, 15, 38, 6184 }, // U+0152
    { 19, 11, 312, 0, 11, 27, 6222 }, // U+0153
    { 13, 21, 222, 1, 21, 35, 6249 }, // U+0154
    { 8, 17, 141, 1, 17, 17, 6284 }, // U+0155
    { 13, 20, 222, 1, 15, 33, 6301 }, // U+0156
    { 9, 16, 141, 0, 11, 18, 6334 }, // U+0157
    { 13, 20, 222, 1, 20, 33, 6352 }, // U+0158
    { 8, 17, 141, 1, 17, 17, 6385 }, // U+0159
    { 12, 21, 194, 0, 21, 32, 6402 }, // U+015A
    { 10, 17, 162, 0, 17, 22, 6434 }, // U+015B
    { 12, 21, 194, 0, 21, 32, 6456 }, // U+015C
    { 10, 17, 162, 0, 17, 22, 6488 }, // U+015D
    { 12, 20, 194, 0, 15, 30, 6510 }, // U+015E
    { 10, 16, 162, 0, 11, 20, 6540 }, // U+015F
    { 12, 21, 194, 0, 21, 32, 6560 }, // U+0160
    { 10, 17, 162, 0, 17, 22, 6592 }, // U+0161
    { 13, 19, 205, 0, 15, 31, 6614 }, // U+0162
    { 8, 18, 148, 1, 14, 18, 6645 }, // U+0163
    { 13, 21, 205, 0, 21, 35, 6663 }, // U+0164
    { 8, 16, 148, 1, 16, 16, 6698 }, // U+0165
    { 13, 15, 205, 0, 15, 25, 6714 }, // U+0166
    { 8, 14, 148, 1, 14, 14, 6739 }, // U+0167
    { 13, 19, 236, 1, 19, 31, 6753 }, // U+0168
    { 10, 16, 196, 1, 16, 20, 6784 }, // U+0169
    { 13, 18, 236, 1, 18, 30, 6804 }, // U+016A
    { 10, 15, 196, 1, 15, 19, 6834 }, // U+016B
    { 13, 19, 236, 1, 19, 31, 6853 }, // U+016C
    { 10, 16, 196, 1, 16, 20, 6884 }, // U+016D
    { 13, 21, 236, 1, 21, 35, 6904 }, // U+016E
    { 10, 18, 196, 1, 18, 23, 6939 }, // U+016F
    { 13, 21, 236, 1, 21, 35, 6962 }, // U+0170
    { 11, 17, 196, 1, 17, 24, 6997 }, // U+0171
    { 13, 19, 236, 1, 15, 31, 7021 }, // U+0172
    { 10, 15, 196, 1, 11, 19, 7052 }, // U+0173
    { 20, 21, 316, 0, 21, 53, 7071 }, // U+0174
    { 17, 17, 261, 0, 17, 37, 7124 }, // U+0175
    { 14, 21, 220, 0, 21, 37, 7161 }, // U+0176
    { 12, 21, 182, 0, 17, 32, 7198 }, // U+0177
    { 14, 19, 220, 0, 19, 34, 7230 }, // U+0178
    { 13, 21, 203, 0, 21, 35, 7264 }, // U+0179
    { 10, 17, 167, 0, 17, 22, 7299 }, // U+017A
    { 13, 19, 203, 0, 19, 31, 7321 }, // U+017B
    { 10, 16, 167, 0, 16, 20, 7352 }, // U+017C
    { 13, 21, 203, 0, 21, 35, 7372 }, // U+017D
    { 10, 17, 167, 0, 17, 22, 7407 }, // U+017E
    { 9, 16, 110, 1, 16, 18, 7429 }, // U+017F
    { 15, 17, 263, 1, 17, 32, 7447 }, // U+01A0
    { 13, 13, 202, 0, 13, 22, 7479 }, // U+01A1
    { 15, 17, 249, 1, 17, 32, 7501 }, // U+01AF
    { 13, 13, 209, 1, 13, 22, 7533 }, // U+01B0
    { 26, 20, 433, 1, 20, 65, 7555 }, // U+01C4
    { 24, 17, 405, 1, 17, 51, 7620 }, // U+01C5
    { 23, 17, 365, 0, 17, 49, 7671 }, // U+01C6
    { 21, 15, 363, 1, 15, 40, 7720 }, // U+01C7
    { 16, 20, 283, 1, 16, 40, 7760 }, // U+01C8
    { 11, 20, 201, 1, 16, 28, 7800 }, // U+01C9
    { 25, 15, 427, 1, 15, 47, 7828 }, // U+01CA
    { 20, 20, 348, 1, 16, 50, 7875 }, // U+01CB
    { 17, 20, 293, 1, 16, 43, 7925 }, // U+01CC
    { 15, 21, 240, 0, 21, 40, 7968 }, // U+01CD
    { 11, 17, 184, 0, 17, 24, 8008 }, // U+01CE
    { 7, 21, 105, 0, 21, 19, 8032 }, // U+01CF
    { 8, 17, 96, -1, 17, 17, 8051 }, // U+01D0
    { 15, 21, 263, 1, 21, 40, 8068 }, // U+01D1
    { 12, 17, 202, 0, 17, 26, 8108 }, // U+01D2
    { 13, 21, 236, 1, 21, 35, 8134 }, // U+01D3
    { 10, 17, 196, 1, 17, 22, 8169 }, // U+01D4
    { 13, 22, 236, 1, 22, 36, 8191 }, // U+01D5
    { 10, 18, 196, 1, 18, 23, 8227 }, // U+01D6
    { 13, 22, 236, 1, 22, 36, 8250 }, // U+01D7
    { 10, 19, 196, 1, 19, 24, 8286 }, // U+01D8
    { 13, 21, 236, 1, 21, 35, 8310 }, // U+01D9
    { 10, 19, 196, 1, 19, 24, 8345 }, // U+01DA
    { 13, 22, 236, 1, 22, 36, 8369 }, // U+01DB
    { 10, 19, 196, 1, 19, 24, 8405 }, // U+01DC
    { 12, 11, 195, 0, 11, 17, 8429 }, // U+01DD
    { 15, 22, 240, 0, 22, 42, 8446 }, // U+01DE
    { 11, 18, 184, 0, 18, 25, 8488 }, // U+01DF
    { 15, 22, 240, 0, 22, 42, 8513 }, // U+01E0
    { 11, 18, 184, 0, 18, 25, 8555 }, // U+01E1
    { 21, 18, 331, 0, 18, 48, 8580 }, // U+01E2
    { 18, 15, 291, 0, 15, 34, 8628 }, // U+01E3
    { 15, 15, 243, 1, 15, 29, 8662 }, // U+01E4
    { 13, 15, 201, 0, 11, 25, 8691 }, // U+01E5
    { 13, 21, 234, 1, 21, 35, 8716 }, // U+01E6
    { 11, 21, 198, 0, 17, 29, 8751 }, // U+01E7
    { 14, 21, 228, 1, 21, 37, 8780 }, // U+01E8
    { 11, 20, 193, 1, 20, 28, 8817 }, // U+01E9
    { 15, 19, 263, 1, 15, 36, 8845 }, // U+01EA
    { 12, 15, 202, 0, 11, 23, 8881 }, // U+01EB
    { 15, 22, 263, 1, 18, 42, 8904 }, // U+01EC
    { 12, 19, 202, 0, 15, 29, 8946 }, // U+01ED
    { 12, 21, 205, 0, 21, 32, 8975 }, // U+01EE
    { 10, 22, 172, 0, 18, 28, 9007 }, // U+01EF
    { 9, 21, 96, -2, 17, 24, 9035 }, // U+01F0
    { 26, 15, 433, 1, 15, 49, 9059 }, // U+01F1
    { 24, 15, 405, 1, 15, 45, 9108 }, // U+01F2
    { 23, 16, 365, 0, 16, 46, 9153 }, // U+01F3
    { 13, 21, 234, 1, 21, 35, 9199 }, // U+01F4
    { 11, 21, 198, 0, 17, 29, 9234 }, // U+01F5
    { 21, 15, 354, 1, 15, 40, 9263 }, // U+01F6
    { 13, 19, 224, 1, 15, 31, 9303 }, // U+01F7
    { 14, 21, 252, 1, 21, 37, 9334 }, // U+01F8
    { 10, 17, 196, 1, 17, 22, 9371 }, // U+01F9
    { 15, 22, 240, 0, 22, 42, 9393 }, // U+01FA
    { 11, 20, 184, 0, 20, 28, 9435 }, // U+01FB
    { 21, 21, 331, 0, 21, 56, 9463 }, // U+01FC
    { 18, 17, 291, 0, 17, 39, 9519 }, // U+01FD
    { 15, 21, 263, 1, 20, 40, 9558 }, // U+01FE
    { 12, 18, 202, 0, 17, 27, 9598 }, // U+01FF
    { 15, 21, 240, 0, 21, 40, 9625 }, // U+0200
    { 11, 17, 184, 0, 17, 24, 9665 }, // U+0201
    { 15, 19, 240, 0, 19, 36, 9689 }, // U+0202
    { 11, 15, 184, 0, 15, 21, 9725 }, // U+0203
    { 11, 21, 202, 1, 21, 29, 9746 }, // U+0204
    { 12, 17, 195, 0, 17, 26, 9775 }, // U+0205
    { 11, 19, 202, 1, 19, 27, 9801 }, // U+0206
    { 12, 15, 195, 0, 15, 23, 9828 }, // U+0207
    { 10, 21, 105, -2, 21, 27, 9851 }, // U+0208
    { 9, 17, 96, -2, 17, 20, 9878 }, // U+0209
    { 8, 19, 105, -1, 19, 19, 9898 }, // U+020A
    { 8, 15, 96, -1, 15, 15, 9917 }, // U+020B
    { 15, 21, 263, 1, 21, 40, 9932 }, // U+020C
    { 12, 17, 202, 0, 17, 26, 9972 }, // U+020D
    { 15, 19, 263, 1, 19, 36, 9998 }, // U+020E
    { 12, 15, 202, 0, 15, 23, 10034 }, // U+020F
    { 13, 20, 222, 1, 20, 33, 10057 }, // U+0210
    { 9, 17, 141, 0, 17, 20, 10090 }, // U+0211
    { 13, 19, 222, 1, 19, 31, 10110 }, // U+0212
    { 8, 15, 141, 1, 15, 15, 10141 }, // U+0213
    { 13, 21, 236, 1, 21, 35, 10156 }, // U+0214
    { 10, 17, 196, 1, 17, 22, 10191 }, // U+0215
    { 13, 19, 236, 1, 19, 31, 10213 }, // U+0216
    { 10, 15, 196, 1, 15, 19, 10244 }, // U+0217
    { 12, 20, 194, 0, 15, 30, 10263 }, // U+0218
    { 10, 16, 162, 0, 11, 20, 10293 }, // U+0219
    { 13, 20, 205, 0, 15, 33, 10313 }, // U+021A
    { 8, 19, 148, 1, 14, 19, 10346 }, // U+021B
    { 11, 19, 189, 0, 15, 27, 10365 }, // U+021C
    { 10, 15, 159, 0, 11, 19, 10392 }, // U+021D
    { 13, 21, 245, 1, 21, 35, 10411 }, // U+021E
    { 10, 20, 196, 1, 20, 25, 10446 }, // U+021F
    { 11, 13, 200, 1, 12, 18, 10471 }, // U+0250
    { 14, 13, 212, 0, 12, 23, 10489 }, // U+0251
    { 13, 13, 212, 0, 12, 22, 10512 }, // U+0252
    { 12, 17, 212, 1, 16, 26, 10534 }, // U+0253
    { 10, 13, 171, 0, 12, 17, 10560 }, // U+0254
    { 11, 14, 185, 0, 12, 20, 10577 }, // U+0255
    { 14, 21, 212, 0, 16, 37, 10597 }, // U+0256
    { 14, 17, 212, 0, 16, 30, 10634 }, // U+0257
    { 12, 13, 199, 0, 12, 20, 10664 }, // U+0258
    { 12, 13, 199, 0, 12, 20, 10684 }, // U+0259
    { 18, 13, 279, 0, 12, 30, 10704 }, // U+025A
    { 11, 13, 185, 0, 12, 18, 10734 }, // U+025B
    { 11, 13, 185, 0, 12, 18, 10752 }, // U+025C
    { 17, 13, 263, 0, 12, 28, 10770 }, // U+025D
    { 13, 13, 210, 0, 12, 22, 10798 }, // U+025E
    { 9, 17, 103, -2, 12, 20, 10820 }, // U+025F
    { 14, 21, 212, 0, 16, 37, 10840 }, // U+0260
    { 12, 17, 211, 0, 12, 26, 10877 }, // U+0261
    { 11, 13, 205, 1, 12, 18, 10903 }, // U+0262
    { 12, 17, 190, 0, 12, 26, 10921 }, // U+0263
    { 13, 13, 187, -1, 12, 22, 10947 }, // U+0264
    { 11, 17, 217, 1, 12, 24, 10969 }, // U+0265
    { 12, 16, 217, 1, 16, 24, 10993 }, // U+0266
    { 12, 21, 219, 1, 16, 32, 11017 }, // U+0267
    { 7, 16, 100, 0, 16, 14, 11049 }, // U+0268
    { 7, 13, 134, 1, 12, 12, 11063 }, // U+0269
    { 7, 12, 116, 0, 12, 11, 11075 }, // U+026A
    { 10, 16, 145, 0, 16, 20, 11086 }, // U+026B
    { 10, 16, 135, -1, 16, 20, 11106 }, // U+026C
    { 7, 21, 103, 1, 16, 19, 11126 }, // U+026D
    { 15, 21, 253, 1, 16, 40, 11145 }, // U+026E
    { 18, 13, 325, 1, 12, 30, 11185 }, // U+026F
    { 18, 17, 327, 1, 12, 39, 11215 }, // U+0270
    { 18, 17, 327, 1, 12, 39, 11254 }, // U+0271
    { 14, 17, 220, -1, 12, 30, 11293 }, // U+0272
    { 14, 17, 220, 1, 12, 30, 11323 }, // U+0273
    { 12, 12, 231, 1, 12, 18, 11353 }, // U+0274
    { 12, 13, 208, 0, 12, 20, 11371 }, // U+0275
    { 17, 13, 292, 0, 12, 28, 11391 }, // U+0276
    { 17, 13, 275, 0, 12, 28, 11419 }, // U+0277
    { 16, 21, 270, 0, 16, 42, 11447 }, // U+0278
    { 8, 13, 149, 0, 12, 13, 11489 }, // U+0279
    { 8, 17, 149, 0, 16, 17, 11502 }, // U+027A
    { 11, 17, 152, 0, 12, 24, 11519 }, // U+027B
    { 9, 17, 149, 1, 12, 20, 11543 }, // U+027C
    { 9, 17, 152, 1, 12, 20, 11563 }, // U+027D
    { 7, 12, 132, 1, 12, 11, 11583 }, // U+027E
    { 7, 17, 132, 0, 12, 15, 11594 }, // U+027F
    { 11, 12, 187, 1, 12, 17, 11609 }, // U+0280
    { 11, 12, 204, 1, 12, 17, 11626 }, // U+0281
    { 10, 17, 166, 0, 12, 22, 11643 }, // U+0282
    { 8, 21, 103, -1, 16, 21, 11665 }, // U+0283
    { 8, 21, 103, -1, 16, 21, 11686 }, // U+0284
    { 8, 17, 103, -1, 12, 17, 11707 }, // U+0285
    { 10, 21, 103, -3, 16, 27, 11724 }, // U+0286
    { 9, 15, 145, 0, 12, 17, 11751 }, // U+0287
    { 9, 19, 144, 0, 14, 22, 11768 }, // U+0288
    { 14, 13, 217, 0, 12, 23, 11790 }, // U+0289
    { 13, 13, 218, 0, 12, 22, 11813 }, // U+028A
    { 12, 13, 220, 1, 12, 20, 11835 }, // U+028B
    { 12, 12, 190, 0, 12, 18, 11855 }, // U+028C
    { 18, 12, 287, 0, 12, 27, 11873 }, // U+028D
    { 12, 17, 190, 0, 17, 26, 11900 }, // U+028E
    { 12, 12, 180, 0, 12, 18, 11926 }, // U+028F
    { 12, 17, 163, 0, 12, 26, 11944 }, // U+0290
    { 12, 14, 192, 0, 12, 21, 11970 }, // U+0291
    { 10, 15, 172, 0, 11, 19, 11991 }, // U+0292
    { 12, 17, 194, 0, 12, 26, 12010 }, // U+0293
    { 10, 16, 159, 0, 16, 20, 12036 }, // U+0294
    { 10, 16, 159, 0, 16, 20, 12056 }, // U+0295
    { 10, 17, 159, 0, 16, 22, 12076 }, // U+0296
    { 11, 17, 169, 0, 12, 24, 12098 }, // U+0297
    { 15, 17, 264, 1, 16, 32, 12122 }, // U+0298
    { 10, 12, 189, 1, 12, 15, 12154 }, // U+0299
    { 13, 13, 211, 0, 12, 22, 12169 }, // U+029A
    { 13, 17, 199, 0, 16, 28, 12191 }, // U+029B
    { 11, 12, 215, 1, 12, 17, 12219 }, // U+029C
    { 9, 21, 102, -2, 16, 24, 12236 }, // U+029D
    { 12, 17, 207, 0, 12, 26, 12260 }, // U+029E
    { 9, 12, 158, 1, 12, 14, 12286 }, // U+029F
    { 14, 21, 212, 0, 16, 37, 12300 }, // U+02A0
    { 10, 16, 159, 0, 16, 20, 12337 }, // U+02A1
    { 10, 16, 159, 0, 16, 20, 12357 }, // U+02A2
    { 21, 17, 338, 0, 16, 45, 12377 }, // U+02A3
    { 22, 21, 356, 0, 16, 58, 12422 }, // U+02A4
    { 23, 18, 364, 0, 16, 52, 12480 }, // U+02A5
    { 17, 14, 271, 0, 14, 30, 12532 }, // U+02A6
    { 14, 21, 209, 0, 16, 37, 12562 }, // U+02A7
    { 19, 15, 308, 0, 14, 36, 12599 }, // U+02A8
    { 19, 21, 320, 0, 16, 50, 12635 }, // U+02A9
    { 14, 17, 241, 1, 16, 30, 12685 }, // U+02AA
    { 13, 16, 227, 1, 16, 26, 12715 }, // U+02AB
    { 13, 15, 179, -1, 15, 25, 12741 }, // U+02AC
    { 10, 15, 202, 1, 15, 19, 12766 }, // U+02AD
    { 14, 17, 219, -1, 12, 30, 12785 }, // U+02AE
    { 16, 17, 219, -1, 12, 34, 12815 }, // U+02AF
    { 3, 7, 60, 0, 17, 3, 12849 }, // U+02C8
    { 8, 2, 125, 0, 15, 2, 12852 }, // U+02C9
    { 7, 4, 122, 0, 16, 4, 12854 }, // U+02CA
    { 7, 4, 122, 0, 16, 4, 12858 }, // U+02CB
    { 3, 7, 60, 0, 2, 3, 12862 }, // U+02CC
    { 8, 3, 137, 0, -1, 3, 12865 }, // U+02CD
    { 7, 4, 122, 0, -1, 4, 12868 }, // U+02CE
    { 7, 4, 122, 0, -1, 4, 12872 }, // U+02CF
    { 4, 12, 95, 1, 12, 6, 12876 }, // U+02D0
    { 8, 4, 0, -12, 17, 4, 12882 }, // U+0300
    { 7, 4, 0, -8, 17, 4, 12886 }, // U+0301
    { 9, 4, 0, -5, 17, 5, 12890 }, // U+0302
    { 9, 4, 0, -12, 17, 5, 12895 }, // U+0303
    { 8, 3, 0, -4, 16, 3, 12900 }, // U+0304
    { 8, 4, 0, -4, 17, 4, 12903 }, // U+0306
    { 4, 3, 0, -2, 16, 2, 12907 }, // U+0307
    { 8, 3, 0, -4, 16, 3, 12909 }, // U+0308
    { 5, 6, 0, -9, 18, 4, 12912 }, // U+0309
    { 6, 6, 0, -3, 18, 5, 12916 }, // U+030A
    { 11, 3, 0, -4, 16, 5, 12921 }, // U+030B
    { 10, 4, 0, -5, 17, 5, 12926 }, // U+030C
    { 8, 3, 130, 0, 15, 3, 12931 }, // U+0311
    { 5, 6, 0, -2, 15, 4, 12934 }, // U+0312
    { 6, 5, 0, -2, 16, 4, 12938 }, // U+031B
    { 4, 4, 0, -9, -1, 2, 12942 }, // U+0323
    { 4, 3, 0, -2, -2, 2, 12944 }, // U+0326
    { 6, 5, 0, -3, 0, 4, 12946 }, // U+0327
    { 6, 6, 0, -3, 1, 5, 12950 }, // U+0328
    { 0, 0, 0, 0, 0, 0, 12955 }, // U+034F
    { 11, 16, 205, 1, 16, 22, 12955 }, // U+03B8
    { 11, 21, 202, 1, 21, 29, 12977 }, // U+0400
    { 11, 20, 202, 1, 20, 28, 13006 }, // U+0401
    { 17, 15, 271, 0, 15, 32, 13034 }, // U+0402
    { 11, 21, 198, 1, 21, 29, 13066 }, // U+0403
    { 13, 15, 229, 1, 15, 25, 13095 }, // U+0404
    { 12, 15, 194, 0, 15, 23, 13120 }, // U+0405
    { 4, 15, 105, 1, 15, 8, 13143 }, // U+0406
    { 9, 19, 105, -1, 19, 22, 13151 }, // U+0407
    { 10, 15, 176, 0, 15, 19, 13173 }, // U+0408
    { 23, 15, 377, 0, 15, 44, 13192 }, // U+0409
    { 21, 15, 358, 1, 15, 40, 13236 }, // U+040A
    { 16, 15, 257, 0, 15, 30, 13276 }, // U+040B
    { 14, 21, 228, 1, 21, 37, 13306 }, // U+040C
    { 14, 21, 252, 1, 21, 37, 13343 }, // U+040D
    { 14, 20, 217, 0, 20, 35, 13380 }, // U+040E
    { 13, 19, 243, 1, 15, 31, 13415 }, // U+040F
    { 15, 15, 240, 0, 15, 29, 13446 }, // U+0410
    { 12, 15, 217, 1, 15, 23, 13475 }, // U+0411
    { 13, 15, 224, 1, 15, 25, 13498 }, // U+0412
    { 11, 15, 198, 1, 15, 21, 13523 }, // U+0413
    { 17, 19, 274, 0, 15, 41, 13544 }, // U+0414
    { 11, 15, 202, 1, 15, 21, 13585 }, // U+0415
    { 21, 15, 328, 0, 15, 40, 13606 }, // U+0416
    { 12, 15, 203, 0, 15, 23, 13646 }, // U+0417
    { 14, 15, 252, 1, 15, 27, 13669 }, // U+0418
    { 14, 20, 252, 1, 20, 35, 13696 }, // U+0419
    { 14, 15, 228, 1, 15, 27, 13731 }, // U+041A
    { 15, 15, 263, 0, 15, 29, 13758 }, // U+041B
    { 17, 15, 299, 1, 15, 32, 13787 }, // U+041C
    { 13, 15, 245, 1, 15, 25, 13819 }, // U+041D
    { 15, 15, 263, 1, 15, 29, 13844 }, // U+041E
    { 13, 15, 243, 1, 15, 25, 13873 }, // U+041F
    { 12, 15, 215, 1, 15, 23, 13898 }, // U+0420
    { 13, 15, 216, 1, 15, 25, 13921 }, // U+0421
    { 13, 15, 205, 0, 15, 25, 13946 }, // U+0422
    { 14, 15, 217, 0, 15, 27, 13971 }, // U+0423
    { 18, 16, 290, 0, 16, 36, 13998 }, // U+0424
    { 14, 15, 225, 0, 15, 27, 14034 }, // U+0425
    { 16, 19, 263, 1, 15, 38, 14061 }, // U+0426
    { 13, 15, 227, 0, 15, 25, 14099 }, // U+0427
    { 19, 15, 340, 1, 15, 36, 14124 }, // U+0428
    { 22, 19, 360, 1, 15, 53, 14160 }, // U+0429
    { 16, 15, 258, 0, 15, 30, 14213 }, // U+042A
    { 17, 15, 309, 1, 15, 32, 14243 }, // U+042B
    { 12, 15, 220, 1, 15, 23, 14275 }, // U+042C
    { 14, 15, 227, 0, 15, 27, 14298 }, // U+042D
    { 21, 15, 360, 1, 15, 40, 14325 }, // U+042E
    { 13, 15, 230, 0, 15, 25, 14365 }, // U+042F
    { 11, 11, 184, 0, 11, 16, 14390 }, // U+0430
    { 12, 16, 200, 0, 16, 24, 14406 }, // U+0431
    { 11, 11, 199, 1, 11, 16, 14430 }, // U+0432
    { 9, 11, 151, 1, 11, 13, 14446 }, // U+0433
    { 14, 14, 226, 0, 11, 25, 14459 }, // U+0434
    { 12, 11, 195, 0, 11, 17, 14484 }, // U+0435
    { 18, 11, 283, 0, 11, 25, 14501 }, // U+0436
    { 10, 11, 165, 0, 11, 14, 14526 }, // U+0437
    { 11, 11, 206, 1, 11, 16, 14540 }, // U+0438
    { 11, 17, 206, 1, 17, 24, 14556 }, // U+0439
    { 12, 11, 195, 1, 11, 17, 14580 }, // U+043A
    { 12, 11, 209, 0, 11, 17, 14597 }, // U+043B
    { 14, 11, 254, 1, 11, 20, 14614 }, // U+043C
    { 10, 11, 198, 1, 11, 14, 14634 }, // U+043D
    { 12, 11, 202, 0, 11, 17, 14648 }, // U+043E
    { 10, 11, 198, 1, 11, 14, 14665 }, // U+043F
    { 11, 15, 201, 1, 11, 21, 14679 }, // U+0440
    { 10, 11, 167, 0, 11, 14, 14700 }, // U+0441
    { 11, 11, 175, 0, 11, 16, 14714 }, // U+0442
    { 12, 15, 182, 0, 11, 23, 14730 }, // U+0443
    { 16, 20, 265, 0, 16, 40, 14753 }, // U+0444
    { 12, 11, 185, 0, 11, 17, 14793 }, // U+0445
    { 12, 14, 211, 1, 11, 21, 14810 }, // U+0446
    { 11, 11, 189, 0, 11, 16, 14831 }, // U+0447
    { 16, 11, 287, 1, 11, 22, 14847 }, // U+0448
    { 18, 14, 300, 1, 11, 32, 14869 }, // U+0449
    { 13, 11, 213, 0, 11, 18, 14901 }, // U+044A
    { 15, 11, 275, 1, 11, 21, 14919 }, // U+044B
    { 11, 11, 188, 1, 11, 16, 14940 }, // U+044C
    { 11, 11, 174, 0, 11, 16, 14956 }, // U+044D
    { 17, 11, 291, 1, 11, 24, 14972 }, // U+044E
    { 11, 11, 195, 0, 11, 16, 14996 }, // U+044F
    { 12, 17, 195, 0, 17, 26, 15012 }, // U+0450
    { 12, 16, 195, 0, 16, 24, 15038 }, // U+0451
    { 12, 20, 200, 0, 16, 30, 15062 }, // U+0452
    { 9, 17, 151, 1, 17, 20, 15092 }, // U+0453
    { 11, 11, 174, 0, 11, 16, 15112 }, // U+0454
    { 10, 11, 162, 0, 11, 14, 15128 }, // U+0455
    { 4, 16, 96, 1, 16, 8, 15142 }, // U+0456
    { 9, 16, 96, -2, 16, 18, 15150 }, // U+0457
    { 7, 20, 96, -2, 16, 18, 15168 }, // U+0458
    { 19, 11, 301, 0, 11, 27, 15186 }, // U+0459
    { 17, 11, 289, 1, 11, 24, 15213 }, // U+045A
    { 12, 16, 200, 0, 16, 24, 15237 }, // U+045B
    { 12, 17, 195, 1, 17, 26, 15261 }, // U+045C
    { 11, 17, 206, 1, 17, 24, 15287 }, // U+045D
    { 12, 21, 182, 0, 17, 32, 15311 }, // U+045E
    { 10, 14, 198, 1, 11, 18, 15343 }, // U+045F
    { 15, 16, 249, 0, 16, 30, 15361 }, // U+0462
    { 13, 16, 212, 0, 16, 26, 15391 }, // U+0463
    { 15, 15, 263, 1, 15, 29, 15417 }, // U+0472
    { 12, 11, 202, 0, 11, 17, 15446 }, // U+0473
    { 18, 15, 264, 0, 15, 34, 15463 }, // U+0474
    { 13, 11, 199, 0, 11, 18, 15497 }, // U+0475
    { 16, 23, 276, 1, 19, 46, 15515 }, // U+048A
    { 13, 19, 210, 1, 16, 31, 15561 }, // U+048B
    { 13, 15, 220, 0, 15, 25, 15592 }, // U+048C
    { 12, 11, 189, 0, 11, 17, 15617 }, // U+048D
    { 12, 15, 218, 1, 15, 23, 15634 }, // U+048E
    { 11, 15, 205, 1, 11, 21, 15657 }, // U+048F
    { 11, 18, 191, 1, 18, 25, 15678 }, // U+0490
    { 9, 14, 154, 1, 14, 16, 15703 }, // U+0491
    { 12, 15, 211, 1, 15, 23, 15719 }, // U+0492
    { 10, 11, 175, 1, 11, 14, 15742 }, // U+0493
    { 13, 19, 225, 1, 15, 31, 15756 }, // U+0494
    { 11, 15, 190, 1, 11, 21, 15787 }, // U+0495
    { 22, 19, 341, 0, 15, 53, 15808 }, // U+0496
    { 18, 14, 291, 0, 11, 32, 15861 }, // U+0497
    { 12, 20, 203, 0, 15, 30, 15893 }, // U+0498
    { 10, 16, 165, 0, 11, 20, 15923 }, // U+0499
    { 15, 19, 246, 1, 15, 36, 15943 }, // U+049A
    { 12, 14, 202, 1, 11, 21, 15979 }, // U+049B
    { 16, 15, 261, 1, 15, 30, 16000 }, // U+049C
    { 14, 11, 227, 1, 11, 20, 16030 }, // U+049D
    { 15, 16, 236, 0, 16, 30, 16050 }, // U+049E
    { 13, 12, 202, 0, 12, 20, 16080 }, // U+049F
    { 17, 15, 266, 0, 15, 32, 16100 }, // U+04A0
    { 14, 11, 219, 0, 11, 20, 16132 }, // U+04A1
    { 16, 19, 269, 1, 15, 38, 16152 }, // U+04A2
    { 12, 14, 212, 1, 11, 21, 16190 }, // U+04A3
    { 17, 15, 279, 1, 15, 32, 16211 }, // U+04A4
    { 13, 11, 218, 1, 11, 18, 16243 }, // U+04A5
    { 22, 19, 370, 1, 15, 53, 16261 }, // U+04A6
    { 17, 15, 291, 1, 11, 32, 16314 }, // U+04A7
    { 16, 19, 267, 1, 15, 38, 16346 }, // U+04A8
    { 13, 14, 211, 0, 11, 23, 16384 }, // U+04A9
    { 13, 20, 216, 1, 15, 33, 16407 }, // U+04AA
    { 10, 15, 167, 0, 11, 19, 16440 }, // U+04AB
    { 13, 19, 205, 0, 15, 31, 16459 }, // U+04AC
    { 11, 14, 168, 0, 11, 20, 16490 }, // U+04AD
    { 14, 15, 220, 0, 15, 27, 16510 }, // U+04AE
    { 12, 15, 183, 0, 11, 23, 16537 }, // U+04AF
    { 14, 15, 220, 0, 15, 27, 16560 }, // U+04B0
    { 12, 15, 183, 0, 11, 23, 16587 }, // U+04B1
    { 15, 19, 239, 0, 15, 36, 16610 }, // U+04B2
    { 12, 14, 196, 0, 11, 21, 16646 }, // U+04B3
    { 20, 19, 313, 0, 15, 48, 16667 }, // U+04B4
    { 15, 14, 232, 0, 11, 27, 16715 }, // U+04B5
    { 14, 19, 241, 1, 15, 34, 16742 }, // U+04B6
    { 13, 14, 196, 0, 11, 23, 16776 }, // U+04B7
    { 12, 15, 227, 1, 15, 23, 16799 }, // U+04B8
    { 11, 11, 187, 0, 11, 16, 16822 }, // U+04B9
    { 13, 15, 233, 1, 15, 25, 16838 }, // U+04BA
    { 10, 16, 196, 1, 16, 20, 16863 }, // U+04BB
    { 18, 15, 293, 0, 15, 34, 16883 }, // U+04BC
    { 14, 11, 236, 0, 11, 20, 16917 }, // U+04BD
    { 18, 19, 293, 0, 15, 43, 16937 }, // U+04BE
    { 14, 14, 236, 0, 11, 25, 16980 }, // U+04BF
    { 4, 15, 105, 1, 15, 8, 17005 }, // U+04C0
    { 21, 20, 328, 0, 20, 53, 17013 }, // U+04C1
    { 18, 17, 283, 0, 17, 39, 17066 }, // U+04C2
    { 13, 19, 234, 1, 15, 31, 17105 }, // U+04C3
    { 11, 15, 191, 1, 11, 21, 17136 }, // U+04C4
    { 18, 19, 277, 0, 15, 43, 17157 }, // U+04C5
    { 14, 14, 225, 0, 11, 25, 17200 }, // U+04C6
    { 13, 19, 245, 1, 15, 31, 17225 }, // U+04C7
    { 11, 15, 200, 1, 11, 21, 17256 }, // U+04C8
    { 16, 19, 262, 1, 15, 38, 17277 }, // U+04C9
    { 12, 14, 209, 1, 11, 21, 17315 }, // U+04CA
    { 13, 19, 227, 0, 15, 31, 17336 }, // U+04CB
    { 11, 14, 189, 0, 11, 20, 17367 }, // U+04CC
    { 19, 19, 317, 1, 15, 46, 17387 }, // U+04CD
    { 16, 14, 265, 1, 11, 28, 17433 }, // U+04CE
    { 4, 15, 96, 1, 15, 8, 17461 }, // U+04CF
    { 15, 20, 240, 0, 20, 38, 17469 }, // U+04D0
    { 11, 17, 184, 0, 17, 24, 17507 }, // U+04D1
    { 15, 19, 240, 0, 19, 36, 17531 }, // U+04D2
    { 11, 16, 184, 0, 16, 22, 17567 }, // U+04D3
    { 21, 15, 331, 0, 15, 40, 17589 }, // U+04D4
    { 18, 11, 291, 0, 11, 25, 17629 }, // U+04D5
    { 11, 20, 202, 1, 20, 28, 17654 }, // U+04D6
    { 12, 17, 195, 0, 17, 26, 17682 }, // U+04D7
    { 14, 15, 243, 1, 15, 27, 17708 }, // U+04D8
    { 12, 11, 195, 0, 11, 17, 17735 }, // U+04D9
    { 14, 19, 243, 1, 19, 34, 17752 }, // U+04DA
    { 12, 16, 195, 0, 16, 24, 17786 }, // U+04DB
    { 21, 19, 328, 0, 19, 50, 17810 }, // U+04DC
    { 18, 16, 283, 0, 16, 36, 17860 }, // U+04DD
    { 12, 20, 203, 0, 20, 30, 17896 }, // U+04DE
    { 10, 16, 165, 0, 16, 20, 17926 }, // U+04DF
    { 12, 15, 205, 0, 15, 23, 17946 }, // U+04E0
    { 10, 15, 172, 0, 11, 19, 17969 }, // U+04E1
    { 14, 18, 252, 1, 18, 32, 17988 }, // U+04E2
    { 11, 15, 206, 1, 15, 21, 18020 }, // U+04E3
    { 14, 19, 252, 1, 19, 34, 18041 }, // U+04E4
    { 11, 16, 206, 1, 16, 22, 18075 }, // U+04E5
    { 15, 19, 263, 1, 19, 36, 18097 }, // U+04E6
    { 12, 16, 202, 0, 16, 24, 18133 }, // U+04E7
    { 15, 15, 263, 1, 15, 29, 18157 }, // U+04E8
    { 12, 11, 202, 0, 11, 17, 18186 }, // U+04E9
    { 15, 19, 263, 1, 19, 36, 18203 }, // U+04EA
    { 12, 16, 202, 0, 16, 24, 18239 }, // U+04EB
    { 14, 19, 227, 0, 19, 34, 18263 }, // U+04EC
    { 11, 16, 174, 0, 16, 22, 18297 }, // U+04ED
    { 14, 18, 217, 0, 18, 32, 18319 }, // U+04EE
    { 12, 19, 182, 0, 15, 29, 18351 }, // U+04EF
    { 14, 19, 217, 0, 19, 34, 18380 }, // U+04F0
    { 12, 20, 182, 0, 16, 30, 18414 }, // U+04F1
    { 14, 21, 217, 0, 21, 37, 18444 }, // U+04F2
    { 12, 21, 182, 0, 17, 32, 18481 }, // U+04F3
    { 13, 19, 227, 0, 19, 31, 18513 }, // U+04F4
    { 11, 16, 189, 0, 16, 22, 18544 }, // U+04F5
    { 11, 19, 198, 1, 15, 27, 18566 }, // U+04F6
    { 9, 14, 151, 1, 11, 16, 18593 }, // U+04F7
    { 17, 19, 309, 1, 19, 41, 18609 }, // U+04F8
    { 15, 16, 275, 1, 16, 30, 18650 }, // U+04F9
    { 14, 13, 225, 0, 13, 23, 18680 }, // U+05D0
    { 12, 13, 198, 0, 13, 20, 18703 }, // U+05D1
    { 9, 14, 137, 0, 13, 16, 18723 }, // U+05D2
    { 12, 13, 190, 0, 13, 20, 18739 }, // U+05D3
    { 12, 13, 219, 1, 13, 20, 18759 }, // U+05D4
    { 6, 13, 113, 0, 13, 10, 18779 }, // U+05D5
    { 8, 13, 124, 0, 13, 13, 18789 }, // U+05D6
    { 14, 13, 229, 0, 13, 23, 18802 }, // U+05D7
    { 13, 13, 220, 0, 13, 22, 18825 }, // U+05D8
    { 6, 8, 111, 0, 13, 6, 18847 }, // U+05D9
    { 11, 17, 190, 0, 13, 24, 18853 }, // U+05DA
    { 11, 13, 176, 0, 13, 18, 18877 }, // U+05DB
    { 11, 17, 185, 0, 17, 24, 18895 }, // U+05DC
    { 14, 13, 234, 0, 13, 23, 18919 }, // U+05DD
    { 15, 13, 234, 0, 13, 25, 18942 }, // U+05DE
    { 6, 17, 118, 0, 13, 13, 18967 }, // U+05DF
    { 8, 13, 135, 0, 13, 13, 18980 }, // U+05E0
    { 14, 13, 227, 0, 13, 23, 18993 }, // U+05E1
    { 13, 15, 210, 0, 14, 25, 19016 }, // U+05E2
    { 13, 17, 218, 0, 13, 28, 19041 }, // U+05E3
    { 13, 13, 209, 0, 13, 22, 19069 }, // U+05E4
    { 12, 17, 196, 0, 13, 26, 19091 }, // U+05E5
    { 12, 13, 197, 0, 13, 20, 19117 }, // U+05E6
    { 14, 17, 218, 0, 13, 30, 19137 }, // U+05E7
    { 10, 13, 181, 0, 13, 17, 19167 }, // U+05E8
    { 15, 13, 262, 1, 13, 25, 19184 }, // U+05E9
    { 14, 13, 241, 0, 13, 23, 19209 }, // U+05EA
    { 4, 7, 108, 1, 6, 4, 19232 }, // U+060C
    { 6, 16, 113, 0, 15, 12, 19236 }, // U+061B
    { 11, 17, 171, 0, 16, 24, 19248 }, // U+061F
    { 10, 12, 157, 0, 10, 15, 19272 }, // U+0621
    { 8, 4, 96, 0, 3, 4, 19287 }, // U+0640
    { 6, 6, 191, 3, 9, 5, 19291 }, // U+0660
    { 6, 16, 191, 3, 15, 12, 19296 }, // U+0661
    { 10, 16, 191, 1, 15, 20, 19308 }, // U+0662
    { 12, 16, 191, 0, 15, 24, 19328 }, // U+0663
    { 10, 16, 191, 1, 15, 20, 19352 }, // U+0664
    { 10, 12, 191, 1, 12, 15, 19372 }, // U+0665
    { 12, 16, 191, 0, 15, 24, 19387 }, // U+0666
    { 12, 16, 191, 0, 15, 24, 19411 }, // U+0667
    { 12, 16, 191, 0, 15, 24, 19435 }, // U+0668
    { 10, 15, 191, 1, 15, 19, 19459 }, // U+0669
    { 15, 13, 247, 0, 8, 25, 19478 }, // U+06BA
    { 7, 2, 108, 0, 2, 2, 19503 }, // U+06D4
    { 6, 6, 191, 3, 9, 5, 19505 }, // U+06F0
    { 6, 16, 191, 3, 15, 12, 19510 }, // U+06F1
    { 10, 16, 191, 1, 15, 20, 19522 }, // U+06F2
    { 12, 16, 191, 0, 15, 24, 19542 }, // U+06F3
    { 12, 16, 191, 0, 15, 24, 19566 }, // U+06F4
    { 12, 15, 191, 0, 15, 23, 19590 }, // U+06F5
    { 10, 16, 191, 1, 15, 20, 19613 }, // U+06F6
    { 12, 16, 191, 0, 15, 24, 19633 }, // U+06F7
    { 12, 16, 191, 0, 15, 24, 19657 }, // U+06F8
    { 10, 15, 191, 1, 15, 19, 19681 }, // U+06F9
    { 15, 20, 240, 0, 15, 38, 19700 }, // U+1EA0
    { 11, 17, 184, 0, 12, 24, 19738 }, // U+1EA1
    { 15, 20, 240, 0, 20, 38, 19762 }, // U+1EA2
    { 11, 18, 184, 0, 17, 25, 19800 }, // U+1EA3
    { 15, 23, 240, 0, 23, 44, 19825 }, // U+1EA4
    { 13, 21, 184, 0, 20, 35, 19869 }, // U+1EA5
    { 15, 23, 240, 0, 23, 44, 19904 }, // U+1EA6
    { 11, 21, 184, 0, 20, 29, 19948 }, // U+1EA7
    { 15, 24, 240, 0, 24, 45, 19977 }, // U+1EA8
    { 12, 21, 184, 0, 20, 32, 20022 }, // U+1EA9
    { 15, 24, 240, 0, 24, 45, 20054 }, // U+1EAA
    { 11, 21, 184, 0, 20, 29, 20099 }, // U+1EAB
    { 15, 25, 240, 0, 20, 47, 20128 }, // U+1EAC
    { 11, 22, 184, 0, 17, 31, 20175 }, // U+1EAD
    { 15, 24, 240, 0, 24, 45, 20206 }, // U+1EAE
    { 11, 22, 184, 0, 21, 31, 20251 }, // U+1EAF
    { 15, 24, 240, 0, 24, 45, 20282 }, // U+1EB0
    { 11, 22, 184, 0, 21, 31, 20327 }, // U+1EB1
    { 15, 25, 240, 0, 25, 47, 20358 }, // U+1EB2
    { 11, 22, 184, 0, 21, 31, 20405 }, // U+1EB3
    { 15, 24, 240, 0, 24, 45, 20436 }, // U+1EB4
    { 11, 21, 184, 0, 20, 29, 20481 }, // U+1EB5
    { 15, 25, 240, 0, 20, 47, 20510 }, // U+1EB6
    { 11, 21, 184, 0, 16, 29, 20557 }, // U+1EB7
    { 11, 20, 202, 1, 15, 28, 20586 }, // U+1EB8
    { 12, 17, 195, 0, 12, 26, 20614 }, // U+1EB9
    { 11, 20, 202, 1, 20, 28, 20640 }, // U+1EBA
    { 12, 18, 195, 0, 17, 27, 20668 }, // U+1EBB
    { 11, 20, 202, 1, 20, 28, 20695 }, // U+1EBC
    { 12, 17, 195, 0, 16, 26, 20723 }, // U+1EBD
    { 13, 23, 202, 1, 23, 38, 20749 }, // U+1EBE
    { 13, 20, 195, 0, 19, 33, 20787 }, // U+1EBF
    { 11, 23, 202, 1, 23, 32, 20820 }, // U+1EC0
    { 12, 21, 195, 0, 20, 32, 20852 }, // U+1EC1
    { 12, 23, 202, 1, 23, 35, 20884 }, // U+1EC2
    { 13, 21, 195, 0, 20, 35, 20919 }, // U+1EC3
    { 11, 24, 202, 1, 24, 33, 20954 }, // U+1EC4
    { 12, 21, 195, 0, 20, 32, 20987 }, // U+1EC5
    { 11, 25, 202, 1, 20, 35, 21019 }, // U+1EC6
    { 12, 22, 195, 0, 17, 33, 21054 }, // U+1EC7
    { 6, 20, 105, 0, 20, 15, 21087 }, // U+1EC8
    { 6, 17, 96, 0, 17, 13, 21102 }, // U+1EC9
    { 4, 20, 105, 1, 15, 10, 21115 }, // U+1ECA
    { 4, 21, 96, 1, 16, 11, 21125 }, // U+1ECB
    { 15, 20, 263, 1, 15, 38, 21136 }, // U+1ECC
    { 12, 17, 202, 0, 12, 26, 21174 }, // U+1ECD
    { 15, 21, 263, 1, 20, 40, 21200 }, // U+1ECE
    { 12, 18, 202, 0, 17, 27, 21240 }, // U+1ECF
    { 15, 24, 263, 1, 23, 45, 21267 }, // U+1ED0
    { 13, 21, 202, 0, 20, 35, 21312 }, // U+1ED1
    { 15, 24, 263, 1, 23, 45, 21347 }, // U+1ED2
    { 12, 21, 202, 0, 20, 32, 21392 }, // U+1ED3
    { 15, 25, 263, 1, 24, 47, 21424 }, // U+1ED4
    { 13, 21, 202, 0, 20, 35, 21471 }, // U+1ED5
    { 15, 25, 263, 1, 24, 47, 21506 }, // U+1ED6
    { 12, 21, 202, 0, 20, 32, 21553 }, // U+1ED7
    { 15, 25, 263, 1, 20, 47, 21585 }, // U+1ED8
    { 12, 22, 202, 0, 17, 33, 21632 }, // U+1ED9
    { 15, 21, 263, 1, 20, 40, 21665 }, // U+1EDA
    { 13, 18, 202, 0, 17, 30, 21705 }, // U+1EDB
    { 15, 21, 263, 1, 20, 40, 21735 }, // U+1EDC
    { 13, 18, 202, 0, 17, 30, 21775 }, // U+1EDD
    { 15, 21, 263, 1, 20, 40, 21805 }, // U+1EDE
    { 13, 18, 202, 0, 17, 30, 21845 }, // U+1EDF
    { 15, 21, 263, 1, 20, 40, 21875 }, // U+1EE0
    { 13, 17, 202, 0, 16, 28, 21915 }, // U+1EE1
    { 15, 22, 263, 1, 17, 42, 21943 }, // U+1EE2
    { 13, 19, 202, 0, 14, 31, 21985 }, // U+1EE3
    { 13, 20, 236, 1, 15, 33, 22016 }, // U+1EE4
    { 10, 16, 196, 1, 11, 20, 22049 }, // U+1EE5
    { 13, 21, 236, 1, 20, 35, 22069 }, // U+1EE6
    { 10, 18, 196, 1, 17, 23, 22104 }, // U+1EE7
    { 15, 21, 249, 1, 20, 40, 22127 }, // U+1EE8
    { 13, 18, 209, 1, 17, 30, 22167 }, // U+1EE9
    { 15, 21, 249, 1, 20, 40, 22197 }, // U+1EEA
    { 13, 18, 209, 1, 17, 30, 22237 }, // U+1EEB
    { 15, 21, 249, 1, 20, 40, 22267 }, // U+1EEC
    { 13, 18, 209, 1, 17, 30, 22307 }, // U+1EED
    { 15, 21, 249, 1, 20, 40, 22337 }, // U+1EEE
    { 13, 17, 209, 1, 16, 28, 22377 }, // U+1EEF
    { 15, 22, 249, 1, 17, 42, 22405 }, // U+1EF0
    { 13, 19, 209, 1, 14, 31, 22447 }, // U+1EF1
    { 14, 21, 220, 0, 21, 37, 22478 }, // U+1EF2
    { 12, 21, 182, 0, 17, 32, 22515 }, // U+1EF3
    { 14, 20, 220, 0, 15, 35, 22547 }, // U+1EF4
    { 12, 15, 182, 0, 11, 23, 22582 }, // U+1EF5
    { 14, 20, 220, 0, 20, 35, 22605 }, // U+1EF6
    { 12, 21, 182, 0, 17, 32, 22640 }, // U+1EF7
    { 14, 20, 220, 0, 20, 35, 22672 }, // U+1EF8
    { 12, 20, 182, 0, 16, 30, 22707 }, // U+1EF9
    { 0, 0, 43, 0, 0, 0, 22737 }, // U+2009
    { 0, 0, 0, 0, 0, 0, 22737 }, // U+200B
    { 2, 16, 0, -1, 15, 4, 22737 }, // U+200C
    { 6, 16, 0, -3, 15, 12, 22741 }, // U+200D
    { 6, 16, 0, -1, 15, 12, 22753 }, // U+200E
    { 6, 16, 0, -5, 15, 12, 22765 }, // U+200F
    { 7, 3, 106, 0, 8, 3, 22777 }, // U+2010
    { 7, 3, 107, 0, 7, 3, 22780 }, // U+2011
    { 11, 3, 167, 0, 8, 5, 22783 }, // U+2013
    { 21, 3, 333, 0, 8, 8, 22788 }, // U+2014
    { 21, 3, 333, 0, 8, 8, 22796 }, // U+2015
    { 5, 6, 81, 0, 16, 4, 22804 }, // U+2018
    { 5, 6, 81, 0, 16, 4, 22808 }, // U+2019
    { 5, 6, 81, 0, 3, 4, 22812 }, // U+201A
    { 10, 6, 151, 0, 16, 8, 22816 }, // U+201C
    { 9, 6, 151, 0, 16, 7, 22824 }, // U+201D
    { 9, 6, 151, 0, 3, 7, 22831 }, // U+201E
    { 10, 18, 165, 0, 15, 23, 22838 }, // U+2020
    { 10, 18, 165, 0, 15, 23, 22861 }, // U+2021
    { 7, 6, 121, 0, 10, 6, 22884 }, // U+2022
    { 19, 4, 333, 1, 4, 10, 22890 }, // U+2026
    { 0, 0, 43, 0, 0, 0, 22900 }, // U+202F
    { 27, 15, 440, 0, 15, 51, 22900 }, // U+2030
    { 7, 11, 109, 0, 11, 10, 22951 }, // U+2039
    { 7, 11, 109, 0, 11, 10, 22961 }, // U+203A
    { 11, 15, 51, -4, 15, 21, 22971 }, // U+2044
    { 6, 16, 113, 0, 15, 12, 22992 }, // U+204F
    { 8, 9, 121, 0, 15, 9, 23004 }, // U+2070
    { 8, 8, 121, 0, 15, 8, 23013 }, // U+2074
    { 7, 9, 121, 0, 15, 8, 23021 }, // U+2075
    { 8, 9, 121, 0, 15, 9, 23029 }, // U+2076
    { 8, 8, 121, 0, 15, 8, 23038 }, // U+2077
    { 8, 9, 121, 0, 15, 9, 23046 }, // U+2078
    { 8, 9, 121, 0, 15, 9, 23055 }, // U+2079
    { 8, 9, 121, 0, 9, 9, 23064 }, // U+2080
    { 6, 9, 121, 0, 9, 7, 23073 }, // U+2081
    { 7, 9, 121, 0, 9, 8, 23080 }, // U+2082
    { 7, 9, 121, 0, 9, 8, 23088 }, // U+2083
    { 8, 8, 121, 0, 9, 8, 23096 }, // U+2084
    { 7, 9, 121, 0, 9, 8, 23104 }, // U+2085
    { 8, 9, 121, 0, 9, 9, 23112 }, // U+2086
    { 8, 8, 121, 0, 9, 8, 23121 }, // U+2087
    { 8, 9, 121, 0, 9, 9, 23129 }, // U+2088
    { 8, 9, 121, 0, 9, 9, 23138 }, // U+2089
    { 16, 13, 288, 1, 13, 26, 23147 }, // U+20AA
    { 14, 20, 215, 0, 16, 35, 23173 }, // U+20AB
    { 12, 15, 189, 0, 15, 23, 23208 }, // U+20AC
    { 12, 15, 189, 0, 15, 23, 23231 }, // U+20AE
    { 12, 15, 189, 0, 15, 23, 23254 }, // U+20B4
    { 13, 15, 189, 0, 15, 25, 23277 }, // U+20B9
    { 12, 15, 204, 0, 15, 23, 23302 }, // U+2202
    { 15, 15, 231, 0, 15, 29, 23325 }, // U+2206
    { 13, 17, 243, 1, 15, 28, 23354 }, // U+220F
    { 11, 17, 181, 0, 15, 24, 23382 }, // U+2211
    { 10, 3, 189, 1, 8, 4, 23406 }, // U+2212
    { 11, 15, 51, -4, 15, 21, 23410 }, // U+2215
    { 5, 4, 82, 0, 9, 3, 23431 }, // U+2219
    { 14, 15, 201, 0, 15, 27, 23434 }, // U+221A
    { 13, 7, 212, 0, 10, 12, 23461 }, // U+221E
    { 9, 21, 134, 0, 16, 24, 23473 }, // U+222B
    { 12, 11, 189, 0, 12, 17, 23497 }, // U+2248
    { 10, 14, 189, 1, 14, 18, 23514 }, // U+2260
    { 10, 13, 189, 1, 13, 17, 23532 }, // U+2264
    { 10, 13, 189, 1, 13, 17, 23549 }, // U+2265
    { 17, 16, 280, 1, 16, 34, 23566 }, // U+FB00
    { 13, 16, 236, 1, 16, 26, 23600 }, // U+FB01
    { 15, 16, 245, 1, 16, 30, 23626 }, // U+FB02
    { 22, 16, 376, 1, 16, 44, 23656 }, // U+FB03
    { 23, 16, 385, 1, 16, 46, 23700 }, // U+FB04
    { 21, 18, 341, 0, 10, 48, 23746 }, // U+FB56
    { 26, 17, 381, 0, 9, 56, 23794 }, // U+FB57
    { 7, 18, 120, 0, 10, 16, 23850 }, // U+FB58
    { 11, 16, 136, 0, 8, 22, 23866 }, // U+FB59
    { 21, 17, 341, 0, 16, 45, 23888 }, // U+FB66
    { 26, 17, 381, 0, 16, 56, 23933 }, // U+FB67
    { 6, 19, 106, 0, 18, 15, 23989 }, // U+FB68
    { 11, 17, 136, 0, 16, 24, 24004 }, // U+FB69
    { 15, 20, 229, 0, 11, 38, 24028 }, // U+FB7A
    { 18, 20, 253, 0, 11, 45, 24066 }, // U+FB7B
    { 13, 18, 210, 0, 10, 30, 24111 }, // U+FB7C
    { 16, 18, 218, 0, 10, 36, 24141 }, // U+FB7D
    { 10, 20, 172, 0, 19, 25, 24177 }, // U+FB88
    { 14, 20, 190, 0, 19, 35, 24202 }, // U+FB89
    { 9, 21, 136, -1, 16, 24, 24237 }, // U+FB8A
    { 13, 21, 150, -1, 16, 35, 24261 }, // U+FB8B
    { 9, 22, 136, -1, 17, 25, 24296 }, // U+FB8C
    { 13, 22, 150, -1, 17, 36, 24321 }, // U+FB8D
    { 20, 16, 303, 0, 15, 40, 24357 }, // U+FB8E
    { 22, 16, 317, 0, 15, 44, 24397 }, // U+FB8F
    { 10, 16, 151, 0, 15, 20, 24441 }, // U+FB90
    { 13, 16, 169, 0, 15, 26, 24461 }, // U+FB91
    { 20, 20, 303, 0, 19, 50, 24487 }, // U+FB92
    { 22, 20, 317, 0, 19, 55, 24537 }, // U+FB93
    { 11, 20, 151, -1, 19, 28, 24592 }, // U+FB94
    { 14, 20, 169, -1, 19, 35, 24620 }, // U+FB95
    { 15, 13, 247, 0, 8, 25, 24655 }, // U+FB9E
    { 19, 13, 268, 0, 8, 31, 24680 }, // U+FB9F
    { 10, 13, 157, 0, 12, 17, 24711 }, // U+FBA6
    { 14, 10, 195, 0, 9, 18, 24728 }, // U+FBA7
    { 6, 14, 106, 0, 10, 11, 24746 }, // U+FBA8
    { 13, 11, 172, 0, 5, 18, 24757 }, // U+FBA9
    { 16, 13, 257, 0, 12, 26, 24775 }, // U+FBAA
    { 16, 15, 228, 0, 10, 30, 24801 }, // U+FBAB
    { 13, 13, 214, 0, 12, 22, 24831 }, // U+FBAC
    { 14, 15, 190, 0, 10, 27, 24853 }, // U+FBAD
    { 20, 12, 314, 0, 11, 30, 24880 }, // U+FBAE
    { 14, 10, 187, 0, 3, 18, 24910 }, // U+FBAF
    { 20, 18, 314, 0, 17, 45, 24928 }, // U+FBB0
    { 14, 16, 187, 0, 9, 28, 24973 }, // U+FBB1
    { 17, 15, 274, 0, 10, 32, 25001 }, // U+FBFC
    { 19, 11, 267, 0, 6, 27, 25033 }, // U+FBFD
    { 7, 15, 120, 0, 10, 14, 25060 }, // U+FBFE
    { 11, 13, 136, 0, 8, 18, 25074 }, // U+FBFF
    { 10, 12, 157, 0, 10, 15, 25092 }, // U+FE80
    { 9, 19, 90, -2, 19, 22, 25107 }, // U+FE81
    { 10, 21, 106, -1, 20, 27, 25129 }, // U+FE82
    { 5, 21, 90, 0, 21, 14, 25156 }, // U+FE83
    { 9, 23, 106, 0, 22, 26, 25170 }, // U+FE84
    { 10, 20, 166, 0, 15, 25, 25196 }, // U+FE85
    { 13, 21, 175, 0, 16, 35, 25221 }, // U+FE86
    { 5, 23, 91, 1, 16, 15, 25256 }, // U+FE87
    { 8, 23, 106, 1, 16, 23, 25271 }, // U+FE88
    { 17, 17, 274, 0, 12, 37, 25294 }, // U+FE89
    { 19, 17, 267, 0, 12, 41, 25331 }, // U+FE8A
    { 6, 18, 106, 0, 17, 14, 25372 }, // U+FE8B
    { 10, 16, 128, 0, 15, 20, 25386 }, // U+FE8C
    { 4, 16, 91, 1, 16, 8, 25406 }, // U+FE8D
    { 8, 17, 106, 1, 16, 17, 25414 }, // U+FE8E
    { 21, 15, 341, 0, 10, 40, 25431 }, // U+FE8F
    { 26, 14, 381, 0, 9, 46, 25471 }, // U+FE90
    { 6, 15, 106, 0, 10, 12, 25517 }, // U+FE91
    { 10, 13, 128, 0, 8, 17, 25529 }, // U+FE92
    { 10, 18, 157, 0, 17, 23, 25546 }, // U+FE93
    { 14, 19, 185, 0, 18, 34, 25569 }, // U+FE94
    { 21, 14, 341, 0, 13, 37, 25603 }, // U+FE95
    { 26, 14, 381, 0, 13, 46, 25640 }, // U+FE96
    { 8, 16, 106, -1, 15, 16, 25686 }, // U+FE97
    { 11, 14, 136, 0, 13, 20, 25702 }, // U+FE98
    { 21, 16, 341, 0, 15, 42, 25722 }, // U+FE99
    { 26, 16, 381, 0, 15, 52, 25764 }, // U+FE9A
    { 6, 18, 106, 0, 17, 14, 25816 }, // U+FE9B
    { 11, 16, 136, 0, 15, 22, 25830 }, // U+FE9C
    { 14, 20, 229, 0, 11, 35, 25852 }, // U+FE9D
    { 18, 20, 246, 0, 11, 45, 25887 }, // U+FE9E
    { 13, 15, 210, 0, 10, 25, 25932 }, // U+FE9F
    { 16, 15, 218, 0, 10, 30, 25957 }, // U+FEA0
    { 14, 20, 229, 0, 11, 35, 25987 }, // U+FEA1
    { 18, 20, 246, 0, 11, 45, 26022 }, // U+FEA2
    { 13, 11, 210, 0, 10, 18, 26067 }, // U+FEA3
    { 16, 11, 218, 0, 10, 22, 26085 }, // U+FEA4
    { 14, 25, 229, 0, 16, 44, 26107 }, // U+FEA5
    { 18, 25, 246, 0, 16, 57, 26151 }, // U+FEA6
    { 13, 16, 210, 0, 15, 26, 26208 }, // U+FEA7
    { 16, 16, 218, 0, 15, 32, 26234 }, // U+FEA8
    { 10, 12, 172, 0, 11, 15, 26266 }, // U+FEA9
    { 14, 12, 190, 0, 11, 21, 26281 }, // U+FEAA
    { 10, 17, 172, 0, 16, 22, 26302 }, // U+FEAB
    { 14, 17, 190, 0, 16, 30, 26324 }, // U+FEAC
    { 9, 13, 136, -1, 8, 15, 26354 }, // U+FEAD
    { 13, 13, 150, -1, 8, 22, 26369 }, // U+FEAE
    { 9, 19, 136, -1, 14, 22, 26391 }, // U+FEAF
    { 13, 19, 150, -1, 14, 31, 26413 }, // U+FEB0
    { 28, 15, 457, 0, 10, 53, 26444 }, // U+FEB1
    { 32, 14, 480, 0, 9, 56, 26497 }, // U+FEB2
    { 19, 11, 317, 0, 10, 27, 26553 }, // U+FEB3
    { 23, 10, 340, 0, 9, 29, 26580 }, // U+FEB4
    { 28, 21, 457, 0, 16, 74, 26609 }, // U+FEB5
    { 32, 21, 480, 0, 16, 84, 26683 }, // U+FEB6
    { 19, 17, 317, 0, 16, 41, 26767 }, // U+FEB7
    { 23, 17, 340, 0, 16, 49, 26808 }, // U+FEB8
    { 29, 15, 474, 0, 10, 55, 26857 }, // U+FEB9
    { 32, 15, 481, 0, 10, 60, 26912 }, // U+FEBA
    { 20, 11, 325, 0, 10, 28, 26972 }, // U+FEBB
    { 23, 11, 335, 0, 10, 32, 27000 }, // U+FEBC
    { 29, 20, 474, 0, 15, 73, 27032 }, // U+FEBD
    { 32, 20, 481, 0, 15, 80, 27105 }, // U+FEBE
    { 20, 16, 325, 0, 15, 40, 27185 }, // U+FEBF
    { 23, 16, 335, 0, 15, 46, 27225 }, // U+FEC0
    { 17, 17, 281, 0, 16, 37, 27271 }, // U+FEC1
    { 20, 17, 287, 0, 16, 43, 27308 }, // U+FEC2
    { 15, 17, 246, 0, 16, 32, 27351 }, // U+FEC3
    { 18, 17, 254, 0, 16, 39, 27383 }, // U+FEC4
    { 17, 17, 281, 0, 16, 37, 27422 }, // U+FEC5
    { 20, 17, 287, 0, 16, 43, 27459 }, // U+FEC6
    { 15, 17, 246, 0, 16, 32, 27502 }, // U+FEC7
    { 18, 17, 254, 0, 16, 39, 27534 }, // U+FEC8
    { 14, 21, 190, 0, 12, 37, 27573 }, // U+FEC9
    { 14, 19, 190, 0, 10, 34, 27610 }, // U+FECA
    { 11, 12, 186, 0, 11, 17, 27644 }, // U+FECB
    { 15, 11, 184, -1, 10, 21, 27661 }, // U+FECC
    { 14, 26, 190, 0, 17, 46, 27682 }, // U+FECD
    { 14, 24, 190, 0, 15, 42, 27728 }, // U+FECE
    { 11, 17, 186, 0, 16, 24, 27770 }, // U+FECF
    { 15, 16, 184, -1, 15, 30, 27794 }, // U+FED0
    { 21, 19, 341, 0, 18, 50, 27824 }, // U+FED1
    { 25, 17, 372, 0, 16, 54, 27874 }, // U+FED2
    { 10, 19, 168, 0, 18, 24, 27928 }, // U+FED3
    { 13, 17, 176, 0, 16, 28, 27952 }, // U+FED4
    { 17, 19, 277, 0, 15, 41, 27980 }, // U+FED5
    { 20, 20, 285, 0, 14, 50, 28021 }, // U+FED6
    { 10, 19, 168, 0, 18, 24, 28071 }, // U+FED7
    { 13, 17, 176, 0, 16, 28, 28095 }, // U+FED8
    { 19, 17, 310, 0, 16, 41, 28123 }, // U+FED9
    { 22, 17, 325, 0, 16, 47, 28164 }, // U+FEDA
    { 10, 16, 151, 0, 15, 20, 28211 }, // U+FEDB
    { 13, 16, 169, 0, 15, 26, 28231 }, // U+FEDC
    { 15, 21, 247, 0, 16, 40, 28257 }, // U+FEDD
    { 19, 21, 264, 0, 16, 50, 28297 }, // U+FEDE
    { 6, 17, 99, 0, 16, 13, 28347 }, // U+FEDF
    { 9, 17, 115, 0, 16, 20, 28360 }, // U+FEE0
    { 11, 19, 183, 0, 10, 27, 28380 }, // U+FEE1
    { 16, 18, 220, 0, 9, 36, 28407 }, // U+FEE2
    { 12, 10, 194, 0, 9, 15, 28443 }, // U+FEE3
    { 15, 10, 208, 0, 9, 19, 28458 }, // U+FEE4
    { 15, 17, 247, 0, 12, 32, 28477 }, // U+FEE5
    { 19, 17, 268, 0, 12, 41, 28509 }, // U+FEE6
    { 6, 16, 106, 0, 15, 12, 28550 }, // U+FEE7
    { 10, 14, 128, 0, 13, 18, 28562 }, // U+FEE8
    { 10, 13, 157, 0, 12, 17, 28580 }, // U+FEE9
    { 14, 14, 185, 0, 13, 25, 28597 }, // U+FEEA
    { 13, 13, 214, 0, 12, 22, 28622 }, // U+FEEB
    { 14, 15, 190, 0, 10, 27, 28644 }, // U+FEEC
    { 10, 14, 166, 0, 9, 18, 28671 }, // U+FEED
    { 13, 14, 175, 0, 9, 23, 28689 }, // U+FEEE
    { 17, 15, 274, 0, 10, 32, 28712 }, // U+FEEF
    { 19, 11, 267, 0, 6, 27, 28744 }, // U+FEF0
    { 17, 20, 274, 0, 10, 43, 28771 }, // U+FEF1
    { 19, 16, 267, 0, 6, 38, 28814 }, // U+FEF2
    { 7, 15, 120, 0, 10, 14, 28852 }, // U+FEF3
    { 11, 13, 136, 0, 8, 18, 28866 }, // U+FEF4
    { 15, 17, 211, -2, 17, 32, 28884 }, // U+FEF5
    { 16, 19, 227, 0, 18, 38, 28916 }, // U+FEF6
    { 13, 19, 211, 0, 19, 31, 28954 }, // U+FEF7
    { 16, 21, 227, 0, 20, 42, 28985 }, // U+FEF8
    { 13, 23, 211, 0, 16, 38, 29027 }, // U+FEF9
    { 16, 23, 227, 0, 16, 46, 29065 }, // U+FEFA
    { 13, 16, 211, 0, 16, 26, 29111 }, // U+FEFB
    { 16, 17, 227, 0, 16, 34, 29137 }, // U+FEFC
    { 20, 20, 333, 0, 16, 50, 29171 }, // U+FFFD
};

static const EpdUnicodeInterval ubuntu_10_boldIntervals[] = {
    { 0x0, 0x0, 0x0 },
    { 0x8, 0x9, 0x1 },
    { 0xD, 0xD, 0x3 },
    { 0x1D, 0x1D, 0x4 },
    { 0x20, 0x7E, 0x5 },
    { 0xA0, 0x17F, 0x64 },
    { 0x1A0, 0x1A1, 0x144 },
    { 0x1AF, 0x1B0, 0x146 },
    { 0x1C4, 0x21F, 0x148 },
    { 0x250, 0x2AF, 0x1A4 },
    { 0x2C8, 0x2D0, 0x204 },
    { 0x300, 0x304, 0x20D },
    { 0x306, 0x30C, 0x212 },
    { 0x311, 0x312, 0x219 },
    { 0x31B, 0x31B, 0x21B },
    { 0x323, 0x323, 0x21C },
    { 0x326, 0x328, 0x21D },
    { 0x34F, 0x34F, 0x220 },
    { 0x3B8, 0x3B8, 0x221 },
    { 0x400, 0x45F, 0x222 },
    { 0x462, 0x463, 0x282 },
    { 0x472, 0x475, 0x284 },
    { 0x48A, 0x4F9, 0x288 },
    { 0x5D0, 0x5EA, 0x2F8 },
    { 0x60C, 0x60C, 0x313 },
    { 0x61B, 0x61B, 0x314 },
    { 0x61F, 0x61F, 0x315 },
    { 0x621, 0x621, 0x316 },
    { 0x640, 0x640, 0x317 },
    { 0x660, 0x669, 0x318 },
    { 0x6BA, 0x6BA, 0x322 },
    { 0x6D4, 0x6D4, 0x323 },
    { 0x6F0, 0x6F9, 0x324 },
    { 0x1EA0, 0x1EF9, 0x32E },
    { 0x2009, 0x2009, 0x388 },
    { 0x200B, 0x2011, 0x389 },
    { 0x2013, 0x2015, 0x390 },
    { 0x2018, 0x201A, 0x393 },
    { 0x201C, 0x201E, 0x396 },
    { 0x2020, 0x2022, 0x399 },
    { 0x2026, 0x2026, 0x39C },
    { 0x202F, 0x2030, 0x39D },
    { 0x2039, 0x203A, 0x39F },
    { 0x2044, 0x2044, 0x3A1 },
    { 0x204F, 0x204F, 0x3A2 },
    { 0x2070, 0x2070, 0x3A3 },
    { 0x2074, 0x2079, 0x3A4 },
    { 0x2080, 0x2089, 0x3AA },
    { 0x20AA, 0x20AC, 0x3B4 },
    { 0x20AE, 0x20AE, 0x3B7 },
    { 0x20B4, 0x20B4, 0x3B8 },
    { 0x20B9, 0x20B9, 0x3B9 },
    { 0x2202, 0x2202, 0x3BA },
    { 0x2206, 0x2206, 0x3BB },
    { 0x220F, 0x220F, 0x3BC },
    { 0x2211, 0x2212, 0x3BD },
    { 0x2215, 0x2215, 0x3BF },
    { 0x2219, 0x221A, 0x3C0 },
    { 0x221E, 0x221E, 0x3C2 },
    { 0x222B, 0x222B, 0x3C3 },
    { 0x2248, 0x2248, 0x3C4 },
    { 0x2260, 0x2260, 0x3C5 },
    { 0x2264, 0x2265, 0x3C6 },
    { 0xFB00, 0xFB04, 0x3C8 },
    { 0xFB56, 0xFB59, 0x3CD },
    { 0xFB66, 0xFB69, 0x3D1 },
    { 0xFB7A, 0xFB7D, 0x3D5 },
    { 0xFB88, 0xFB95, 0x3D9 },
    { 0xFB9E, 0xFB9F, 0x3E7 },
    { 0xFBA6, 0xFBB1, 0x3E9 },
    { 0xFBFC, 0xFBFF, 0x3F5 },
    { 0xFE80, 0xFEFC, 0x3F9 },
    { 0xFFFD, 0xFFFD, 0x476 },
};

static const EpdKernClassEntry ubuntu_10_boldKernLeftClasses[] = {
    { 0x0022, 1 }, // "
    { 0x0026, 2 }, // &
    { 0x0027, 1 }, // '
    { 0x0028, 3 }, // (
    { 0x0029, 4 }, // )
    { 0x002A, 5 }, // *
    { 0x002C, 6 }, // ,
    { 0x002D, 7 }, // -
    { 0x002E, 6 }, // .
    { 0x002F, 8 }, // /
    { 0x003A, 9 }, // :
    { 0x003B, 9 }, // ;
    { 0x0040, 10 }, // @
    { 0x0041, 11 }, // A
    { 0x0042, 12 }, // B
    { 0x0043, 13 }, // C
    { 0x0044, 14 }, // D
    { 0x0045, 15 }, // E
    { 0x0046, 16 }, // F
    { 0x0047, 17 }, // G
    { 0x0048, 18 }, // H
    { 0x0049, 18 }, // I
    { 0x004A, 19 }, // J
    { 0x004B, 20 }, // K
    { 0x004C, 21 }, // L
    { 0x004D, 22 }, // M
    { 0x004E, 18 }, // N
    { 0x004F, 23 }, // O
    { 0x0050, 24 }, // P
    { 0x0051, 25 }, // Q
    { 0x0052, 26 }, // R
    { 0x0053, 27 }, // S
    { 0x0054, 28 }, // T
    { 0x0055, 29 }, // U
    { 0x0056, 30 }, // V
    { 0x0057, 31 }, // W
    { 0x0058, 32 }, // X
    { 0x0059, 33 }, // Y
    { 0x005A, 34 }, // Z
    { 0x005B, 35 }, // [
    { 0x005C, 36 }, // <backslash>
    { 0x005D, 37 }, // ]
    { 0x0061, 38 }, // a
    { 0x0062, 39 }, // b
    { 0x0063, 40 }, // c
    { 0x0064, 41 }, // d
    { 0x0066, 42 }, // f
    { 0x0067, 43 }, // g
    { 0x0068, 44 }, // h
    { 0x0069, 45 }, // i
    { 0x006A, 46 }, // j
    { 0x006B, 47 }, // k
    { 0x006C, 48 }, // l
    { 0x006D, 49 }, // m
    { 0x006E, 49 }, // n
    { 0x006F, 50 }, // o
    { 0x0070, 39 }, // p
    { 0x0071, 51 }, // q
    { 0x0072, 52 }, // r
    { 0x0073, 53 }, // s
    { 0x0074, 54 }, // t
    { 0x0075, 55 }, // u
    { 0x0076, 56 }, // v
    { 0x0077, 57 }, // w
    { 0x0078, 58 }, // x
    { 0x0079, 59 }, // y
    { 0x007A, 60 }, // z
    { 0x007B, 61 }, // {
    { 0x007D, 62 }, // }
    { 0x00A1, 63 }, // U+00A1
    { 0x00AB, 64 }, // U+00AB
    { 0x00BB, 65 }, // U+00BB
    { 0x00BF, 66 }, // U+00BF
    { 0x00C0, 11 }, // U+00C0
    { 0x00C1, 11 }, // U+00C1
    { 0x00C2, 11 }, // U+00C2
    { 0x00C3, 11 }, // U+00C3
    { 0x00C4, 11 }, // U+00C4
    { 0x00C5, 11 }, // U+00C5
    { 0x00C6, 15 }, // U+00C6
    { 0x00C7, 13 }, // U+00C7
    { 0x00C8, 15 }, // U+00C8
    { 0x00C9, 15 }, // U+00C9
    { 0x00CA, 15 }, // U+00CA
    { 0x00CB, 15 }, // U+00CB
    { 0x00CC, 18 }, // U+00CC
    { 0x00CD, 18 }, // U+00CD
    { 0x00CE, 18 }, // U+00CE
    { 0x00CF, 18 }, // U+00CF
    { 0x00D0, 14 }, // U+00D0
    { 0x00D1, 18 }, // U+00D1
    { 0x00D2, 23 }, // U+00D2
    { 0x00D3, 23 }, // U+00D3
    { 0x00D4, 23 }, // U+00D4
    { 0x00D5, 23 }, // U+00D5
    { 0x00D6, 23 }, // U+00D6
    { 0x00D8, 23 }, // U+00D8
    { 0x00D9, 29 }, // U+00D9
    { 0x00DA, 29 }, // U+00DA
    { 0x00DB, 29 }, // U+00DB
    { 0x00DC, 29 }, // U+00DC
    { 0x00DD, 33 }, // U+00DD
    { 0x00DE, 67 }, // U+00DE
    { 0x00DF, 68 }, // U+00DF
    { 0x00E0, 38 }, // U+00E0
    { 0x00E1, 38 }, // U+00E1
    { 0x00E2, 38 }, // U+00E2
    { 0x00E3, 38 }, // U+00E3
    { 0x00E4, 38 }, // U+00E4
    { 0x00E5, 38 }, // U+00E5
    { 0x00E7, 40 }, // U+00E7
    { 0x00EC, 45 }, // U+00EC
    { 0x00ED, 45 }, // U+00ED
    { 0x00EE, 45 }, // U+00EE
    { 0x00EF, 45 }, // U+00EF
    { 0x00F0, 69 }, // U+00F0
    { 0x00F1, 49 }, // U+00F1
    { 0x00F2, 50 }, // U+00F2
    { 0x00F3, 50 }, // U+00F3
    { 0x00F4, 50 }, // U+00F4
    { 0x00F5, 50 }, // U+00F5
    { 0x00F6, 50 }, // U+00F6
    { 0x00F8, 50 }, // U+00F8
    { 0x00F9, 55 }, // U+00F9
    { 0x00FA, 55 }, // U+00FA
    { 0x00FB, 55 }, // U+00FB
    { 0x00FC, 55 }, // U+00FC
    { 0x00FD, 59 }, // U+00FD
    { 0x00FE, 70 }, // U+00FE
    { 0x00FF, 59 }, // U+00FF
    { 0x0100, 11 }, // U+0100
    { 0x0101, 38 }, // U+0101
    { 0x0102, 11 }, // U+0102
    { 0x0103, 38 }, // U+0103
    { 0x0104, 11 }, // U+0104
    { 0x0105, 38 }, // U+0105
    { 0x0106, 13 }, // U+0106
    { 0x0107, 40 }, // U+0107
    { 0x0108, 13 }, // U+0108
    { 0x0109, 40 }, // U+0109
    { 0x010A, 13 }, // U+010A
    { 0x010B, 40 }, // U+010B
    { 0x010C, 13 }, // U+010C
    { 0x010D, 40 }, // U+010D
    { 0x010E, 14 }, // U+010E
    { 0x010F, 71 }, // U+010F
    { 0x0110, 14 }, // U+0110
    { 0x0111, 41 }, // U+0111
    { 0x0112, 15 }, // U+0112
    { 0x0114, 15 }, // U+0114
    { 0x0116, 15 }, // U+0116
    { 0x0118, 15 }, // U+0118
    { 0x011A, 15 }, // U+011A
    { 0x011C, 17 }, // U+011C
    { 0x011D, 43 }, // U+011D
    { 0x011E, 17 }, // U+011E
    { 0x011F, 43 }, // U+011F
    { 0x0120, 17 }, // U+0120
    { 0x0121, 43 }, // U+0121
    { 0x0122, 17 }, // U+0122
    { 0x0123, 43 }, // U+0123
    { 0x0124, 18 }, // U+0124
    { 0x0125, 44 }, // U+0125
    { 0x0126, 18 }, // U+0126
    { 0x0127, 44 }, // U+0127
    { 0x0128, 18 }, // U+0128
    { 0x0129, 45 }, // U+0129
    { 0x012A, 18 }, // U+012A
    { 0x012B, 45 }, // U+012B
    { 0x012C, 18 }, // U+012C
    { 0x012D, 45 }, // U+012D
    { 0x012E, 18 }, // U+012E
    { 0x012F, 45 }, // U+012F
    { 0x0130, 18 }, // U+0130
    { 0x0131, 45 }, // U+0131
    { 0x0132, 19 }, // U+0132
    { 0x0133, 46 }, // U+0133
    { 0x0134, 19 }, // U+0134
    { 0x0135, 46 }, // U+0135
    { 0x0136, 20 }, // U+0136
    { 0x0137, 47 }, // U+0137
    { 0x0138, 47 }, // U+0138
    { 0x0139, 21 }, // U+0139
    { 0x013A, 48 }, // U+013A
    { 0x013B, 21 }, // U+013B
    { 0x013C, 48 }, // U+013C
    { 0x013D, 21 }, // U+013D
    { 0x013E, 71 }, // U+013E
    { 0x013F, 21 }, // U+013F
    { 0x0140, 48 }, // U+0140
    { 0x0141, 21 }, // U+0141
    { 0x0142, 48 }, // U+0142
    { 0x0143, 18 }, // U+0143
    { 0x0144, 49 }, // U+0144
    { 0x0145, 18 }, // U+0145
    { 0x0146, 49 }, // U+0146
    { 0x0147, 18 }, // U+0147
    { 0x0148, 49 }, // U+0148
    { 0x0149, 49 }, // U+0149
    { 0x014A, 72 }, // U+014A
    { 0x014B, 73 }, // U+014B
    { 0x014C, 23 }, // U+014C
    { 0x014D, 50 }, // U+014D
    { 0x014E, 23 }, // U+014E
    { 0x014F, 50 }, // U+014F
    { 0x0150, 23 }, // U+0150
    { 0x0151, 50 }, // U+0151
    { 0x0152, 15 }, // U+0152
    { 0x0154, 26 }, // U+0154
    { 0x0155, 52 }, // U+0155
    { 0x0156, 26 }, // U+0156
    { 0x0157, 52 }, // U+0157
    { 0x0158, 26 }, // U+0158
    { 0x0159, 52 }, // U+0159
    { 0x015A, 27 }, // U+015A
    { 0x015B, 53 }, // U+015B
    { 0x015C, 27 }, // U+015C
    { 0x015D, 53 }, // U+015D
    { 0x015E, 27 }, // U+015E
    { 0x015F, 53 }, // U+015F
    { 0x0160, 27 }, // U+0160
    { 0x0161, 53 }, // U+0161
    { 0x0162, 28 }, // U+0162
    { 0x0163, 54 }, // U+0163
    { 0x0164, 28 }, // U+0164
    { 0x0165, 54 }, // U+0165
    { 0x0166, 28 }, // U+0166
    { 0x0167, 54 }, // U+0167
    { 0x0168, 29 }, // U+0168
    { 0x0169, 55 }, // U+0169
    { 0x016A, 29 }, // U+016A
    { 0x016B, 55 }, // U+016B
    { 0x016C, 29 }, // U+016C
    { 0x016D, 55 }, // U+016D
    { 0x016E, 29 }, // U+016E
    { 0x016F, 55 }, // U+016F
    { 0x0170, 29 }, // U+0170
    { 0x0171, 55 }, // U+0171
    { 0x0172, 29 }, // U+0172
    { 0x0173, 55 }, // U+0173
    { 0x0174, 31 }, // U+0174
    { 0x0175, 57 }, // U+0175
    { 0x0176, 33 }, // U+0176
    { 0x0177, 59 }, // U+0177
    { 0x0178, 33 }, // U+0178
    { 0x0179, 34 }, // U+0179
    { 0x017A, 60 }, // U+017A
    { 0x017B, 34 }, // U+017B
    { 0x017C, 60 }, // U+017C
    { 0x017D, 34 }, // U+017D
    { 0x017E, 60 }, // U+017E
    { 0x017F, 42 }, // U+017F
    { 0x01A0, 74 }, // U+01A0
    { 0x01C4, 34 }, // U+01C4
    { 0x01C5, 60 }, // U+01C5
    { 0x01C6, 60 }, // U+01C6
    { 0x01C7, 19 }, // U+01C7
    { 0x01C8, 46 }, // U+01C8
    { 0x01C9, 46 }, // U+01C9
    { 0x01CA, 19 }, // U+01CA
    { 0x01CB, 46 }, // U+01CB
    { 0x01CC, 46 }, // U+01CC
    { 0x01CD, 11 }, // U+01CD
    { 0x01CE, 38 }, // U+01CE
    { 0x01CF, 18 }, // U+01CF
    { 0x01D0, 45 }, // U+01D0
    { 0x01D1, 23 }, // U+01D1
    { 0x01D2, 50 }, // U+01D2
    { 0x01D3, 29 }, // U+01D3
    { 0x01D4, 55 }, // U+01D4
    { 0x01D5, 29 }, // U+01D5
    { 0x01D6, 55 }, // U+01D6
    { 0x01D7, 29 }, // U+01D7
    { 0x01D8, 55 }, // U+01D8
    { 0x01D9, 29 }, // U+01D9
    { 0x01DA, 55 }, // U+01DA
    { 0x01DB, 29 }, // U+01DB
    { 0x01DC, 55 }, // U+01DC
    { 0x01DD, 50 }, // U+01DD
    { 0x01DE, 11 }, // U+01DE
    { 0x01DF, 38 }, // U+01DF
    { 0x01E0, 11 }, // U+01E0
    { 0x01E1, 38 }, // U+01E1
    { 0x01E2, 15 }, // U+01E2
    { 0x01E4, 17 }, // U+01E4
    { 0x01E5, 43 }, // U+01E5
    { 0x01E6, 17 }, // U+01E6
    { 0x01E7, 43 }, // U+01E7
    { 0x01E8, 20 }, // U+01E8
    { 0x01E9, 47 }, // U+01E9
    { 0x01EA, 23 }, // U+01EA
    { 0x01EB, 50 }, // U+01EB
    { 0x01EC, 23 }, // U+01EC
    { 0x01ED, 50 }, // U+01ED
    { 0x01EE, 75 }, // U+01EE
    { 0x01EF, 76 }, // U+01EF
    { 0x01F0, 46 }, // U+01F0
    { 0x01F1, 34 }, // U+01F1
    { 0x01F2, 60 }, // U+01F2
    { 0x01F3, 60 }, // U+01F3
    { 0x01F4, 17 }, // U+01F4
    { 0x01F5, 43 }, // U+01F5
    { 0x01F6, 55 }, // U+01F6
    { 0x01F7, 77 }, // U+01F7
    { 0x01F8, 18 }, // U+01F8
    { 0x01F9, 49 }, // U+01F9
    { 0x01FA, 11 }, // U+01FA
    { 0x01FB, 38 }, // U+01FB
    { 0x01FC, 15 }, // U+01FC
    { 0x01FE, 23 }, // U+01FE
    { 0x01FF, 50 }, // U+01FF
    { 0x0200, 11 }, // U+0200
    { 0x0201, 38 }, // U+0201
    { 0x0202, 11 }, // U+0202
    { 0x0203, 38 }, // U+0203
    { 0x0204, 15 }, // U+0204
    { 0x0206, 15 }, // U+0206
    { 0x0208, 18 }, // U+0208
    { 0x0209, 45 }, // U+0209
    { 0x020A, 18 }, // U+020A
    { 0x020B, 45 }, // U+020B
    { 0x020C, 23 }, // U+020C
    { 0x020D, 50 }, // U+020D
    { 0x020E, 23 }, // U+020E
    { 0x020F, 50 }, // U+020F
    { 0x0210, 26 }, // U+0210
    { 0x0211, 52 }, // U+0211
    { 0x0212, 26 }, // U+0212
    { 0x0213, 52 }, // U+0213
    { 0x0214, 29 }, // U+0214
    { 0x0215, 55 }, // U+0215
    { 0x0216, 29 }, // U+0216
    { 0x0217, 55 }, // U+0217
    { 0x0218, 27 }, // U+0218
    { 0x0219, 53 }, // U+0219
    { 0x021A, 28 }, // U+021A
    { 0x021B, 54 }, // U+021B
    { 0x021C, 78 }, // U+021C
    { 0x021E, 18 }, // U+021E
    { 0x021F, 44 }, // U+021F
    { 0x0292, 76 }, // U+0292
    { 0x03B8, 79 }, // U+03B8
    { 0x0400, 80 }, // U+0400
    { 0x0401, 80 }, // U+0401
    { 0x0402, 81 }, // U+0402
    { 0x0403, 82 }, // U+0403
    { 0x0404, 83 }, // U+0404
    { 0x0405, 84 }, // U+0405
    { 0x0406, 18 }, // U+0406
    { 0x0407, 18 }, // U+0407
    { 0x0408, 85 }, // U+0408
    { 0x0409, 86 }, // U+0409
    { 0x040A, 86 }, // U+040A
    { 0x040B, 87 }, // U+040B
    { 0x040C, 88 }, // U+040C
    { 0x040D, 18 }, // U+040D
    { 0x040E, 89 }, // U+040E
    { 0x040F, 18 }, // U+040F
    { 0x0410, 90 }, // U+0410
    { 0x0411, 81 }, // U+0411
    { 0x0412, 91 }, // U+0412
    { 0x0413, 82 }, // U+0413
    { 0x0414, 92 }, // U+0414
    { 0x0415, 80 }, // U+0415
    { 0x0416, 93 }, // U+0416
    { 0x0417, 94 }, // U+0417
    { 0x0418, 18 }, // U+0418
    { 0x0419, 18 }, // U+0419
    { 0x041A, 88 }, // U+041A
    { 0x041C, 95 }, // U+041C
    { 0x041D, 18 }, // U+041D
    { 0x041E, 96 }, // U+041E
    { 0x041F, 18 }, // U+041F
    { 0x0420, 97 }, // U+0420
    { 0x0421, 83 }, // U+0421
    { 0x0422, 98 }, // U+0422
    { 0x0423, 89 }, // U+0423
    { 0x0424, 99 }, // U+0424
    { 0x0425, 100 }, // U+0425
    { 0x0426, 92 }, // U+0426
    { 0x0428, 18 }, // U+0428
    { 0x0429, 92 }, // U+0429
    { 0x042A, 86 }, // U+042A
    { 0x042B, 18 }, // U+042B
    { 0x042C, 86 }, // U+042C
    { 0x042D, 101 }, // U+042D
    { 0x042E, 96 }, // U+042E
    { 0x0430, 102 }, // U+0430
    { 0x0431, 103 }, // U+0431
    { 0x0432, 104 }, // U+0432
    { 0x0433, 105 }, // U+0433
    { 0x0434, 106 }, // U+0434
    { 0x0435, 107 }, // U+0435
    { 0x0436, 108 }, // U+0436
    { 0x0437, 109 }, // U+0437
    { 0x043A, 110 }, // U+043A
    { 0x043B, 111 }, // U+043B
    { 0x043C, 112 }, // U+043C
    { 0x043D, 113 }, // U+043D
    { 0x043E, 114 }, // U+043E
    { 0x043F, 113 }, // U+043F
    { 0x0440, 115 }, // U+0440
    { 0x0441, 116 }, // U+0441
    { 0x0442, 117 }, // U+0442
    { 0x0443, 118 }, // U+0443
    { 0x0444, 119 }, // U+0444
    { 0x0445, 120 }, // U+0445
    { 0x0446, 106 }, // U+0446
    { 0x0447, 113 }, // U+0447
    { 0x0448, 113 }, // U+0448
    { 0x0449, 106 }, // U+0449
    { 0x044A, 121 }, // U+044A
    { 0x044B, 113 }, // U+044B
    { 0x044C, 121 }, // U+044C
    { 0x044D, 122 }, // U+044D
    { 0x044E, 123 }, // U+044E
    { 0x044F, 124 }, // U+044F
    { 0x0450, 107 }, // U+0450
    { 0x0451, 107 }, // U+0451
    { 0x0452, 125 }, // U+0452
    { 0x0453, 105 }, // U+0453
    { 0x0454, 126 }, // U+0454
    { 0x0455, 127 }, // U+0455
    { 0x0456, 128 }, // U+0456
    { 0x0457, 128 }, // U+0457
    { 0x0458, 129 }, // U+0458
    { 0x0459, 121 }, // U+0459
    { 0x045A, 121 }, // U+045A
    { 0x045B, 130 }, // U+045B
    { 0x045C, 110 }, // U+045C
    { 0x045E, 118 }, // U+045E
    { 0x045F, 131 }, // U+045F
    { 0x0462, 81 }, // U+0462
    { 0x0463, 132 }, // U+0463
    { 0x0472, 96 }, // U+0472
    { 0x0473, 114 }, // U+0473
    { 0x0474, 133 }, // U+0474
    { 0x0475, 134 }, // U+0475
    { 0x048A, 92 }, // U+048A
    { 0x048B, 106 }, // U+048B
    { 0x048C, 86 }, // U+048C
    { 0x048D, 121 }, // U+048D
    { 0x048F, 115 }, // U+048F
    { 0x0490, 82 }, // U+0490
    { 0x0491, 105 }, // U+0491
    { 0x0492, 82 }, // U+0492
    { 0x0493, 105 }, // U+0493
    { 0x0494, 81 }, // U+0494
    { 0x0495, 135 }, // U+0495
    { 0x0496, 93 }, // U+0496
    { 0x0497, 108 }, // U+0497
    { 0x0498, 94 }, // U+0498
    { 0x0499, 109 }, // U+0499
    { 0x049A, 88 }, // U+049A
    { 0x049B, 110 }, // U+049B
    { 0x049C, 88 }, // U+049C
    { 0x049D, 110 }, // U+049D
    { 0x049E, 88 }, // U+049E
    { 0x049F, 110 }, // U+049F
    { 0x04A0, 88 }, // U+04A0
    { 0x04A1, 110 }, // U+04A1
    { 0x04A2, 92 }, // U+04A2
    { 0x04A3, 106 }, // U+04A3
    { 0x04A4, 98 }, // U+04A4
    { 0x04A5, 105 }, // U+04A5
    { 0x04A6, 86 }, // U+04A6
    { 0x04A7, 136 }, // U+04A7
    { 0x04A8, 137 }, // U+04A8
    { 0x04A9, 138 }, // U+04A9
    { 0x04AA, 83 }, // U+04AA
    { 0x04AB, 116 }, // U+04AB
    { 0x04AC, 98 }, // U+04AC
    { 0x04AD, 117 }, // U+04AD
    { 0x04AE, 139 }, // U+04AE
    { 0x04AF, 140 }, // U+04AF
    { 0x04B0, 139 }, // U+04B0
    { 0x04B1, 140 }, // U+04B1
    { 0x04B2, 100 }, // U+04B2
    { 0x04B3, 120 }, // U+04B3
    { 0x04B4, 92 }, // U+04B4
    { 0x04B5, 106 }, // U+04B5
    { 0x04B6, 92 }, // U+04B6
    { 0x04B7, 106 }, // U+04B7
    { 0x04BA, 141 }, // U+04BA
    { 0x04BB, 142 }, // U+04BB
    { 0x04BC, 143 }, // U+04BC
    { 0x04BE, 143 }, // U+04BE
    { 0x04C0, 18 }, // U+04C0
    { 0x04C1, 93 }, // U+04C1
    { 0x04C2, 108 }, // U+04C2
    { 0x04C3, 144 }, // U+04C3
    { 0x04C4, 145 }, // U+04C4
    { 0x04C6, 106 }, // U+04C6
    { 0x04C7, 85 }, // U+04C7
    { 0x04C8, 146 }, // U+04C8
    { 0x04C9, 92 }, // U+04C9
    { 0x04CA, 106 }, // U+04CA
    { 0x04CC, 113 }, // U+04CC
    { 0x04CD, 92 }, // U+04CD
    { 0x04CE, 106 }, // U+04CE
    { 0x04CF, 18 }, // U+04CF
    { 0x04D0, 90 }, // U+04D0
    { 0x04D1, 102 }, // U+04D1
    { 0x04D2, 90 }, // U+04D2
    { 0x04D3, 102 }, // U+04D3
    { 0x04D4, 147 }, // U+04D4
    { 0x04D5, 148 }, // U+04D5
    { 0x04D6, 80 }, // U+04D6
    { 0x04D7, 107 }, // U+04D7
    { 0x04D8, 149 }, // U+04D8
    { 0x04DA, 149 }, // U+04DA
    { 0x04DC, 93 }, // U+04DC
    { 0x04DD, 108 }, // U+04DD
    { 0x04DE, 94 }, // U+04DE
    { 0x04DF, 109 }, // U+04DF
    { 0x04E0, 150 }, // U+04E0
    { 0x04E1, 151 }, // U+04E1
    { 0x04E2, 18 }, // U+04E2
    { 0x04E4, 18 }, // U+04E4
    { 0x04E6, 96 }, // U+04E6
    { 0x04E7, 114 }, // U+04E7
    { 0x04E8, 96 }, // U+04E8
    { 0x04E9, 114 }, // U+04E9
    { 0x04EA, 96 }, // U+04EA
    { 0x04EB, 114 }, // U+04EB
    { 0x04EC, 101 }, // U+04EC
    { 0x04ED, 109 }, // U+04ED
    { 0x04EE, 89 }, // U+04EE
    { 0x04EF, 118 }, // U+04EF
    { 0x04F0, 89 }, // U+04F0
    { 0x04F1, 118 }, // U+04F1
    { 0x04F2, 89 }, // U+04F2
    { 0x04F3, 118 }, // U+04F3
    { 0x04F6, 82 }, // U+04F6
    { 0x04F7, 105 }, // U+04F7
    { 0x04F8, 18 }, // U+04F8
    { 0x04F9, 113 }, // U+04F9
    { 0x05D0, 152 }, // U+05D0
    { 0x05D1, 153 }, // U+05D1
    { 0x05D2, 154 }, // U+05D2
    { 0x05D3, 155 }, // U+05D3
    { 0x05D5, 156 }, // U+05D5
    { 0x05D6, 157 }, // U+05D6
    { 0x05D8, 158 }, // U+05D8
    { 0x05D9, 159 }, // U+05D9
    { 0x05DB, 160 }, // U+05DB
    { 0x05DC, 161 }, // U+05DC
    { 0x05DE, 162 }, // U+05DE
    { 0x05E0, 163 }, // U+05E0
    { 0x05E1, 164 }, // U+05E1
    { 0x05E2, 165 }, // U+05E2
    { 0x05E4, 166 }, // U+05E4
    { 0x05E6, 167 }, // U+05E6
    { 0x05E8, 168 }, // U+05E8
    { 0x05E9, 169 }, // U+05E9
    { 0x05EA, 170 }, // U+05EA
    { 0x1EF2, 33 }, // U+1EF2
    { 0x1EF3, 59 }, // U+1EF3
    { 0x2013, 7 }, // U+2013
    { 0x2014, 7 }, // U+2014
    { 0x2018, 171 }, // U+2018
    { 0x2019, 172 }, // U+2019
    { 0x201A, 173 }, // U+201A
    { 0x201C, 171 }, // U+201C
    { 0x201D, 172 }, // U+201D
    { 0x201E, 173 }, // U+201E
    { 0x2026, 6 }, // U+2026
    { 0x2039, 64 }, // U+2039
    { 0x203A, 65 }, // U+203A
    { 0xFB00, 42 }, // U+FB00
    { 0xFB01, 45 }, // U+FB01
    { 0xFB02, 48 }, // U+FB02
    { 0xFB03, 45 }, // U+FB03
    { 0xFB04, 48 }, // U+FB04
    { 0xFB8C, 174 }, // U+FB8C
    { 0xFEAD, 174 }, // U+FEAD
    { 0xFEAE, 174 }, // U+FEAE
    { 0xFEAF, 174 }, // U+FEAF
};

static const EpdKernClassEntry ubuntu_10_boldKernRightClasses[] = {
    { 0x0021, 1 }, // !
    { 0x0022, 2 }, // "
    { 0x0026, 3 }, // &
    { 0x0027, 2 }, // '
    { 0x0028, 4 }, // (
    { 0x0029, 5 }, // )
    { 0x002A, 6 }, // *
    { 0x002C, 7 }, // ,
    { 0x002D, 8 }, // -
    { 0x002E, 7 }, // .
    { 0x002F, 9 }, // /
    { 0x003A, 10 }, // :
    { 0x003B, 10 }, // ;
    { 0x003F, 11 }, // ?
    { 0x0040, 12 }, // @
    { 0x0041, 13 }, // A
    { 0x0042, 14 }, // B
    { 0x0043, 15 }, // C
    { 0x0044, 14 }, // D
    { 0x0045, 14 }, // E
    { 0x0046, 14 }, // F
    { 0x0047, 16 }, // G
    { 0x0048, 14 }, // H
    { 0x0049, 14 }, // I
    { 0x004A, 17 }, // J
    { 0x004B, 14 }, // K
    { 0x004C, 14 }, // L
    { 0x004D, 18 }, // M
    { 0x004E, 14 }, // N
    { 0x004F, 19 }, // O
    { 0x0050, 14 }, // P
    { 0x0051, 19 }, // Q
    { 0x0052, 14 }, // R
    { 0x0053, 20 }, // S
    { 0x0054, 21 }, // T
    { 0x0055, 22 }, // U
    { 0x0056, 23 }, // V
    { 0x0057, 24 }, // W
    { 0x0058, 25 }, // X
    { 0x0059, 26 }, // Y
    { 0x005A, 27 }, // Z
    { 0x005B, 28 }, // [
    { 0x005C, 29 }, // <backslash>
    { 0x005D, 30 }, // ]
    { 0x0061, 31 }, // a
    { 0x0062, 32 }, // b
    { 0x0063, 33 }, // c
    { 0x0064, 34 }, // d
    { 0x0065, 33 }, // e
    { 0x0066, 35 }, // f
    { 0x0067, 33 }, // g
    { 0x0068, 36 }, // h
    { 0x0069, 37 }, // i
    { 0x006A, 38 }, // j
    { 0x006B, 36 }, // k
    { 0x006C, 36 }, // l
    { 0x006D, 39 }, // m
    { 0x006E, 39 }, // n
    { 0x006F, 34 }, // o
    { 0x0070, 39 }, // p
    { 0x0071, 33 }, // q
    { 0x0072, 39 }, // r
    { 0x0073, 40 }, // s
    { 0x0074, 41 }, // t
    { 0x0075, 42 }, // u
    { 0x0076, 43 }, // v
    { 0x0077, 44 }, // w
    { 0x0078, 45 }, // x
    { 0x0079, 46 }, // y
    { 0x007A, 47 }, // z
    { 0x007B, 48 }, // {
    { 0x007D, 49 }, // }
    { 0x00AB, 50 }, // U+00AB
    { 0x00BB, 51 }, // U+00BB
    { 0x00C0, 13 }, // U+00C0
    { 0x00C1, 13 }, // U+00C1
    { 0x00C2, 13 }, // U+00C2
    { 0x00C3, 13 }, // U+00C3
    { 0x00C4, 13 }, // U+00C4
    { 0x00C5, 13 }, // U+00C5
    { 0x00C6, 52 }, // U+00C6
    { 0x00C7, 15 }, // U+00C7
    { 0x00C8, 14 }, // U+00C8
    { 0x00C9, 14 }, // U+00C9
    { 0x00CA, 14 }, // U+00CA
    { 0x00CB, 14 }, // U+00CB
    { 0x00CC, 14 }, // U+00CC
    { 0x00CD, 14 }, // U+00CD
    { 0x00CE, 14 }, // U+00CE
    { 0x00CF, 14 }, // U+00CF
    { 0x00D0, 14 }, // U+00D0
    { 0x00D1, 14 }, // U+00D1
    { 0x00D2, 19 }, // U+00D2
    { 0x00D3, 19 }, // U+00D3
    { 0x00D4, 19 }, // U+00D4
    { 0x00D5, 19 }, // U+00D5
    { 0x00D6, 19 }, // U+00D6
    { 0x00D8, 19 }, // U+00D8
    { 0x00D9, 22 }, // U+00D9
    { 0x00DA, 22 }, // U+00DA
    { 0x00DB, 22 }, // U+00DB
    { 0x00DC, 22 }, // U+00DC
    { 0x00DD, 26 }, // U+00DD
    { 0x00DF, 53 }, // U+00DF
    { 0x00E0, 31 }, // U+00E0
    { 0x00E1, 31 }, // U+00E1
    { 0x00E2, 31 }, // U+00E2
    { 0x00E3, 31 }, // U+00E3
    { 0x00E4, 54 }, // U+00E4
    { 0x00E5, 31 }, // U+00E5
    { 0x00E6, 31 }, // U+00E6
    { 0x00E7, 33 }, // U+00E7
    { 0x00E8, 33 }, // U+00E8
    { 0x00E9, 33 }, // U+00E9
    { 0x00EA, 33 }, // U+00EA
    { 0x00EB, 33 }, // U+00EB
    { 0x00EC, 55 }, // U+00EC
    { 0x00ED, 37 }, // U+00ED
    { 0x00EE, 56 }, // U+00EE
    { 0x00EF, 57 }, // U+00EF
    { 0x00F0, 58 }, // U+00F0
    { 0x00F1, 39 }, // U+00F1
    { 0x00F2, 34 }, // U+00F2
    { 0x00F3, 34 }, // U+00F3
    { 0x00F4, 34 }, // U+00F4
    { 0x00F5, 34 }, // U+00F5
    { 0x00F6, 34 }, // U+00F6
    { 0x00F8, 34 }, // U+00F8
    { 0x00F9, 42 }, // U+00F9
    { 0x00FA, 42 }, // U+00FA
    { 0x00FB, 42 }, // U+00FB
    { 0x00FC, 42 }, // U+00FC
    { 0x00FD, 46 }, // U+00FD
    { 0x00FF, 46 }, // U+00FF
    { 0x0100, 13 }, // U+0100
    { 0x0101, 31 }, // U+0101
    { 0x0102, 13 }, // U+0102
    { 0x0103, 31 }, // U+0103
    { 0x0104, 13 }, // U+0104
    { 0x0105, 31 }, // U+0105
    { 0x0106, 15 }, // U+0106
    { 0x0107, 33 }, // U+0107
    { 0x0108, 15 }, // U+0108
    { 0x0109, 33 }, // U+0109
    { 0x010A, 15 }, // U+010A
    { 0x010B, 33 }, // U+010B
    { 0x010C, 15 }, // U+010C
    { 0x010D, 33 }, // U+010D
    { 0x010E, 14 }, // U+010E
    { 0x010F, 34 }, // U+010F
    { 0x0111, 34 }, // U+0111
    { 0x0112, 14 }, // U+0112
    { 0x0113, 33 }, // U+0113
    { 0x0114, 14 }, // U+0114
    { 0x0115, 33 }, // U+0115
    { 0x0116, 14 }, // U+0116
    { 0x0117, 33 }, // U+0117
    { 0x0118, 14 }, // U+0118
    { 0x0119, 33 }, // U+0119
    { 0x011A, 14 }, // U+011A
    { 0x011B, 33 }, // U+011B
    { 0x011C, 16 }, // U+011C
    { 0x011D, 33 }, // U+011D
    { 0x011E, 16 }, // U+011E
    { 0x011F, 33 }, // U+011F
    { 0x0120, 16 }, // U+0120
    { 0x0121, 33 }, // U+0121
    { 0x0122, 16 }, // U+0122
    { 0x0123, 33 }, // U+0123
    { 0x0124, 14 }, // U+0124
    { 0x0125, 36 }, // U+0125
    { 0x0126, 14 }, // U+0126
    { 0x0127, 36 }, // U+0127
    { 0x0128, 14 }, // U+0128
    { 0x0129, 59 }, // U+0129
    { 0x012A, 14 }, // U+012A
    { 0x012B, 60 }, // U+012B
    { 0x012C, 14 }, // U+012C
    { 0x012D, 61 }, // U+012D
    { 0x012E, 14 }, // U+012E
    { 0x012F, 37 }, // U+012F
    { 0x0130, 14 }, // U+0130
    { 0x0131, 37 }, // U+0131
    { 0x0132, 14 }, // U+0132
    { 0x0133, 37 }, // U+0133
    { 0x0134, 17 }, // U+0134
    { 0x0135, 38 }, // U+0135
    { 0x0136, 14 }, // U+0136
    { 0x0137, 36 }, // U+0137
    { 0x0139, 14 }, // U+0139
    { 0x013A, 36 }, // U+013A
    { 0x013B, 14 }, // U+013B
    { 0x013C, 36 }, // U+013C
    { 0x013D, 14 }, // U+013D
    { 0x013E, 36 }, // U+013E
    { 0x013F, 14 }, // U+013F
    { 0x0140, 36 }, // U+0140
    { 0x0141, 14 }, // U+0141
    { 0x0142, 36 }, // U+0142
    { 0x0143, 14 }, // U+0143
    { 0x0144, 39 }, // U+0144
    { 0x0145, 14 }, // U+0145
    { 0x0146, 39 }, // U+0146
    { 0x0147, 14 }, // U+0147
    { 0x0148, 39 }, // U+0148
    { 0x0149, 39 }, // U+0149
    { 0x014A, 62 }, // U+014A
    { 0x014B, 63 }, // U+014B
    { 0x014C, 19 }, // U+014C
    { 0x014D, 34 }, // U+014D
    { 0x014E, 19 }, // U+014E
    { 0x014F, 34 }, // U+014F
    { 0x0150, 19 }, // U+0150
    { 0x0151, 34 }, // U+0151
    { 0x0152, 19 }, // U+0152
    { 0x0153, 34 }, // U+0153
    { 0x0154, 14 }, // U+0154
    { 0x0155, 39 }, // U+0155
    { 0x0156, 14 }, // U+0156
    { 0x0157, 39 }, // U+0157
    { 0x0158, 14 }, // U+0158
    { 0x0159, 39 }, // U+0159
    { 0x015A, 20 }, // U+015A
    { 0x015B, 40 }, // U+015B
    { 0x015C, 20 }, // U+015C
    { 0x015D, 40 }, // U+015D
    { 0x015E, 20 }, // U+015E
    { 0x015F, 40 }, // U+015F
    { 0x0160, 20 }, // U+0160
    { 0x0161, 40 }, // U+0161
    { 0x0162, 21 }, // U+0162
    { 0x0163, 41 }, // U+0163
    { 0x0164, 21 }, // U+0164
    { 0x0165, 41 }, // U+0165
    { 0x0166, 21 }, // U+0166
    { 0x0167, 41 }, // U+0167
    { 0x0168, 22 }, // U+0168
    { 0x0169, 42 }, // U+0169
    { 0x016A, 22 }, // U+016A
    { 0x016B, 42 }, // U+016B
    { 0x016C, 22 }, // U+016C
    { 0x016D, 42 }, // U+016D
    { 0x016E, 22 }, // U+016E
    { 0x016F, 42 }, // U+016F
    { 0x0170, 22 }, // U+0170
    { 0x0171, 42 }, // U+0171
    { 0x0172, 22 }, // U+0172
    { 0x0173, 42 }, // U+0173
    { 0x0174, 24 }, // U+0174
    { 0x0175, 44 }, // U+0175
    { 0x0176, 26 }, // U+0176
    { 0x0177, 46 }, // U+0177
    { 0x0178, 26 }, // U+0178
    { 0x0179, 27 }, // U+0179
    { 0x017A, 47 }, // U+017A
    { 0x017B, 27 }, // U+017B
    { 0x017C, 47 }, // U+017C
    { 0x017D, 27 }, // U+017D
    { 0x017E, 47 }, // U+017E
    { 0x017F, 35 }, // U+017F
    { 0x01A0, 19 }, // U+01A0
    { 0x01A1, 34 }, // U+01A1
    { 0x01AF, 22 }, // U+01AF
    { 0x01B0, 42 }, // U+01B0
    { 0x01C4, 14 }, // U+01C4
    { 0x01C5, 14 }, // U+01C5
    { 0x01C6, 34 }, // U+01C6
    { 0x01C7, 14 }, // U+01C7
    { 0x01C8, 14 }, // U+01C8
    { 0x01C9, 36 }, // U+01C9
    { 0x01CA, 14 }, // U+01CA
    { 0x01CB, 14 }, // U+01CB
    { 0x01CC, 39 }, // U+01CC
    { 0x01CD, 13 }, // U+01CD
    { 0x01CE, 31 }, // U+01CE
    { 0x01CF, 14 }, // U+01CF
    { 0x01D0, 37 }, // U+01D0
    { 0x01D1, 19 }, // U+01D1
    { 0x01D2, 34 }, // U+01D2
    { 0x01D3, 22 }, // U+01D3
    { 0x01D4, 42 }, // U+01D4
    { 0x01D5, 22 }, // U+01D5
    { 0x01D6, 42 }, // U+01D6
    { 0x01D7, 22 }, // U+01D7
    { 0x01D8, 42 }, // U+01D8
    { 0x01D9, 22 }, // U+01D9
    { 0x01DA, 42 }, // U+01DA
    { 0x01DB, 22 }, // U+01DB
    { 0x01DC, 42 }, // U+01DC
    { 0x01DD, 64 }, // U+01DD
    { 0x01DE, 13 }, // U+01DE
    { 0x01DF, 31 }, // U+01DF
    { 0x01E0, 13 }, // U+01E0
    { 0x01E1, 31 }, // U+01E1
    { 0x01E2, 52 }, // U+01E2
    { 0x01E3, 31 }, // U+01E3
    { 0x01E4, 16 }, // U+01E4
    { 0x01E5, 33 }, // U+01E5
    { 0x01E6, 16 }, // U+01E6
    { 0x01E7, 33 }, // U+01E7
    { 0x01E8, 14 }, // U+01E8
    { 0x01E9, 36 }, // U+01E9
    { 0x01EA, 19 }, // U+01EA
    { 0x01EB, 34 }, // U+01EB
    { 0x01EC, 19 }, // U+01EC
    { 0x01ED, 34 }, // U+01ED
    { 0x01EE, 65 }, // U+01EE
    { 0x01F0, 38 }, // U+01F0
    { 0x01F1, 14 }, // U+01F1
    { 0x01F2, 14 }, // U+01F2
    { 0x01F3, 34 }, // U+01F3
    { 0x01F4, 16 }, // U+01F4
    { 0x01F5, 33 }, // U+01F5
    { 0x01F8, 14 }, // U+01F8
    { 0x01F9, 39 }, // U+01F9
    { 0x01FA, 13 }, // U+01FA
    { 0x01FB, 31 }, // U+01FB
    { 0x01FC, 52 }, // U+01FC
    { 0x01FD, 31 }, // U+01FD
    { 0x01FE, 19 }, // U+01FE
    { 0x01FF, 34 }, // U+01FF
    { 0x0200, 13 }, // U+0200
    { 0x0201, 31 }, // U+0201
    { 0x0202, 13 }, // U+0202
    { 0x0203, 31 }, // U+0203
    { 0x0204, 14 }, // U+0204
    { 0x0205, 33 }, // U+0205
    { 0x0206, 14 }, // U+0206
    { 0x0207, 33 }, // U+0207
    { 0x0208, 14 }, // U+0208
    { 0x0209, 37 }, // U+0209
    { 0x020A, 14 }, // U+020A
    { 0x020B, 37 }, // U+020B
    { 0x020C, 19 }, // U+020C
    { 0x020D, 34 }, // U+020D
    { 0x020E, 19 }, // U+020E
    { 0x020F, 34 }, // U+020F
    { 0x0210, 14 }, // U+0210
    { 0x0211, 39 }, // U+0211
    { 0x0212, 14 }, // U+0212
    { 0x0213, 39 }, // U+0213
    { 0x0214, 22 }, // U+0214
    { 0x0215, 42 }, // U+0215
    { 0x0216, 22 }, // U+0216
    { 0x0217, 42 }, // U+0217
    { 0x0218, 20 }, // U+0218
    { 0x0219, 40 }, // U+0219
    { 0x021A, 21 }, // U+021A
    { 0x021B, 41 }, // U+021B
    { 0x021C, 66 }, // U+021C
    { 0x021D, 67 }, // U+021D
    { 0x021E, 14 }, // U+021E
    { 0x021F, 36 }, // U+021F
    { 0x03B8, 68 }, // U+03B8
    { 0x0402, 69 }, // U+0402
    { 0x0404, 70 }, // U+0404
    { 0x0405, 71 }, // U+0405
    { 0x0408, 72 }, // U+0408
    { 0x0409, 73 }, // U+0409
    { 0x040B, 69 }, // U+040B
    { 0x040E, 74 }, // U+040E
    { 0x0410, 75 }, // U+0410
    { 0x0414, 76 }, // U+0414
    { 0x0416, 77 }, // U+0416
    { 0x0417, 78 }, // U+0417
    { 0x041B, 73 }, // U+041B
    { 0x041C, 79 }, // U+041C
    { 0x041E, 80 }, // U+041E
    { 0x0421, 70 }, // U+0421
    { 0x0422, 69 }, // U+0422
    { 0x0423, 74 }, // U+0423
    { 0x0424, 81 }, // U+0424
    { 0x0425, 82 }, // U+0425
    { 0x0427, 83 }, // U+0427
    { 0x042D, 84 }, // U+042D
    { 0x042F, 85 }, // U+042F
    { 0x0430, 86 }, // U+0430
    { 0x0431, 87 }, // U+0431
    { 0x0432, 88 }, // U+0432
    { 0x0433, 89 }, // U+0433
    { 0x0434, 90 }, // U+0434
    { 0x0435, 91 }, // U+0435
    { 0x0436, 92 }, // U+0436
    { 0x0437, 93 }, // U+0437
    { 0x0438, 89 }, // U+0438
    { 0x0439, 89 }, // U+0439
    { 0x043A, 89 }, // U+043A
    { 0x043B, 94 }, // U+043B
    { 0x043C, 95 }, // U+043C
    { 0x043D, 89 }, // U+043D
    { 0x043E, 96 }, // U+043E
    { 0x043F, 89 }, // U+043F
    { 0x0440, 97 }, // U+0440
    { 0x0441, 98 }, // U+0441
    { 0x0442, 99 }, // U+0442
    { 0x0443, 100 }, // U+0443
    { 0x0444, 101 }, // U+0444
    { 0x0445, 102 }, // U+0445
    { 0x0446, 89 }, // U+0446
    { 0x0447, 103 }, // U+0447
    { 0x0448, 89 }, // U+0448
    { 0x0449, 104 }, // U+0449
    { 0x044A, 105 }, // U+044A
    { 0x044B, 89 }, // U+044B
    { 0x044C, 89 }, // U+044C
    { 0x044D, 106 }, // U+044D
    { 0x044E, 107 }, // U+044E
    { 0x044F, 108 }, // U+044F
    { 0x0450, 91 }, // U+0450
    { 0x0451, 91 }, // U+0451
    { 0x0452, 109 }, // U+0452
    { 0x0453, 89 }, // U+0453
    { 0x0454, 110 }, // U+0454
    { 0x0455, 111 }, // U+0455
    { 0x0456, 112 }, // U+0456
    { 0x0457, 113 }, // U+0457
    { 0x0458, 114 }, // U+0458
    { 0x0459, 94 }, // U+0459
    { 0x045A, 89 }, // U+045A
    { 0x045B, 115 }, // U+045B
    { 0x045C, 89 }, // U+045C
    { 0x045D, 89 }, // U+045D
    { 0x045E, 100 }, // U+045E
    { 0x045F, 104 }, // U+045F
    { 0x0462, 69 }, // U+0462
    { 0x0463, 116 }, // U+0463
    { 0x0472, 80 }, // U+0472
    { 0x0473, 96 }, // U+0473
    { 0x0475, 100 }, // U+0475
    { 0x048B, 89 }, // U+048B
    { 0x048D, 117 }, // U+048D
    { 0x048F, 97 }, // U+048F
    { 0x0491, 89 }, // U+0491
    { 0x0493, 89 }, // U+0493
    { 0x0495, 89 }, // U+0495
    { 0x0496, 77 }, // U+0496
    { 0x0497, 92 }, // U+0497
    { 0x0498, 78 }, // U+0498
    { 0x0499, 93 }, // U+0499
    { 0x049B, 89 }, // U+049B
    { 0x049D, 89 }, // U+049D
    { 0x049F, 89 }, // U+049F
    { 0x04A1, 89 }, // U+04A1
    { 0x04A3, 89 }, // U+04A3
    { 0x04A5, 89 }, // U+04A5
    { 0x04A7, 89 }, // U+04A7
    { 0x04A8, 118 }, // U+04A8
    { 0x04A9, 119 }, // U+04A9
    { 0x04AA, 70 }, // U+04AA
    { 0x04AB, 98 }, // U+04AB
    { 0x04AC, 69 }, // U+04AC
    { 0x04AD, 99 }, // U+04AD
    { 0x04AE, 120 }, // U+04AE
    { 0x04AF, 121 }, // U+04AF
    { 0x04B0, 120 }, // U+04B0
    { 0x04B1, 121 }, // U+04B1
    { 0x04B2, 82 }, // U+04B2
    { 0x04B3, 102 }, // U+04B3
    { 0x04B4, 69 }, // U+04B4
    { 0x04B5, 99 }, // U+04B5
    { 0x04B6, 83 }, // U+04B6
    { 0x04B7, 103 }, // U+04B7
    { 0x04B8, 83 }, // U+04B8
    { 0x04B9, 103 }, // U+04B9
    { 0x04BB, 122 }, // U+04BB
    { 0x04BC, 123 }, // U+04BC
    { 0x04BD, 124 }, // U+04BD
    { 0x04BE, 123 }, // U+04BE
    { 0x04BF, 124 }, // U+04BF
    { 0x04C1, 77 }, // U+04C1
    { 0x04C2, 92 }, // U+04C2
    { 0x04C4, 89 }, // U+04C4
    { 0x04C5, 73 }, // U+04C5
    { 0x04C6, 94 }, // U+04C6
    { 0x04C8, 89 }, // U+04C8
    { 0x04CA, 89 }, // U+04CA
    { 0x04CB, 83 }, // U+04CB
    { 0x04CC, 103 }, // U+04CC
    { 0x04CE, 95 }, // U+04CE
    { 0x04D0, 75 }, // U+04D0
    { 0x04D1, 86 }, // U+04D1
    { 0x04D2, 75 }, // U+04D2
    { 0x04D3, 86 }, // U+04D3
    { 0x04D4, 125 }, // U+04D4
    { 0x04D5, 126 }, // U+04D5
    { 0x04D7, 91 }, // U+04D7
    { 0x04D8, 127 }, // U+04D8
    { 0x04D9, 128 }, // U+04D9
    { 0x04DA, 127 }, // U+04DA
    { 0x04DB, 128 }, // U+04DB
    { 0x04DC, 77 }, // U+04DC
    { 0x04DD, 92 }, // U+04DD
    { 0x04DE, 78 }, // U+04DE
    { 0x04DF, 93 }, // U+04DF
    { 0x04E0, 129 }, // U+04E0
    { 0x04E1, 130 }, // U+04E1
    { 0x04E3, 89 }, // U+04E3
    { 0x04E5, 89 }, // U+04E5
    { 0x04E6, 80 }, // U+04E6
    { 0x04E7, 96 }, // U+04E7
    { 0x04E8, 80 }, // U+04E8
    { 0x04E9, 96 }, // U+04E9
    { 0x04EA, 80 }, // U+04EA
    { 0x04EB, 96 }, // U+04EB
    { 0x04EC, 84 }, // U+04EC
    { 0x04ED, 93 }, // U+04ED
    { 0x04EE, 74 }, // U+04EE
    { 0x04EF, 100 }, // U+04EF
    { 0x04F0, 74 }, // U+04F0
    { 0x04F1, 100 }, // U+04F1
    { 0x04F2, 74 }, // U+04F2
    { 0x04F3, 100 }, // U+04F3
    { 0x04F4, 83 }, // U+04F4
    { 0x04F5, 103 }, // U+04F5
    { 0x04F7, 89 }, // U+04F7
    { 0x04F9, 89 }, // U+04F9
    { 0x05D0, 131 }, // U+05D0
    { 0x05D1, 132 }, // U+05D1
    { 0x05D2, 133 }, // U+05D2
    { 0x05D3, 134 }, // U+05D3
    { 0x05D4, 135 }, // U+05D4
    { 0x05D6, 136 }, // U+05D6
    { 0x05D7, 137 }, // U+05D7
    { 0x05D8, 138 }, // U+05D8
    { 0x05D9, 139 }, // U+05D9
    { 0x05DA, 140 }, // U+05DA
    { 0x05DB, 141 }, // U+05DB
    { 0x05DC, 142 }, // U+05DC
    { 0x05DD, 143 }, // U+05DD
    { 0x05DE, 144 }, // U+05DE
    { 0x05E1, 145 }, // U+05E1
    { 0x05E2, 146 }, // U+05E2
    { 0x05E3, 147 }, // U+05E3
    { 0x05E4, 148 }, // U+05E4
    { 0x05E5, 149 }, // U+05E5
    { 0x05E7, 150 }, // U+05E7
    { 0x05E8, 151 }, // U+05E8
    { 0x05E9, 152 }, // U+05E9
    { 0x05EA, 153 }, // U+05EA
    { 0x1EF2, 26 }, // U+1EF2
    { 0x1EF3, 46 }, // U+1EF3
    { 0x2013, 8 }, // U+2013
    { 0x2014, 8 }, // U+2014
    { 0x2018, 154 }, // U+2018
    { 0x2019, 155 }, // U+2019
    { 0x201A, 156 }, // U+201A
    { 0x201C, 154 }, // U+201C
    { 0x201D, 155 }, // U+201D
    { 0x201E, 156 }, // U+201E
    { 0x2026, 7 }, // U+2026
    { 0x2039, 50 }, // U+2039
    { 0x203A, 51 }, // U+203A
    { 0xFB00, 35 }, // U+FB00
    { 0xFB01, 35 }, // U+FB01
    { 0xFB02, 35 }, // U+FB02
    { 0xFB03, 35 }, // U+FB03
    { 0xFB04, 35 }, // U+FB04
    { 0xFB8E, 157 }, // U+FB8E
    { 0xFBA6, 157 }, // U+FBA6
    { 0xFBAA, 157 }, // U+FBAA
    { 0xFE8D, 158 }, // U+FE8D
    { 0xFEA3, 157 }, // U+FEA3
    { 0xFEA9, 159 }, // U+FEA9
    { 0xFEB1, 159 }, // U+FEB1
    { 0xFEB3, 159 }, // U+FEB3
    { 0xFEB9, 159 }, // U+FEB9
    { 0xFEBB, 159 }, // U+FEBB
    { 0xFEC1, 159 }, // U+FEC1
    { 0xFEC3, 159 }, // U+FEC3
    { 0xFEC9, 160 }, // U+FEC9
    { 0xFECB, 158 }, // U+FECB
    { 0xFECD, 160 }, // U+FECD
    { 0xFEDB, 157 }, // U+FEDB
    { 0xFEDF, 158 }, // U+FEDF
    { 0xFEE1, 157 }, // U+FEE1
    { 0xFEE3, 157 }, // U+FEE3
    { 0xFEE9, 157 }, // U+FEE9
    { 0xFEEB, 157 }, // U+FEEB
};

static const int8_t ubuntu_10_boldKernMatrix[] = {
       0,    0,    0,    0,    0,    0,    0,    0,    0,    0,    0,    0,  -17,    0,    0,    0,  -29,    0,    0,    0,    0,    0,    6,    6,    0,    0,    0,    0,    0,    0,    0,    0,    0,    0,    0,    0,    0,    0,    0,    0,    0,    0,    0,    0,    0,    0,    0,    0,    0,    0,    0,  -36,    0,    0,    0,    0,    0,    0,    0,    0,    0,    0,    0,    0,    0,    0,    0,    0,    6,    0,    0,  -32,  -21,    0,  -19,  -19,    0,    0,    0,    0,   -5,    0,    4,    0,    0,   -5,    0,    0,    0,  -14,  -10,    0,    0,  -15,   -5,  -10,    0,  -11,    0,    0,  -16,    0,    0,    0,    0,    0,    0,   -6,    4,   -8,   -5,    0,    0,    0,    4,    0,    0,    0,  -10,    0,    0,    0,    0,    0,  -33,   -5,    0,   -4,    0,    0,    0,    0,    0,    0,    0,    0,    0,    0,    0,    0,    0,    0,    0,    0,    0,    0,    0,    0,    0,    0,    0,    0,    0,    0,    0,    0,    0,    0,    0,    0,
       0,    0,    0,    0,    0,    0,    0,    0,    0,    0,    0,    0,   10,    0,   -7,   -7,    7,    0,   -7,    0,  -27,    0,  -23,  -13,    3,  -33,    0,    0,    0,    0,   -7,    0,   -7,   -7,    0,    0,    0,    0,    0,    0,    0,    0,  -12,  -10,    3,  -12,    0,    0,    0,    0,    0,    0,    0,   -7,    0,    0,    0,    0,    0,    0,    0,    0,    0,    0,    0,    0,    0,    0,    0,    0,    0,    0,    0,    0,    0,    0,    0,    0,    0,    0,    0,    0,    0,    0,    0,    0,    0,    0,    0,    0,    0,    0,    0,    0,    0,    0,    0,    0,    0,    0,    0,    0,    0,    0,    0,    0,    0,    0,    0,    0,    0,    0,    0,    0,    0,    0,    0,    0,    0,    0,    0,    0,    0,    0,    0,    0,    0,    0,    0,    0,    0,    0,    0,    0,    0,    0,    0,    0,    0,    0,    0,    0,    0,    0,    0,    0,    0,    0,    0,    0,    0,    0,    0,    0,    0,    0,    0,    0,    0,    0,
       0,    0,    0,  -10,   27,   -7,    0,   -3,    0,    0,    0,  -10,    0,    0,   -7,   -7,    0,    0,   -7,    0,    8,    0,   10,    9,    9,   11,    3,    0,    0,    0,   -8,    0,  -10,  -10,   -4,    0,    4,   28,   -7,   -6,    0,   -8,   -3,   -3,    0,   10,    0,    0,    0,    0,    0,    0,   -5,   -8,    4,    4,    4,  -10,    4,    4,    4,    0,    0,    0,    0,    0,    0,   -5,    8,   -7,   -4,    0,    0,    6,    0,    7,    7,    0,    0,   -7,  -10,    9,    0,    0,    0,   -8,   -4,   -5,   -5,    7,   -8,    0,    0,    0,   -3,  -10,    0,   -8,    0,   10,  -12,    0,   -7,   -5,    0,    0,   -5,    0,    6,   -6,   -6,    4,    4,   28,    6,    0,    0,  -11,  -10,    8,    0,    0,    0,   -5,    4,   -6,   -4,   -6,    0,    4,    0,    0,    0,    0,    0,    0,    0,    0,    0,    0,    0,    0,    0,    0,    0,    0,    0,    0,    0,    0,    0,    0,    0,    0,    0,    0,    0,    0,    0,    0,
       0,    0,    0,   -8,    0,   -6,    0,    7,    0,    0,    0,   -4,   -7,    0,    0,    0,   -4,    0,    0,    0,   -6,    0,  -11,   -4,   -7,  -13,   -4,    0,    0,    0,    0,    0,    0,    0,    0,    0,    0,    0,    0,    0,    0,    0,    0,    0,   -5,    0,    0,    0,    0,    0,    0,   -7,    0,    0,    0,    0,    0,    0,    0,    0,    0,   -7,    0,    0,    0,    0,    0,    0,   -6,    0,   -5,   -4,    0,   -7,   -7,    0,   -5,   -5,    0,    0,    0,   -7,    0,   -7,   -7,    0,    0,    0,    0,    0,    0,    0,    0,    0,    0,    0,    0,    0,    0,    0,    0,   -5,    0,    0,    0,    0,    0,    0,   -6,    0,    0,    0,    0,    0,    0,    0,    0,    0,    0,  -11,    0,    0,    0,    0,    0,    0,    0,    0,   -6,   -6,    0,    0,    0,    0,    0,    0,    0,    0,    0,    0,    0,    0,    0,    0,    0,    0,    0,    0,    0,    0,    0,    0,    0,    0,    0,    0,    0,    0,    0,    0,
       0,    0,    0,    0,    0,    0,    0,    0,    0,    0,    0,   -6,  -27,    0,    0,    0,  -35,   -3,    0,    0,    0,    0,    0,    0,   -7,   -3,    0,    0,    0,    0,   -6,    0,  -10,  -10,    0,    0,    0,   -3,    0,   -3,    0,    0,    5,    5,    4,    5,    0,    0,    0,    0,    0,  -46,    0,   -6,    0,    0,    0,  -16,    0,    0,    0,   -4,    0,    0,    0,    0,    0,    0,    0,    0,    0,  -35,  -25,   -4,  -27,  -24,   -6,   -5,   -3,    0,    0,   -7,    0,   -5,    0,   -6,    0,    0,    0,  -15,   -5,    0,    0,  -15,   -5,  -10,    0,   -5,    0,    0,   -6,    4,    0,    0,    0,    0,    0,   -4,    0,   -3,   -3,    0,    0,   -3,    0,    0,    0,    0,   -5,    0,    0,    0,    0,    0,  -24,   -4,   -4,    0,   -4,    0,    0,    0,    0,    0,    0,    0,    0,    0,    0,    0,    0,    0,    0,    0,    0,    0,    0,    0,    0,    0,    0,    0,    0,    0,    0,    0,    0,    0,    0,    0,
       0,    0,    0,    0,    0,    0,    0,    0,    0,    0,    0,    0,   10,    0,  -13,  -13,   13,    0,  -13,    4,  -27,  -10,  -27,  -14,    8,  -32,    7,    0,    0,    0,  -10,    0,  -10,  -10,    0,    0,    0,    0,    0,    0,    0,    0,  -19,  -18,    7,  -19,    6,    0,    0,    0,    0,    8,    0,  -10,    0,    0,    0,   -7,    0,    0,    0,    0,    0,    0,    0,    0,    0,   -7,  -27,   -5,    4,   13,    8,    0,   10,    9,    4,    5,    0,  -13,  -13,    8,  -25,    0,    0,    0,    0,    0,    0,    9,    0,    0,    5,    9,    0,  -10,    0,    0,  -12,  -10,    0,    7,  -15,    0,   -6,    5,    0,    0,    0,    0,    0,    0,    0,    0,    0,   -5,    0,   -6,    0,  -21,  -11,    0,  -28,  -16,   10,    0,   -3,    0,    4,  -14,    0,    0,    0,    0,    0,    0,    0,    0,    0,    0,    0,    0,    0,    0,    0,    0,    0,    0,    0,    0,    0,    0,    0,    0,    0,    0,    0,    0,    0,    0,
       0,    0,    0,    0,    0,    0,    0,    0,    0,    0,    0,    0,    0,    0,    7,    7,   -5,    0,    7,    0,  -18,    0,  -10,    0,  -11,  -22,   -3,    0,    0,    0,    5,    0,    4,    4,    7,    0,    0,    0,    0,    0,    0,    0,    0,    3,   -7,    0,    0,    0,    0,    0,    0,  -15,    0,    5,    0,    0,    0,    4,    0,    0,    0,    6,    0,    0,    0,    0,    0,    7,  -18,    7,   -3,   -5,    0,   -8,    0,    0,  -10,    0,    0,    7,    6,  -11,    0,   -5,    0,    5,    8,    4,    4,    0,    8,   -8,    0,    0,    0,    4,    4,    8,    0,    0,    8,   -7,    7,    4,    0,    0,    4,    4,    0,   10,    0,    4,    4,    4,    0,    0,    5,    7,    8,  -15,    0,    4,    0,    9,    0,    0,    7,    8,   -5,    0,    0,    0,    0,    0,    0,    0,    0,    0,    0,    0,    0,    0,    0,    0,    0,    0,    0,    0,    0,    0,    0,    0,    0,    0,    0,    0,    0,    0,    0,    0,
       0,    0,    0,    0,    0,    0,    0,    0,    0,    0,    0,  -12,  -22,    0,   -8,   -8,  -24,    0,   -8,    0,   14,    0,   16,   14,   11,   17,    6,    0,    0,    0,  -13,    6,  -19,  -19,    0,    6,    5,    5,  -11,  -10,    0,   -6,    0,    0,    0,    0,   -3,    0,    0,    0,    0,  -40,    0,  -13,    5,    5,    5,  -16,    5,    5,    5,    0,    0,    0,    0,    0,    0,    0,   14,   -6,    0,  -24,  -18,    7,  -22,  -17,    9,    0,    0,   -8,   -6,   11,    4,    0,   -6,  -13,   -4,   -5,   -5,  -15,  -11,    0,    0,  -15,   -9,  -19,   -5,  -11,    0,    0,  -12,    0,    0,   -5,    0,    0,   -4,   -9,    8,   -9,  -10,    5,    5,    5,    8,    0,    0,   -6,  -11,   10,    0,    0,    0,    0,  -18,   -7,    0,   -6,    0,   -3,    0,    0,    0,    0,    0,    0,    0,    0,    0,    0,    0,    0,    0,    0,    0,    0,    0,    0,    0,    0,    0,    0,    0,    0,    0,    0,    0,    0,    0,    0,
       0,    0,    0,    0,    0,    0,    0,    0,    0,    0,    0,    0,    6,    0,    0,    0,    8,    0,    0,    0,  -21,    0,   -4,    0,    5,  -13,    4,    0,    0,    0,    0,    0,    0,    0,    0,    0,    0,    0,    0,    0,    0,    0,    5,    5,    4,    5,    3,    0,    0,    0,    0,    5,    0,    0,    0,    0,    0,    0,    0,    0,    0,    0,    0,    0,    0,    0,    0,    0,  -21,    0,    0,    8,    0,    0,    6,    0,    0,    0,    0,    0,    0,    5,    0,    0,    0,    0,    0,    0,    0,    0,    0,    0,    0,    5,    0,    0,    0,    0,    0,    0,    0,    4,    0,    0,    0,    0,    0,    0,    0,    0,    0,    0,    0,    0,    0,    5,    5,    0,    0,   -7,    0,    0,    5,    5,    7,    0,    0,    0,    0,    0,    0,    0,    0,    0,    0,    0,    0,    0,    0,    0,    0,    0,    0,    0,    0,    0,    0,    0,    0,    0,    0,    0,    0,    0,    0,    0,    0,    0,    0,    0,
       0,    0,    0,    0,    0,    0,    0,    0,    0,    0,    0,    0,   -7,    0,    0,    0,   -6,    0,    0,    0,  -12,    0,  -10,   -4,   -8,  -14,   -4,    0,    0,    0,    0,    0,    0,    0,    0,    0,    0,    0,    0,    0,    0,    0,    0,    0,   -3,    0,    0,    0,    0,    0,    0,  -18,    0,    0,    0,    0,    0,    0,    0,    0,    0,   -5,    0,    0,    0,    0,    0,    0,  -12,    0,   -4,   -6,    0,   -8,   -7,    0,  -11,   -6,    0,    0,    0,   -8,    0,   -9,   -6,    0,    0,    0,    0,    0,    0,    0,    0,    0,    0,    0,    0,    0,    0,    0,    0,   -3,    0,    0,    0,    0,    0,    0,   -5,    0,    0,    0,    0,    0,    0,    0,    0,    0,    0,  -12,    0,    0,    0,    0,   -6,    0,    0,    0,   -6,    0,    0,    0,    0,    0,    0,    0,    0,    0,    0,    0,    0,    0,    0,    0,    0,    0,    0,    0,    0,    0,    0,    0,    0,    0,    0,    0,    0,    0,    0,    0,
       0,  -17,    0,   -6,    0,  -27,   10,    0,    8,    6,  -11,    0,   12,    0,   -8,   -8,   11,    0,   -8,    6,  -27,   -7,  -22,  -13,   12,  -33,    8,    0,  -27,   -9,   -4,    0,   -4,   -4,    0,    0,    0,    0,    0,    3,    0,    0,  -12,   -9,    8,  -12,    5,   -3,    0,   -5,    4,    7,    0,   -4,    0,    0,    0,   -5,    0,    0,    0,    0,    0,    0,    0,  -15,    0,    0,    0,    0,    0,    0,    0,    0,    0,    0,    0,    0,    0,    0,    0,    0,    0,    0,    0,    0,    0,    0,    0,    0,    0,    0,    0,    0,    0,    0,    0,    0,    0,    0,    0,    0,    0,    0,    0,    0,    0,    0,    0,    0,    0,    0,    0,    0,    0,    0,    0,    0,    0,    0,    0,    0,    0,    0,    0,    0,    0,    0,    0,    0,    0,    0,    0,    0,    0,    0,    0,    0,    0,    0,    0,    0,    0,    0,    0,    0,    0,    0,    0,    0,    0,    0,    0,  -25,  -22,   14,    0,    0,    0,    0,
       0,    0,    0,    0,   -4,   -4,    0,    4,  -10,    4,   -7,    0,   -3,    0,    0,    0,    0,    0,    0,    0,   -6,    0,  -10,   -3,   -7,  -11,    0,    0,   -7,   -8,    0,    0,    0,    0,    0,    0,    0,    0,    0,    0,    0,    0,   -3,    0,   -3,   -3,   -3,    0,   -3,    3,    4,   -9,    0,    0,    0,    0,    0,    0,    0,    0,    0,    0,    0,    0,    0,   -5,    0,    0,    0,    0,    0,    0,    0,    0,    0,    0,    0,    0,    0,    0,    0,    0,    0,    0,    0,    0,    0,    0,    0,    0,    0,    0,    0,    0,    0,    0,    0,    0,    0,    0,    0,    0,    0,    0,    0,    0,    0,    0,    0,    0,    0,    0,    0,    0,    0,    0,    0,    0,    0,    0,    0,    0,    0,    0,    0,    0,    0,    0,    0,    0,    0,    0,    0,    0,    0,    0,    0,    0,    0,    0,    0,    0,    0,    0,    0,    0,    0,    0,    0,    0,    0,    0,    0,    0,    0,    4,    0,    0,    0,    0,
       0,    0,    3,   -4,    5,   -3,    8,   -4,    4,    6,    5,    0,    9,    0,   -8,   -8,   10,    0,   -8,    6,    7,    0,    7,    6,    9,    8,    6,    0,    7,    9,    3,    0,   -4,   -4,    0,    0,    0,    0,    0,    2,    0,   -4,    0,    0,    8,    0,    5,    0,    0,   -8,    5,    9,    0,    3,    0,    0,    0,   -3,    0,    0,    0,    0,    0,    0,    0,    0,    0,    0,    0,    0,    0,    0,    0,    0,    0,    0,    0,    0,    0,    0,    0,    0,    0,    0,    0,    0,    0,    0,    0,    0,    0,    0,    0,    0,    0,    0,    0,    0,    0,    0,    0,    0,    0,    0,    0,    0,    0,    0,    0,    0,    0,    0,    0,    0,    0,    0,    0,    0,    0,    0,    0,    0,    0,    0,    0,    0,    0,    0,    0,    0,    0,    0,    0,    0,    0,    0,    0,    0,    0,    0,    0,    0,    0,    0,    0,    0,    0,    0,    0,    0,    0,    0,    0,    7,   12,   13,    0,    0,    0,    0,
       0,    0,    0,    0,   -7,    0,  -13,    7,  -17,    0,   -6,    0,   -8,    0,    0,    0,   -8,    0,    0,    0,   -8,    0,   -8,   -3,  -13,  -15,   -3,    0,    0,   -7,    0,    0,    0,    0,    0,    0,    0,    0,    0,    0,    0,    0,    0,    0,    0,    0,    0,    0,   -5,    3,    0,  -20,    0,    0,    0,    0,    0,    0,    0,    0,    0,    0,    0,    0,   -5,   -7,    0,    0,    0,    0,    0,    0,    0,    0,    0,    0,    0,    0,    0,    0,    0,    0,    0,    0,    0,    0,    0,    0,    0,    0,    0,    0,    0,    0,    0,    0,    0,    0,    0,    0,    0,    0,    0,    0,    0,    0,    0,    0,    0,    0,    0,    0,    0,    0,    0,    0,    0,    0,    0,    0,    0,    0,    0,    0,    0,    0,    0,    0,    0,    0,    0,    0,    0,    0,    0,    0,    0,    0,    0,    0,    0,    0,    0,    0,    0,    0,    0,    0,    0,    0,    0,    0,    0,    0,    3,   -4,    0,    0,    0,    0,
       0,    0,    0,    0,    0,    0,    0,    0,    0,    0,    0,    0,    0,    0,    0,    0,    8,    0,   -6,    0,    0,    0,    4,    0,    7,    3,    4,    0,    0,    0,   -4,    0,   -4,   -4,    0,    0,    0,    0,    0,    0,    0,    0,    0,    0,    7,    0,    0,    0,    0,    0,    4,    6,    0,   -4,    0,    0,    0,   -3,    0,    0,    0,    3,    0,    0,    0,    0,    0,    0,    0,    0,    0,    0,    0,    0,    0,    0,    0,    0,    0,    0,    0,    0,    0,    0,    0,    0,    0,    0,    0,    0,    0,    0,    0,    0,    0,    0,    0,    0,    0,    0,    0,    0,    0,    0,    0,    0,    0,    0,    0,    0,    0,    0,    0,    0,    0,    0,    0,    0,    0,    0,    0,    0,    0,    0,    0,    0,    0,    0,    0,    0,    0,    0,    0,    0,    0,    0,    0,    0,    0,    0,    0,    0,    0,    0,    0,    0,    0,    0,    0,    0,    0,    0,    0,    4,    6,   13,    0,    0,    0,    0,
       0,    0,   -7,   -5,    7,    0,  -21,    5,  -26,    0,    7,   -3,  -16,    0,   -3,   -3,  -25,   -3,   -3,    0,    7,    0,    9,    7,    4,    9,    0,    0,   10,    9,   -8,    0,   -3,   -3,    0,    0,    0,    0,   -7,   -4,    0,   -7,    0,    0,   -3,    0,   -7,    0,    0,    0,   -4,  -39,    0,   -8,    0,    0,    0,   -3,    0,    0,    0,    0,    0,    0,    0,    0,    0,    0,    0,    0,    0,    0,    0,    0,    0,    0,    0,    0,    0,    0,    0,    0,    0,    0,    0,    0,    0,    0,    0,    0,    0,    0,    0,    0,    0,    0,    0,    0,    0,    0,    0,    0,    0,    0,    0,    0,    0,    0,    0,    0,    0,    0,    0,    0,    0,    0,    0,    0,    0,    0,    0,    0,    0,    0,    0,    0,    0,    0,    0,    0,    0,    0,    0,    0,    0,    0,    0,    0,    0,    0,    0,    0,    0,    0,    0,    0,    0,    0,    0,    0,    0,    0,    0,   13,   12,  -21,    0,    0,    0,    0,
       0,    0,    0,    0,    0,   -9,    7,    6,    0,    3,    0,    0,    0,    0,    0,    0,    0,    0,    0,    0,   -3,    0,   -7,   -7,    0,   -7,    0,    0,    0,    0,    0,    0,    0,    0,    0,    0,    0,    0,    0,    0,    0,    0,   -4,    0,    0,   -4,    0,    0,    0,    0,    0,    0,    0,    0,    0,    0,    0,    0,    0,    0,    0,    0,    0,    0,    0,    0,    0,    0,    0,    0,    0,    0,    0,    0,    0,    0,    0,    0,    0,    0,    0,    0,    0,    0,    0,    0,    0,    0,    0,    0,    0,    0,    0,    0,    0,    0,    0,    0,    0,    0,    0,    0,    0,    0,    0,    0,    0,    0,    0,    0,    0,    0,    0,    0,    0,    0,    0,    0,    0,    0,    0,    0,    0,    0,    0,    0,    0,    0,    0,    0,    0,    0,    0,    0,    0,    0,    0,    0,    0,    0,    0,    0,    0,    0,    0,    0,    0,    0,    0,    0,    0,    0,    0,   -3,    0,    8,    0,    0,    0,    0,
       0,    0,    0,    0,    0,    0,    0,    0,   -3,    0,    0,    0,    0,    0,    0,    0,    0,    0,    0,    0,    0,    0,    0,    0,    0,    0,    0,    0,    0,    0,    0,    0,    0,    0,    0,    0,    0,    0,    0,    0,    0,    0,    0,    0,    0,    0,    0,    0,    0,    0,    0,    0,    0,    0,    0,    0,    0,    0,    0,    0,    0,    0,    0,    0,    0,    0,    0,    0,    0,    0,    0,    0,    0,    0,    0,    0,    0,    0,    0,    0,    0,    0,    0,    0,    0,    0,    0,    0,    0,    0,    0,    0,    0,    0,    0,    0,    0,    0,    0,    0,    0,    0,    0,    0,    0,    0,    0,    0,    0,    0,    0,    0,    0,    0,    0,    0,    0,    0,    0,    0,    0,    0,    0,    0,    0,    0,    0,    0,    0,    0,    0,    0,    0,    0,    0,    0,    0,    0,    0,    0,    0,    0,    0,    0,    0,    0,    0,    0,    0,    0,    0,    0,    0,    0,    0,    0,    0,    0,    0,    0,
       0,    0,    0,    0,    0,    0,    0,    0,  -10,    0,    0,    0,   -6,    0,    0,    0,   -4,    0,    0,    0,    0,    0,    0,    0,    0,    0,    0,    0,    3,    0,    0,    0,    0,    0,    0,    0,    0,    0,    0,    0,    0,    0,    0,    0,    0,    0,    0,    0,    0,    0,    3,  -13,    0,    0,    0,    0,    0,    0,    0,    0,    0,    0,    0,    0,    0,    0,    0,    0,    0,    0,    0,    0,    0,    0,    0,    0,    0,    0,    0,    0,    0,    0,    0,    0,    0,    0,    0,    0,    0,    0,    0,    0,    0,    0,    0,    0,    0,    0,    0,    0,    0,    0,    0,    0,    0,    0,    0,    0,    0,    0,    0,    0,    0,    0,    0,    0,    0,    0,    0,    0,    0,    0,    0,    0,    0,    0,    0,    0,    0,    0,    0,    0,    0,    0,    0,    0,    0,    0,    0,    0,    0,    0,    0,    0,    0,    0,    0,    0,    0,    0,    0,    0,    0,    5,    5,    0,    0,    0,    0,    0,
       0,    0,   -7,   -6,    8,  -13,   10,  -17,    8,    3,    0,   -5,    8,    0,  -18,  -18,    7,    0,  -18,    0,    8,    0,    6,    4,   12,    6,    8,    0,    7,    9,   -3,    0,  -13,  -13,    0,    0,    0,    0,    0,    3,   -3,  -11,  -15,  -15,   11,  -15,    7,   -4,    0,  -17,    0,    9,    0,   -3,    0,    0,   14,  -11,   12,   10,    3,    0,    0,   -6,    0,    0,    0,    0,    0,    0,    0,    0,    0,    0,    0,    0,    0,    0,    0,    0,    0,    0,    0,    0,    0,    0,    0,    0,    0,    0,    0,    0,    0,    0,    0,    0,    0,    0,    0,    0,    0,    0,    0,    0,    0,    0,    0,    0,    0,    0,    0,    0,    0,    0,    0,    0,    0,    0,    0,    0,    0,    0,    0,    0,    0,    0,    0,    0,    0,    0,    0,    0,    0,    0,    0,    0,    0,    0,    0,    0,    0,    0,    0,    0,    0,    0,    0,    0,    0,    0,    0,    0,    0,    0,    0,   10,    0,    0,    0,    0,
       3,  -32,    3,    0,    0,  -34,   13,   -7,    6,    8,  -12,    0,   10,    0,   -7,   -7,   10,    3,   -7,    6,  -26,   -3,  -28,  -17,   10,  -33,    6,    0,  -27,  -11,    4,    0,    0,    0,    0,    0,    0,    0,    0,    3,    0,    0,  -16,  -10,   10,  -16,    5,   -5,   -4,   -6,    7,   10,    0,    4,    0,    0,    0,    0,    0,    0,    0,    0,    0,    0,    0,  -17,    0,    0,    0,    0,    0,    0,    0,    0,    0,    0,    0,    0,    0,    0,    0,    0,    0,    0,    0,    0,    0,    0,    0,    0,    0,    0,    0,    0,    0,    0,    0,    0,    0,    0,    0,    0,    0,    0,    0,    0,    0,    0,    0,    0,    0,    0,    0,    0,    0,    0,    0,    0,    0,    0,    0,    0,    0,    0,    0,    0,    0,    0,    0,    0,    0,    0,    0,    0,    0,    0,    0,    0,    0,    0,    0,    0,    0,    0,    0,    0,    0,    0,    0,    0,    0,    0,    0,  -21,  -18,   16,    0,    0,    0,    0,
       0,    0,    0,    0,    0,   -3,    0,    0,   -3,    0,   -5,    0,    0,    0,    0,    0,    0,    0,    0,    0,   -3,    0,   -3,    0,    0,   -5,    0,    0,   -7,    0,    0,    0,    0,    0,    0,    0,    0,    0,    0,    0,    0,    0,    0,    0,    0,    0,    0,    0,    0,    0,    0,    0,    0,    0,    0,    0,    0,    0,    0,    0,    0,    0,    0,    0,    0,    0,    0,    0,    0,    0,    0,    0,    0,    0,    0,    0,    0,    0,    0,    0,    0,    0,    0,    0,    0,    0,    0,    0,    0,    0,    0,    0,    0,    0,    0,    0,    0,    0,    0,    0,    0,    0,    0,    0,    0,    0,    0,    0,    0,    0,    0,    0,    0,    0,    0,    0,    0,    0,    0,    0,    0,    0,    0,    0,    0,    0,    0,    0,    0,    0,    0,    0,    0,    0,    0,    0,    0,    0,    0,    0,    0,    0,    0,    0,    0,    0,    0,    0,    0,    0,    0,    0,    0,   -7,   -5,    0,    0,    0,    0,    0,
       0,    0,    0,    0,   -7,    0,  -13,    7,  -17,    0,   -6,    0,   -8,    0,    0,    0,   -8,    0,    0,    0,   -8,    0,   -8,   -3,  -13,  -15,   -3,    0,    0,   -7,    0,    0,    0,    0,    0,    0,    0,    0,    0,    0,    0,    0,    0,    0,    0,    0,    0,    0,   -4,    3,    0,  -20,    0,    0,    0,    0,    0,    0,    0,    0,    0,    0,    0,    0,   -4,   -7,    0,    0,    0,    0,    0,    0,    0,    0,    0,    0,    0,    0,    0,    0,    0,    0,    0,    0,    0,    0,    0,    0,    0,    0,    0,    0,    0,    0,    0,    0,    0,    0,    0,    0,    0,    0,    0,    0,    0,    0,    0,    0,    0,    0,    0,    0,    0,    0,    0,    0,    0,    0,    0,    0,    0,    0,    0,    0,    0,    0,    0,    0,    0,    0,    0,    0,    0,    0,    0,    0,    0,    0,    0,    0,    0,    0,    0,    0,    0,    0,    0,    0,    0,    0,    0,    0,    0,    0,    3,   -4,    0,    0,    0,    0,
       0,    0,   -7,    0,   -3,    0,  -35,    0,  -26,    4,    0,    0,  -23,    0,    0,    0,  -30,    0,    0,    0,    4,    0,    0,    0,   -7,   -3,    0,   -5,    0,   -4,   -7,    0,   -5,   -5,    0,    0,    0,    0,    0,    0,    0,    0,    7,    7,    4,    7,    0,    0,   -3,   -3,    4,  -42,    0,   -7,    0,    0,    0,   -8,    0,    0,    0,    0,    0,    0,    0,    0,    0,    0,    0,    0,    0,    0,    0,    0,    0,    0,    0,    0,    0,    0,    0,    0,    0,    0,    0,    0,    0,    0,    0,    0,    0,    0,    0,    0,    0,    0,    0,    0,    0,    0,    0,    0,    0,    0,    0,    0,    0,    0,    0,    0,    0,    0,    0,    0,    0,    0,    0,    0,    0,    0,    0,    0,    0,    0,    0,    0,    0,    0,    0,    0,    0,    0,    0,    0,    0,    0,    0,    0,    0,    0,    0,    0,    0,    0,    0,    0,    0,    0,    0,    0,    0,    0,    0,   10,   10,  -31,    0,    0,    0,    0,
       0,    0,    0,    0,   -7,    0,  -13,    7,  -17,    0,   -6,    0,   -8,    0,    0,    0,   -8,    0,    0,    0,   -8,    0,   -8,   -3,  -13,  -15,   -3,    0,    0,   -7,    0,    0,    0,    0,    0,    0,    0,    5,    0,    0,    0,    0,    0,    0,    0,    0,    0,    0,    0,    3,    0,  -20,    0,    0,    0,    0,    0,    0,    0,    0,    0,    0,    0,    0,   -4,    0,    0,    0,    0,    0,    0,    0,    0,    0,    0,    0,    0,    0,    0,    0,    0,    0,    0,    0,    0,    0,    0,    0,    0,    0,    0,    0,    0,    0,    0,    0,    0,    0,    0,    0,    0,    0,    0,    0,    0,    0,    0,    0,    0,    0,    0,    0,    0,    0,    0,    0,    0,    0,    0,    0,    0,    0,    0,    0,    0,    0,    0,    0,    0,    0,    0,    0,    0,    0,    0,    0,    0,    0,    0,    0,    0,    0,    0,    0,    0,    0,    0,    0,    0,    0,    0,    0,    0,    0,    3,   -4,    0,    0,    0,    0,
       0,    0,    0,    0,    0,   -3,    8,   -7,    6,    4,   -5,   -3,   10,    0,   -6,   -6,    9,    0,   -6,    0,   -3,   -3,   -5,    0,    7,  -11,    6,    0,   -3,   -8,   -8,    0,   -8,   -8,    0,    0,    0,    0,    0,    0,   -3,   -3,    0,    0,    6,    0,    3,    0,    0,   -7,    0,    7,    0,   -8,    0,    0,    0,   -9,    0,    0,    0,    0,    0,    0,    0,    0,    0,    0,    0,    0,    0,    0,    0,    0,    0,    0,    0,    0,    0,    0,    0,    0,    0,    0,    0,    0,    0,    0,    0,    0,    0,    0,    0,    0,    0,    0,    0,    0,    0,    0,    0,    0,    0,    0,    0,    0,    0,    0,    0,    0,    0,    0,    0,    0,    0,    0,    0,    0,    0,    0,    0,    0,    0,    0,    0,    0,    0,    0,    0,    0,    0,    0,    0,    0,    0,    0,    0,    0,    0,    0,    0,    0,    0,    0,    0,    0,    0,    0,    0,    0,    0,    0,    0,    4,    4,   11,    0,    0,    0,    0,
       0,    0,    0,    0,   -3,  -12,    3,    9,   -5,    0,   -3,    0,    0,    0,    0,    0,    0,    0,    0,    0,   -7,    0,   -3,   -3,    0,   -3,    0,    0,    0,    0,    4,    0,    0,    0,    0,    0,    0,    0,    0,    0,    0,    0,   -5,   -4,   -4,   -5,    0,    0,    0,    5,    0,   -7,    0,    4,    0,    0,    0,    0,    0,    0,    0,    0,    0,    0,    0,    0,    0,    0,    0,    0,    0,    0,    0,    0,    0,    0,    0,    0,    0,    0,    0,    0,    0,    0,    0,    0,    0,    0,    0,    0,    0,    0,    0,    0,    0,    0,    0,    0,    0,    0,    0,    0,    0,    0,    0,    0,    0,    0,    0,    0,    0,    0,    0,    0,    0,    0,    0,    0,    0,    0,    0,    0,    0,    0,    0,    0,    0,    0,    0,    0,    0,    0,    0,    0,    0,    0,    0,    0,    0,    0,    0,    0,    0,    0,    0,    0,    0,    0,    0,    0,    0,    0,    0,   -7,    0,    6,    0,    0,    0,    0,
       0,    0,   -7,   -6,    8,    0,  -27,  -18,  -33,  -20,    9,  -12,  -27,    0,   -8,   -8,  -28,   -3,   -8,    0,    9,    0,   10,    9,    9,   11,    3,    0,   13,   10,  -25,    0,  -25,  -25,    0,    0,    0,    0,  -23,  -24,    0,  -23,  -25,  -25,  -25,  -25,  -24,   -6,    0,  -25,  -22,  -38,    0,  -25,   -3,    9,   15,  -31,   15,   11,   10,    0,  -18,  -20,    0,    0,    0,    0,    0,    0,    0,    0,    0,    0,    0,    0,    0,    0,    0,    0,    0,    0,    0,    0,    0,    0,    0,    0,    0,    0,    0,    0,    0,    0,    0,    0,    0,    0,    0,    0,    0,    0,    0,    0,    0,    0,    0,    0,    0,    0,    0,    0,    0,    0,    0,    0,    0,    0,    0,    0,    0,    0,    0,    0,    0,    0,    0,    0,    0,    0,    0,    0,    0,    0,    0,    0,    0,    0,    0,    0,    0,    0,    0,    0,    0,    0,    0,    0,    0,    0,    0,    0,    0,    9,    7,  -18,    0,    0,    0,    0,
       0,    0,    0,    0,    0,    0,  -10,    0,  -18,    3,    0,    0,   -7,    0,    0,    0,   -6,    0,    0,    0,    0,    0,    0,    0,    0,    0,    0,    0,    3,    0,    0,    0,    0,    0,    0,    0,    0,    0,    0,    0,    0,    0,    0,    0,    0,    0,    0,    0,    0,    0,    0,  -18,    0,    0,    0,    0,    0,    0,    0,    0,    0,    0,    0,    0,    0,    0,    0,    0,    0,    0,    0,    0,    0,    0,    0,    0,    0,    0,    0,    0,    0,    0,    0,    0,    0,    0,    0,    0,    0,    0,    0,    0,    0,    0,    0,    0,    0,    0,    0,    0,    0,    0,    0,    0,    0,    0,    0,    0,    0,    0,    0,    0,    0,    0,    0,    0,    0,    0,    0,    0,    0,    0,    0,    0,    0,    0,    0,    0,    0,    0,    0,    0,    0,    0,    0,    0,    0,    0,    0,    0,    0,    0,    0,    0,    0,    0,    0,    0,    0,    0,    0,    0,    0,    2,    8,    0,    0,    0,    0,    0,
       0,    6,  -10,  -10,   11,    0,  -27,  -10,  -31,   -4,    9,  -10,  -22,    0,   -8,   -8,  -29,   -3,   -8,    0,   11,    0,   12,   11,   11,   13,    5,    0,   13,   12,  -14,    0,  -18,  -18,    0,    0,    0,    0,   -8,  -13,    0,   -7,    0,    0,    0,    0,   -4,   -6,    0,  -13,    0,  -49,    0,  -14,    7,    0,   17,  -20,   15,   12,   11,    0,   -6,   -7,    0,    0,    0,    0,    0,    0,    0,    0,    0,    0,    0,    0,    0,    0,    0,    0,    0,    0,    0,    0,    0,    0,    0,    0,    0,    0,    0,    0,    0,    0,    0,    0,    0,    0,    0,    0,    0,    0,    0,    0,    0,    0,    0,    0,    0,    0,    0,    0,    0,    0,    0,    0,    0,    0,    0,    0,    0,    0,    0,    0,    0,    0,    0,    0,    0,    0,    0,    0,    0,    0,    0,    0,    0,    0,    0,    0,    0,    0,    0,    0,    0,    0,    0,    0,    0,    0,    0,    0,    0,    9,   12,  -21,    0,    0,    0,    0,
       0,    6,   -7,   -4,    9,    0,  -15,    0,  -21,    0,    8,   -4,  -13,    0,   -3,   -3,  -16,    0,   -3,    0,    9,    0,   11,    9,    9,   12,    4,    0,   13,   11,   -9,    0,  -11,  -11,    0,    0,    0,    0,   -5,   -5,    0,   -5,    4,    4,    3,    4,    0,   -3,    0,   -5,    0,  -18,    0,   -9,    0,    0,   15,  -12,   14,    0,    0,    0,    0,    0,    0,    0,    0,    0,    0,    0,    0,    0,    0,    0,    0,    0,    0,    0,    0,    0,    0,    0,    0,    0,    0,    0,    0,    0,    0,    0,    0,    0,    0,    0,    0,    0,    0,    0,    0,    0,    0,    0,    0,    0,    0,    0,    0,    0,    0,    0,    0,    0,    0,    0,    0,    0,    0,    0,    0,    0,    0,    0,    0,    0,    0,    0,    0,    0,    0,    0,    0,    0,    0,    0,    0,    0,    0,    0,    0,    0,    0,    0,    0,    0,    0,    0,    0,    0,    0,    0,    0,    0,    0,    9,   13,   -8,    0,    0,    0,    0,
       0,    0,   -7,   -6,    9,   -9,    8,  -11,    8,    6,    7,   -5,   12,    0,  -13,  -13,    8,    0,  -13,    6,    9,    0,   10,    9,   12,   11,    8,    0,   10,   10,  -10,    0,  -10,  -10,    0,    0,    0,    0,    0,    3,    0,   -8,   -8,   -8,    8,   -8,    5,   -4,    0,  -12,    0,   12,    0,  -10,    0,    0,   13,   -7,   13,    7,    3,    0,    0,   -5,    0,    0,    0,    0,    0,    0,    0,    0,    0,    0,    0,    0,    0,    0,    0,    0,    0,    0,    0,    0,    0,    0,    0,    0,    0,    0,    0,    0,    0,    0,    0,    0,    0,    0,    0,    0,    0,    0,    0,    0,    0,    0,    0,    0,    0,    0,    0,    0,    0,    0,    0,    0,    0,    0,    0,    0,    0,    0,    0,    0,    0,    0,    0,    0,    0,    0,    0,    0,    0,    0,    0,    0,    0,    0,    0,    0,    0,    0,    0,    0,    0,    0,    0,    0,    0,    0,    0,    0,    0,    3,    5,   11,    0,    0,    0,    0,
       4,    0,  -17,  -13,   11,   -3,  -32,  -22,  -33,  -13,   10,  -20,  -33,    0,  -15,  -15,  -28,   -5,  -15,   -3,   11,    0,   13,   11,   11,   14,    6,    0,   13,   13,  -24,    0,  -29,  -29,    0,    0,    0,    0,  -12,  -23,    0,  -11,   -3,    0,   -7,   -3,  -12,   -5,    0,  -26,   -9,  -48,    0,  -42,    0,    0,   18,  -30,   15,   13,    6,    0,  -10,  -11,    0,    0,    0,    0,    0,    0,    0,    0,    0,    0,    0,    0,    0,    0,    0,    0,    0,    0,    0,    0,    0,    0,    0,    0,    0,    0,    0,    0,    0,    0,    0,    0,    0,    0,    0,    0,    0,    0,    0,    0,    0,    0,    0,    0,    0,    0,    0,    0,    0,    0,    0,    0,    0,    0,    0,    0,    0,    0,    0,    0,    0,    0,    0,    0,    0,    0,    0,    0,    0,    0,    0,    0,    0,    0,    0,    0,    0,    0,    0,    0,    0,    0,    0,    0,    0,    0,    0,    0,    0,    8,   10,  -22,    0,    0,    0,    0,
       0,    0,   -3,    0,    5,    0,    9,   -7,    0,    5,    5,   -3,    9,    0,   -4,   -4,    9,    0,   -4,    4,    5,    0,    7,    5,    9,    8,    4,    0,    7,    7,    4,    0,   -3,   -3,    0,    0,    0,    0,    0,    0,    0,    0,    0,    0,    8,    0,    4,    0,    0,  -10,    5,    9,    0,    4,    0,    3,   12,    0,   11,    3,    0,    0,    0,    0,    0,    0,    0,    0,    0,    0,    0,    0,    0,    0,    0,    0,    0,    0,    0,    0,    0,    0,    0,    0,    0,    0,    0,    0,    0,    0,    0,    0,    0,    0,    0,    0,    0,    0,    0,    0,    0,    0,    0,    0,    0,    0,    0,    0,    0,    0,    0,    0,    0,    0,    0,    0,    0,    0,    0,    0,    0,    0,    0,    0,    0,    0,    0,    0,    0,    0,    0,    0,    0,    0,    0,    0,    0,    0,    0,    0,    0,    0,    0,    0,    0,    0,    0,    0,    0,    0,    0,    0,    0,    7,   10,   14,    0,    0,    0,    0,
       0,    0,    0,    0,    0,    0,    0,    0,    0,    0,    0,    0,   -9,    0,   -7,   -7,   -9,    0,   -7,    0,   10,    0,   12,   10,   10,   13,    5,    0,    0,   30,  -12,    0,  -12,  -12,    0,    0,    3,   31,  -11,  -11,    0,  -12,  -10,  -10,  -10,   10,  -10,    0,    0,    0,    0,   -9,    0,  -12,    3,    3,    3,  -13,    3,    3,    3,    0,    0,    0,    0,    0,    0,    0,   10,  -10,   -5,   -9,   -9,    6,   -9,    6,    8,    0,    0,   -7,  -13,   10,    0,    0,  -11,  -12,   -7,   -9,   -7,    6,  -11,   -7,   -8,   -7,   -9,  -12,    0,  -11,   -8,   10,  -13,  -10,  -12,   -4,   -8,   -8,   -7,   -9,    7,   -9,  -11,    3,    3,   31,    7,   -6,   -5,  -12,  -12,    9,   -7,    0,    0,   -7,    0,   -9,    0,   -9,    0,    4,    0,    0,    0,    0,    0,    0,    0,    0,    0,    0,    0,    0,    0,    0,    0,    0,    0,    0,    0,    0,    0,    0,    0,    0,    0,    0,    0,    0,    0,    0,
       0,    0,    0,    0,    0,    0,    0,    0,    0,    0,    0,    0,    7,  -10,  -13,  -13,    3,  -10,  -13,    0,  -30,  -13,  -37,  -23,    7,  -37,    3,    0,    0,    0,   -8,    0,   -8,   -8,    0,    0,    0,   47,    0,    0,   -3,   -7,  -10,   -7,    0,   20,    0,    0,    0,    0,    0,    7,    0,   -8,    0,    0,    0,   -7,    0,    0,    0,    0,    0,    0,    0,    0,    0,  -17,    0,    0,    0,    0,    0,    0,    0,    0,    0,    0,    0,    0,    0,    0,    0,    0,    0,    0,    0,    0,    0,    0,    0,    0,    0,    0,    0,    0,    0,    0,    0,    0,    0,    0,    0,    0,    0,    0,    0,    0,    0,    0,    0,    0,    0,    0,    0,    0,    0,    0,    0,    0,    0,    0,    0,    0,    0,    0,    0,    0,    0,    0,    0,    0,    0,    0,    0,    0,    0,    0,    0,    0,    0,    0,    0,    0,    0,    0,    0,    0,    0,    0,    0,    0,    0,    0,    0,    0,    0,    0,    0,    0,
       0,    0,    0,    0,    0,    0,    0,    0,    0,    0,    0,    0,    0,    0,    0,    0,    0,    0,    0,    0,    0,    0,    0,    0,    0,    0,    0,    0,    0,    0,    0,    0,    0,    0,    0,    0,    0,   11,    0,    0,    0,    0,    0,    0,    0,    0,    0,    0,    0,    0,    0,    0,    0,    0,    0,    0,    0,    0,    0,    0,    0,    0,    0,    0,    0,    0,    0,    0,    0,   -3,   -3,    0,    0,    0,    0,    0,    0,    0,    0,   -3,   -5,    0,    0,   -4,   -4,    0,    0,    0,    0,    0,    0,    0,    0,    0,    0,    0,    0,    0,    0,    0,   -5,    0,    0,    0,    0,    0,    0,    0,    0,    0,    0,    0,    0,   11,    0,    0,    0,   -6,   -5,    0,    0,    0,    0,    0,    0,    0,   -3,    0,    0,   -4,    0,    0,    0,    0,    0,    0,    0,    0,    0,    0,    0,    0,    0,    0,    0,    0,    0,    0,    0,    0,    0,    0,    0,    0,    0,    0,    0,    0,    0,    0,
       0,   -5,    0,    0,   -7,  -10,    0,    0,    0,    0,  -11,    0,    0,    0,    0,    0,    0,    0,    0,    0,    0,    0,    0,    0,    0,    0,    0,    0,  -13,  -11,    0,    0,    0,    0,    0,    0,    0,    0,    0,    0,    0,    0,   -4,   -3,    0,   -4,    0,    0,   -6,    0,    0,    0,    0,    0,    0,    0,    0,    0,    0,    0,    0,    0,    0,    0,    0,    0,    0,    0,    0,    0,    0,    0,    0,    0,    0,    0,    0,    0,    0,    0,    0,    0,    0,    0,    0,    0,    0,    0,    0,    0,    0,    0,    0,    0,    0,    0,    0,    0,    0,    0,    0,    0,    0,    0,    0,    0,    0,    0,    0,    0,    0,    0,    0,    0,    0,    0,    0,    0,    0,    0,    0,    0,    0,    0,    0,    0,    0,    0,    0,    0,    0,    0,    0,    0,    0,    0,    0,    0,    0,    0,    0,    0,    0,    0,    0,    0,    0,    0,    0,    0,    0,    0,    0,   -7,   -7,    4,    0,    0,    0,    0,
       0,   -6,    0,    0,   -8,  -10,  -10,    4,   -9,    0,   -9,    0,    0,    0,    0,    0,    0,    0,    0,    0,    0,    0,    0,    0,    0,    0,    0,    0,  -17,  -12,    0,    0,    0,    0,    0,    0,    0,    0,    0,    0,    0,    0,   -5,   -4,   -6,   -5,   -3,    0,   -6,    4,    0,    0,    0,    0,    0,    0,    0,    0,    0,    0,    0,    0,    0,    0,    0,    0,    0,    0,    0,    0,    0,    0,    0,    0,    0,    0,    0,    0,    0,    0,    0,    0,    0,    0,    0,    0,    0,    0,    0,    0,    0,    0,    0,    0,    0,    0,    0,    0,    0,    0,    0,    0,    0,    0,    0,    0,    0,    0,    0,    0,    0,    0,    0,    0,    0,    0,    0,    0,    0,    0,    0,    0,    0,    0,    0,    0,    0,    0,    0,    0,    0,    0,    0,    0,    0,    0,    0,    0,    0,    0,    0,    0,    0,    0,    0,    0,    0,    0,    0,    0,    0,    0,    0,   -9,   -8,    0,    0,    0,    0,    0,
       0,    0,    0,    0,    0,    0,    6,   -3,    0,    3,   -4,   -3,    0,    0,    0,    0,    0,    0,    0,    0,    0,    0,    0,    0,    0,    0,    0,    0,    0,  -12,   -8,    0,   -8,   -8,    0,    0,    0,    0,    0,    0,    0,    0,    3,    3,    4,    3,    0,    0,    0,   -5,    0,    0,    0,   -8,    0,    0,    0,  -10,    0,    0,    0,    0,    0,    0,    0,    0,    0,    0,    0,    0,    0,    0,    0,    0,    0,    0,    0,    0,    0,    0,    0,    0,    0,    0,    0,    0,    0,    0,    0,    0,    0,    0,    0,    0,    0,    0,    0,    0,    0,    0,    0,    0,    0,    0,    0,    0,    0,    0,    0,    0,    0,    0,    0,    0,    0,    0,    0,    0,    0,    0,    0,    0,    0,    0,    0,    0,    0,    0,    0,    0,    0,    0,    0,    0,    0,    0,    0,    0,    0,    0,    0,    0,    0,    0,    0,    0,    0,    0,    0,    0,    0,    0,    0,    4,    8,    8,    0,    0,    0,    0,
       0,    0,    0,    0,   -7,   -8,    0,    7,    0,    0,  -12,    0,    0,    0,    0,    0,    0,    0,    0,    0,    0,    0,    0,    0,    0,    0,    0,    0,  -20,  -11,    0,    0,    0,    0,    0,    0,    0,    0,    0,    0,    0,    0,   -5,   -3,    0,   -5,    0,    0,    0,    0,    0,    0,    0,    0,    0,    0,    0,    0,    0,    0,    0,    0,    0,    0,    0,    0,    0,    0,    0,    0,    0,    0,    0,    0,    0,    0,    0,    0,    0,    0,    0,    0,    0,    0,    0,    0,    0,    0,    0,    0,    0,    0,    0,    0,    0,    0,    0,    0,    0,    0,    0,    0,    0,    0,    0,    0,    0,    0,    0,    0,    0,    0,    0,    0,    0,    0,    0,    0,    0,    0,    0,    0,    0,    0,    0,    0,    0,    0,    0,    0,    0,    0,    0,    0,    0,    0,    0,    0,    0,    0,    0,    0,    0,    0,    0,    0,    0,    0,    0,    0,    0,    0,    0,    4,    5,    3,    0,    0,    0,    0,
       0,    0,    0,    0,   18,    8,  -20,    0,  -21,    6,    9,    0,    0,    0,    0,    0,    0,    0,    0,    0,    0,    0,    0,    0,    0,    0,    0,    0,   27,   17,   -3,    0,   -3,   -3,    0,    0,    4,    4,    0,    0,    0,    0,    9,    9,    7,    9,    0,    0,   10,   -3,    6,    0,    0,   -3,   11,    4,   21,   -7,   19,   17,   19,    0,    0,    0,    0,    0,    0,    0,    0,    0,    0,    0,    0,    0,    0,    0,    0,    0,    0,    0,    0,    0,    0,    0,    0,    0,    0,    0,    0,    0,    0,    0,    0,    0,    0,    0,    0,    0,    0,    0,    0,    0,    0,    0,    0,    0,    0,    0,    0,    0,    0,    0,    0,    0,    0,    0,    0,    0,    0,    0,    0,    0,    0,    0,    0,    0,    0,    0,    0,    0,    0,    0,    0,    0,    0,    0,    0,    0,    0,    0,    0,    0,    0,    0,    0,    0,    0,    0,    0,    0,    0,    0,    0,   13,   18,  -19,    0,    0,    0,    0,
       0,    0,    0,    0,   -4,   -8,    0,    0,    0,    0,   -8,    0,    0,    0,    0,    0,    0,    0,    0,    0,    0,    0,    0,    0,    0,    0,    0,    0,  -10,  -11,    0,    0,    0,    0,    0,    0,    0,    9,    0,    0,    0,    0,   -5,   -3,    0,   -5,    0,    0,    0,    0,    0,    0,    0,    0,    0,    0,    0,    0,    0,    0,    0,    0,    0,    0,    0,    0,    0,    0,    0,    0,    0,    0,    0,    0,    0,    0,    0,    0,    0,    0,    0,    0,    0,    0,    0,    0,    0,    0,    0,    0,    0,    0,    0,    0,    0,    0,    0,    0,    0,    0,    0,    0,    0,    0,    0,    0,    0,    0,    0,    0,    0,    0,    0,    0,    0,    0,    0,    0,    0,    0,    0,    0,    0,    0,    0,    0,    0,    0,    0,    0,    0,    0,    0,    0,    0,    0,    0,    0,    0,    0,    0,    0,    0,    0,    0,    0,    0,    0,    0,    0,    0,    0,    0,   -8,   -5,    3,    0,    0,    0,    0,
       0,   -7,    0,    0,   -7,   -8,    0,    0,    0,    0,  -12,    0,    0,    0,    0,    0,    0,    0,    0,    0,    0,    0,    0,    0,    0,    0,    0,    0,  -20,  -11,    0,    0,    0,    0,    0,    0,    0,    0,    0,    0,    0,    0,   -5,   -3,    0,   -5,    0,    0,   -6,    0,    0,    0,    0,    0,    0,    0,    0,    0,    0,    0,    0,    0,    0,    0,    0,    0,    0,    0,    0,    0,    0,    0,    0,    0,    0,    0,    0,    0,    0,    0,    0,    0,    0,    0,    0,    0,    0,    0,    0,    0,    0,    0,    0,    0,    0,    0,    0,    0,    0,    0,    0,    0,    0,    0,    0,    0,    0,    0,    0,    0,    0,    0,    0,    0,    0,    0,    0,    0,    0,    0,    0,    0,    0,    0,    0,    0,    0,    0,    0,    0,    0,    0,    0,    0,    0,    0,    0,    0,    0,    0,    0,    0,    0,    0,    0,    0,    0,    0,    0,    0,    0,    0,    0,   -8,   -5,    4,    0,    0,    0,    0,
       0,    0,    0,    0,    4,   -8,    0,    0,    0,    0,  -12,    0,    0,    0,    0,    0,    0,    0,    0,    0,    0,    0,    0,    0,    0,    0,    0,    0,  -20,  -11,    0,    0,    0,    0,    0,    0,    0,    0,    0,    0,    0,    0,   -5,   -3,    0,   -5,    0,    0,    0,    0,    0,    0,    0,    0,    0,    0,    0,    0,    0,    0,    0,    0,    0,    0,    0,    0,    0,    0,    0,    0,    0,    0,    0,    0,    0,    0,    0,    0,    0,    0,    0,    0,    0,    0,    0,    0,    0,    0,    0,    0,    0,    0,    0,    0,    0,    0,    0,    0,    0,    0,    0,    0,    0,    0,    0,    0,    0,    0,    0,    0,    0,    0,    0,    0,    0,    0,    0,    0,    0,    0,    0,    0,    0,    0,    0,    0,    0,    0,    0,    0,    0,    0,    0,    0,    0,    0,    0,    0,    0,    0,    0,    0,    0,    0,    0,    0,    0,    0,    0,    0,    0,    0,    0,   -8,   -5,    3,    0,    0,    0,    0,
       0,    0,    0,    0,    4,   -8,    0,    0,    0,    0,  -12,    0,    0,    0,    0,    0,    0,    0,    0,    0,    0,    0,    0,    0,    0,    0,    0,    0,  -20,    3,    0,    0,    0,    0,    0,    0,    0,   10,    0,    0,    0,    0,   -5,   -3,    0,   -5,    0,    0,    0,    0,    0,    0,    0,    0,    0,    0,    0,    0,    0,    0,    0,    0,    0,    0,    0,    0,    0,    0,    0,    0,    0,    0,    0,    0,    0,    0,    0,    0,    0,    0,    0,    0,    0,    0,    0,    0,    0,    0,    0,    0,    0,    0,    0,    0,    0,    0,    0,    0,    0,    0,    0,    0,    0,    0,    0,    0,    0,    0,    0,    0,    0,    0,    0,    0,    0,    0,    0,    0,    0,    0,    0,    0,    0,    0,    0,    0,    0,    0,    0,    0,    0,    0,    0,    0,    0,    0,    0,    0,    0,    0,    0,    0,    0,    0,    0,    0,    0,    0,    0,    0,    0,    0,    0,   -8,   -5,    3,    0,    0,    0,    0,
       0,    0,   -7,   -4,    0,    4,    4,  -15,    7,    3,    0,   -7,    0,    0,    0,    0,    0,    0,    0,    0,    0,    0,    0,    0,    0,    0,    0,    0,    0,   -9,   -3,    0,  -12,  -12,    0,    0,    0,    0,    0,    0,   -3,   -3,    7,    7,    7,    7,    5,   -5,    0,  -12,    0,    0,    0,   -3,    0,    0,    0,  -11,    0,    0,    0,    0,    0,    0,    0,    0,    0,    0,    0,    0,    0,    0,    0,    0,    0,    0,    0,    0,    0,    0,    0,    0,    0,    0,    0,    0,    0,    0,    0,    0,    0,    0,    0,    0,    0,    0,    0,    0,    0,    0,    0,    0,    0,    0,    0,    0,    0,    0,    0,    0,    0,    0,    0,    0,    0,    0,    0,    0,    0,    0,    0,    0,    0,    0,    0,    0,    0,    0,    0,    0,    0,    0,    0,    0,    0,    0,    0,    0,    0,    0,    0,    0,    0,    0,    0,    0,    0,    0,    0,    0,    0,    0,    0,    4,    8,    7,    0,    0,    0,    0,
       0,    0,    0,    0,   -7,   -8,    8,    0,    0,    7,   -5,    0,    0,    0,    0,    0,    0,    0,    0,    0,    0,    0,    0,    0,    0,    0,    0,    0,  -20,  -11,    5,    0,    0,    0,    0,    0,    0,    0,    0,    0,    0,    0,   -4,   -4,    7,   -4,    5,    0,    0,   -5,    7,    0,    0,    5,    0,    0,    0,    0,    0,    0,    0,    0,    0,    0,    0,    0,    0,    0,    0,    0,    0,    0,    0,    0,    0,    0,    0,    0,    0,    0,    0,    0,    0,    0,    0,    0,    0,    0,    0,    0,    0,    0,    0,    0,    0,    0,    0,    0,    0,    0,    0,    0,    0,    0,    0,    0,    0,    0,    0,    0,    0,    0,    0,    0,    0,    0,    0,    0,    0,    0,    0,    0,    0,    0,    0,    0,    0,    0,    0,    0,    0,    0,    0,    0,    0,    0,    0,    0,    0,    0,    0,    0,    0,    0,    0,    0,    0,    0,    0,    0,    0,    0,    0,   -8,   -9,   10,    0,    0,    0,    0,
       0,   -6,    0,    0,   -7,   -8,    0,    0,    0,    0,  -12,    0,    0,    0,    0,    0,    0,    0,    0,    0,    0,    0,    0,    0,    0,    0,    0,    0,  -20,  -11,    0,    0,    0,    0,    0,    0,    0,    0,    0,    0,    0,    0,   -5,   -3,    0,   -5,    0,    0,   -6,    0,    0,    0,    0,    0,    0,    0,    0,    0,    0,    0,    0,    0,    0,    0,    0,    0,    0,    0,    0,    0,    0,    0,    0,    0,    0,    0,    0,    0,    0,    0,    0,    0,    0,    0,    0,    0,    0,    0,    0,    0,    0,    0,    0,    0,    0,    0,    0,    0,    0,    0,    0,    0,    0,    0,    0,    0,    0,    0,    0,    0,    0,    0,    0,    0,    0,    0,    0,    0,    0,    0,    0,    0,    0,    0,    0,    0,    0,    0,    0,    0,    0,    0,    0,    0,    0,    0,    0,    0,    0,    0,    0,    0,    0,    0,    0,    0,    0,    0,    0,    0,    0,    0,    0,   -8,   -5,    4,    0,    0,    0,    0,
       0,   -6,    0,    0,   -8,  -10,  -10,    4,   -9,    0,   -9,    0,    0,    0,    0,    0,    0,    0,    0,    0,    0,    0,    0,    0,    0,    0,    0,    0,  -17,  -12,    0,    0,    0,    0,    0,    0,    0,    0,    0,    0,    0,    0,   -5,   -4,   -6,   -5,   -3,    0,   -8,    4,    0,    0,    0,    0,    0,    0,    0,    0,    0,    0,    0,    0,    0,    0,    0,    0,    0,    0,    0,    0,    0,    0,    0,    0,    0,    0,    0,    0,    0,    0,    0,    0,    0,    0,    0,    0,    0,    0,    0,    0,    0,    0,    0,    0,    0,    0,    0,    0,    0,    0,    0,    0,    0,    0,    0,    0,    0,    0,    0,    0,    0,    0,    0,    0,    0,    0,    0,    0,    0,    0,    0,    0,    0,    0,    0,    0,    0,    0,    0,    0,    0,    0,    0,    0,    0,    0,    0,    0,    0,    0,    0,    0,    0,    0,    0,    0,    0,    0,    0,    0,    0,    0,    0,   -9,   -8,    0,    0,    0,    0,    0,
       0,    0,    0,    0,   -7,   -8,    0,    0,    7,    0,   -8,    0,    0,    0,    0,    0,    0,    0,    0,    0,    0,    0,    0,    0,    0,    0,    0,    0,  -10,  -11,    0,    0,    0,    0,    0,    0,    0,   14,    0,    0,    0,    0,   -5,   -3,    0,   -5,    0,    0,    0,    0,    0,    0,    0,    0,    0,    0,    0,    0,    0,    0,    0,    0,    0,    0,    0,    0,    0,    0,    0,    0,    0,    0,    0,    0,    0,    0,    0,    0,    0,    0,    0,    0,    0,    0,    0,    0,    0,    0,    0,    0,    0,    0,    0,    0,    0,    0,    0,    0,    0,    0,    0,    0,    0,    0,    0,    0,    0,    0,    0,    0,    0,    0,    0,    0,    0,    0,    0,    0,    0,    0,    0,    0,    0,    0,    0,    0,    0,    0,    0,    0,    0,    0,    0,    0,    0,    0,    0,    0,    0,    0,    0,    0,    0,    0,    0,    0,    0,    0,    0,    0,    0,    0,    0,   -8,   -5,    3,    0,    0,    0,    0,
       0,    0,   -7,    0,    0,    6,  -20,    0,  -19,    6,    3,    0,    0,    0,    0,    0,    0,    0,    0,    0,    0,    0,    0,    0,    0,    0,    0,    0,    3,   -3,   -3,    0,   -3,   -3,    0,    0,    0,    0,    0,    0,    0,    0,   10,   10,    7,   10,    3,    0,    0,   -5,    7,    0,    0,   -3,    0,    0,    0,   -5,    0,    0,    0,    0,    0,    0,    0,    0,    0,    0,    0,    0,    0,    0,    0,    0,    0,    0,    0,    0,    0,    0,    0,    0,    0,    0,    0,    0,    0,    0,    0,    0,    0,    0,    0,    0,    0,    0,    0,    0,    0,    0,    0,    0,    0,    0,    0,    0,    0,    0,    0,    0,    0,    0,    0,    0,    0,    0,    0,    0,    0,    0,    0,    0,    0,    0,    0,    0,    0,    0,    0,    0,    0,    0,    0,    0,    0,    0,    0,    0,    0,    0,    0,    0,    0,    0,    0,    0,    0,    0,    0,    0,    0,    0,    0,    9,   16,  -19,    0,    0,    0,    0,
       0,    0,    0,    0,   -4,   -3,    0,    0,   -4,    0,  -12,    0,    0,    0,    0,    0,    0,    0,    0,    0,    0,    0,    0,    0,    0,    0,    0,    0,  -10,  -11,    0,    0,    0,    0,    0,    0,    0,    0,    0,    0,    0,    0,    0,    0,    0,    0,   -3,    0,   -6,    0,    0,    0,    0,    0,    0,    0,    0,    0,    0,    0,    0,    0,    0,    0,    0,    0,    0,    0,    0,    0,    0,    0,    0,    0,    0,    0,    0,    0,    0,    0,    0,    0,    0,    0,    0,    0,    0,    0,    0,    0,    0,    0,    0,    0,    0,    0,    0,    0,    0,    0,    0,    0,    0,    0,    0,    0,    0,    0,    0,    0,    0,    0,    0,    0,    0,    0,    0,    0,    0,    0,    0,    0,    0,    0,    0,    0,    0,    0,    0,    0,    0,    0,    0,    0,    0,    0,    0,    0,    0,    0,    0,    0,    0,    0,    0,    0,    0,    0,    0,    0,    0,    0,    0,    0,    0,    5,    0,    0,    0,    0,
       0,    0,    0,    0,    0,    0,    6,   -3,    0,    3,   -5,    0,    0,    0,    0,    0,    0,    0,    0,    0,    0,    0,    0,    0,    0,    0,    0,    0,   -7,  -11,   -7,    0,   -7,   -7,    0,    0,    0,    0,    0,    0,    0,    0,    3,    3,    6,    3,    0,    0,    0,   -6,    0,    0,    0,   -7,    0,    0,    0,   -3,    0,    0,    0,    0,    0,    0,    0,    0,    0,    0,    0,    0,    0,    0,    0,    0,    0,    0,    0,    0,    0,    0,    0,    0,    0,    0,    0,    0,    0,    0,    0,    0,    0,    0,    0,    0,    0,    0,    0,    0,    0,    0,    0,    0,    0,    0,    0,    0,    0,    0,    0,    0,    0,    0,    0,    0,    0,    0,    0,    0,    0,    0,    0,    0,    0,    0,    0,    0,    0,    0,    0,    0,    0,    0,    0,    0,    0,    0,    0,    0,    0,    0,    0,    0,    0,    0,    0,    0,    0,    0,    0,    0,    0,    0,    0,    5,    0,    8,    0,    0,    0,    0,
       0,    0,    0,    0,   -7,   -8,    0,    0,    0,    0,   -8,    0,    0,    0,    0,    0,    0,    0,    0,    0,    0,    0,    0,    0,    0,    0,    0,    0,  -20,  -10,    0,    0,    0,    0,    0,    0,    0,    0,    0,    0,    0,    0,   -5,   -3,    0,   -5,    0,    0,    0,    0,    0,    0,    0,    0,    0,    0,    0,    0,    0,    0,    0,    0,    0,    0,    0,    0,    0,    0,    0,    0,    0,    0,    0,    0,    0,    0,    0,    0,    0,    0,    0,    0,    0,    0,    0,    0,    0,    0,    0,    0,    0,    0,    0,    0,    0,    0,    0,    0,    0,    0,    0,    0,    0,    0,    0,    0,    0,    0,    0,    0,    0,    0,    0,    0,    0,    0,    0,    0,    0,    0,    0,    0,    0,    0,    0,    0,    0,    0,    0,    0,    0,    0,    0,    0,    0,    0,    0,    0,    0,    0,    0,    0,    0,    0,    0,    0,    0,    0,    0,    0,    0,    0,    0,   -8,   -5,    3,    0,    0,    0,    0,
       0,    0,   -3,    0,    0,    5,  -19,    0,  -13,    5,    0,    0,    0,    0,    0,    0,    0,    0,    0,    0,    0,    0,    0,    0,    0,    0,    0,    0,    0,  -10,   -3,    0,   -5,   -5,    0,    0,    0,    0,    0,    0,    0,    0,    7,    7,    8,    7,    4,    0,    0,    0,    6,    0,    0,   -3,    0,    0,    0,   -6,    0,    0,    0,    0,    0,    0,    0,    0,    0,    0,    0,    0,    0,    0,    0,    0,    0,    0,    0,    0,    0,    0,    0,    0,    0,    0,    0,    0,    0,    0,    0,    0,    0,    0,    0,    0,    0,    0,    0,    0,    0,    0,    0,    0,    0,    0,    0,    0,    0,    0,    0,    0,    0,    0,    0,    0,    0,    0,    0,    0,    0,    0,    0,    0,    0,    0,    0,    0,    0,    0,    0,    0,    0,    0,    0,    0,    0,    0,    0,    0,    0,    0,    0,    0,    0,    0,    0,    0,    0,    0,    0,    0,    0,    0,    0,    7,   13,  -14,    0,    0,    0,    0,
       0,    0,   -3,    0,    0,    6,  -18,    3,  -11,    5,    0,    0,    0,    0,    0,    0,    0,    0,    0,    0,    0,    0,    0,    0,    0,    0,    0,    0,    0,   -9,   -3,    0,   -4,   -4,    0,    0,    0,    0,    0,    0,    0,    0,    7,    7,    7,    7,    5,    0,    0,    0,    6,    0,    0,   -3,    0,    0,    0,   -5,    0,    0,    0,    0,    0,    0,    0,    0,    0,    0,    0,    0,    0,    0,    0,    0,    0,    0,    0,    0,    0,    0,    0,    0,    0,    0,    0,    0,    0,    0,    0,    0,    0,    0,    0,    0,    0,    0,    0,    0,    0,    0,    0,    0,    0,    0,    0,    0,    0,    0,    0,    0,    0,    0,    0,    0,    0,    0,    0,    0,    0,    0,    0,    0,    0,    0,    0,    0,    0,    0,    0,    0,    0,    0,    0,    0,    0,    0,    0,    0,    0,    0,    0,    0,    0,    0,    0,    0,    0,    0,    0,    0,    0,    0,    0,    8,   13,   -9,    0,    0,    0,    0,
       0,    0,   -7,   -4,    0,    4,    6,   -7,    7,    5,    0,   -3,    0,    0,    0,    0,    0,    0,    0,    0,    0,    0,    0,    0,    0,    0,    0,    0,    0,  -10,   -8,    0,   -8,   -8,    0,    0,    0,    0,    0,    0,    0,    0,    8,    7,   11,    8,    6,   -4,    0,   -9,    0,    0,    0,   -8,    0,    0,    0,   -8,    0,    0,    0,    0,    0,    0,    0,    0,    0,    0,    0,    0,    0,    0,    0,    0,    0,    0,    0,    0,    0,    0,    0,    0,    0,    0,    0,    0,    0,    0,    0,    0,    0,    0,    0,    0,    0,    0,    0,    0,    0,    0,    0,    0,    0,    0,    0,    0,    0,    0,    0,    0,    0,    0,    0,    0,    0,    0,    0,    0,    0,    0,    0,    0,    0,    0,    0,    0,    0,    0,    0,    0,    0,    0,    0,    0,    0,    0,    0,    0,    0,    0,    0,    0,    0,    0,    0,    0,    0,    0,    0,    0,    0,    0,    0,    5,    9,    7,    0,    0,    0,    0,
       0,    0,   -3,    0,    0,    5,  -19,    0,  -13,    5,    0,    0,    0,    0,    0,    0,    0,    0,    0,    0,    0,    0,    0,    0,    0,    0,    0,    0,    0,  -10,   -3,    0,   -5,   -5,    0,    0,    0,    0,    0,    0,    0,    0,    7,    7,    8,    7,    4,    0,    0,    0,    6,    0,    0,   -3,    0,    0,    0,   -6,    0,    0,    0,    0,    0,    0,    0,    0,    0,    0,    0,    0,    0,    0,    0,    0,    0,    0,    0,    0,    0,    0,    0,    0,    0,    0,    0,    0,    0,    0,    0,    0,    0,    0,    0,    0,    0,    0,    0,    0,    0,    0,    0,    0,    0,    0,    0,    0,    0,    0,    0,    0,    0,    0,    0,    0,    0,    0,    0,    0,    0,    0,    0,    0,    0,    0,    0,    0,    0,    0,    0,    0,    0,    0,    0,    0,    0,    0,    0,    0,    0,    0,    0,    0,    0,    0,    0,    0,    0,    0,    0,    0,    0,    0,    0,    7,   11,  -14,    0,    0,    0,    0,
       0,    0,    0,    0,    0,    0,    8,    0,    3,    3,   -4,    0,    0,    0,    0,    0,    0,    0,    0,    0,    0,    0,    0,    0,    0,    0,    0,    0,    0,   -9,   -5,    0,   -5,   -5,    0,    0,    0,    0,    0,    0,    0,    0,    6,    6,    7,    6,    0,    0,   -4,   -5,    3,    0,    0,   -5,    0,    0,    0,    0,    0,    0,    0,    0,    0,    0,    0,    0,    0,    0,    0,    0,    0,    0,    0,    0,    0,    0,    0,    0,    0,    0,    0,    0,    0,    0,    0,    0,    0,    0,    0,    0,    0,    0,    0,    0,    0,    0,    0,    0,    0,    0,    0,    0,    0,    0,    0,    0,    0,    0,    0,    0,    0,    0,    0,    0,    0,    0,    0,    0,    0,    0,    0,    0,    0,    0,    0,    0,    0,    0,    0,    0,    0,    0,    0,    0,    0,    0,    0,    0,    0,    0,    0,    0,    0,    0,    0,    0,    0,    0,    0,    0,    0,    0,    0,    5,    9,    9,    0,    0,    0,    0,
       0,    0,    0,    0,    0,    0,    0,    0,    0,    0,    0,    0,    0,    0,   -4,   -5,    0,    0,   -5,    0,    0,    0,    0,    0,    0,    0,    0,    0,    0,    0,    0,    0,    0,    0,    0,    0,    0,    0,    0,    0,    0,    0,    0,    0,    0,    0,    0,    0,   30,    0,    0,    0,    0,    0,    0,    0,    0,    0,    0,    0,    0,    0,    0,    0,    0,    0,    0,    0,    6,   -8,   -5,    0,   -5,    6,    0,    6,    8,    0,    0,   -8,   -9,    6,    0,    0,   -7,   -6,   -5,   -5,   -5,    6,   -7,    0,   -5,    0,   -6,   -7,    0,   -7,   -5,    9,   -9,    0,   -8,   -4,   -5,   -6,   -5,   -6,    7,   -6,   -5,    0,    0,   21,    7,    0,    0,  -10,   -9,    9,    0,    0,    0,    0,    0,   -6,    0,   -6,    0,    4,    0,    0,    0,    0,    0,    0,    0,    0,    0,    0,    0,    0,    0,    0,    0,    0,    0,    0,    0,    0,    0,    0,    0,    0,    0,    0,    0,    0,    0,    0,
       0,    0,    0,    0,    0,    0,    0,    0,    0,    0,    0,    0,    0,    0,    0,    0,   -4,    0,    0,    0,   -6,    0,   -6,    0,   -4,   -5,    0,    0,    0,    0,    0,    0,    0,    0,    0,    0,    0,    0,    0,    0,    0,    0,    0,    0,    0,    0,    0,    0,    0,    0,    0,   -4,    0,    0,    0,    0,    0,    0,    0,    0,    0,    0,    0,    0,    0,    0,    0,    0,   -6,    0,   -5,   -4,   -6,   -7,   -3,   -5,   -4,   -6,    0,    0,    0,   -4,    0,   -7,   -5,    0,    0,    0,    0,   -4,    0,   -4,    0,   -4,    0,    0,    0,    0,    0,    0,    0,    0,    0,    0,    0,    0,    0,    0,    0,    0,    0,    0,    0,    0,    0,    0,    0,    0,    0,   -5,    0,    0,    0,    4,    0,    0,    0,    0,   -7,   -5,    0,    0,    0,    0,    0,    0,    0,    0,    0,    0,    0,    0,    0,    0,    0,    0,    0,    0,    0,    0,    0,    0,    0,    0,    0,    0,    0,    0,    0,    0,
       0,    0,    0,    0,    0,    0,    0,    0,    0,    0,    0,    0,    0,    0,    0,    0,    0,    0,    0,    0,  -21,    0,  -11,   -3,    0,  -16,    0,    0,    0,    0,    0,    0,    0,    0,    0,    0,    0,    0,    0,    0,    0,    0,    0,    0,    0,    0,    0,    0,    0,    0,    0,    0,    0,    0,    0,    0,    0,    0,    0,    0,    0,    0,    0,    0,    0,    0,    0,    0,    0,    0,    0,    0,    0,    0,    0,    0,    0,    0,    0,    0,    0,    0,    0,    0,    0,    0,    0,    0,    0,    0,    0,    0,    0,    0,    0,    0,    0,    0,    0,    0,    0,    0,    0,    0,    0,    0,    0,    0,    0,    0,    0,    0,    0,    0,    0,    0,    0,    0,    0,    0,    0,    0,    0,    0,    0,    0,    0,    0,    0,    0,    0,    0,    0,    0,    0,    0,    0,    0,    0,    0,    0,    0,    0,    0,    0,    0,    0,    0,    0,    0,    0,    0,    0,    0,    0,    0,    0,    0,    0,    0,
       0,    0,    0,    0,    0,    0,    0,    0,    0,    0,    0,    0,    4,    0,    0,    0,    6,    0,    0,    0,  -22,    0,   -3,    0,    0,   -9,    4,    0,    0,    0,    0,    0,    0,    0,    0,    0,    0,    0,    0,    0,    0,    0,    6,    6,    0,    6,    3,    0,    0,    0,    0,    0,    0,    0,    0,    0,    0,    0,    0,    0,    0,    0,    0,    0,    0,    0,    0,    0,  -22,    0,    0,    6,    0,    0,    4,    0,    0,    0,    0,    0,    0,    0,    0,    0,    0,    0,    0,    0,    0,    0,    0,    0,    0,    5,    0,    0,    0,    0,    0,    0,    0,    0,    0,    0,    0,    0,    0,    0,    0,    0,    0,    0,    0,    0,    0,    5,    5,    0,    0,   -6,    4,    0,    5,    4,    0,    0,    0,    0,    0,    0,    0,    0,    0,    0,    0,    0,    0,    0,    0,    0,    0,    0,    0,    0,    0,    0,    0,    0,    0,    0,    0,    0,    0,    0,    0,    0,    0,    0,    0,    0,
       0,    0,    0,    0,    0,    0,    0,    0,    0,    0,    0,    0,   -5,    0,    3,    3,  -10,    0,    3,   -7,  -25,    0,  -14,   -6,  -13,  -27,   -8,    0,    0,    0,    3,    0,    3,    3,    0,    0,    0,    0,    0,    0,    0,    0,    0,    0,   -9,    0,   -6,    0,    0,    0,    0,  -15,    0,    3,    0,    0,    0,    3,    0,    0,    0,    0,    0,    0,    0,    0,    0,    0,  -25,    0,   -7,  -10,   -6,  -11,   -5,   -5,  -15,   -8,    0,    3,    0,  -13,    0,  -10,   -8,    0,    0,    0,    0,   -6,    0,   -9,    0,   -5,    0,    3,    0,    0,    0,    0,    0,   -9,    0,    0,    0,   -4,    0,    0,    0,    0,    0,    0,    0,    0,    0,    0,    0,    0,    0,  -21,    0,    0,    0,    0,   -8,    0,    0,    0,  -10,   -8,    0,    0,    0,    0,    0,    0,    0,    0,    0,    0,    0,    0,    0,    0,    0,    0,    0,    0,    0,    0,    0,    0,    0,    0,    0,    0,    0,    0,    0,    0,
       0,    0,    0,    0,    0,    0,    0,    0,    0,    0,    0,    0,  -14,  -10,  -13,  -13,  -18,   -7,  -13,  -11,  -35,  -11,  -21,  -14,  -21,  -26,  -17,    0,    0,    0,  -13,  -11,  -13,  -13,  -11,  -11,  -11,   23,  -11,  -12,  -11,  -13,   -8,   -8,  -10,    5,  -11,    0,    0,    0,    0,  -24,  -11,  -13,  -11,  -11,  -11,  -14,  -11,  -11,  -11,  -10,    0,    0,    0,    0,    0,    0,    0,    0,    0,    0,    0,    0,    0,    0,    0,    0,    0,    0,    0,    0,    0,    0,    0,    0,    0,    0,    0,    0,    0,    0,    0,    0,    0,    0,    0,    0,    0,    0,    0,    0,    0,    0,    0,    0,    0,    0,    0,    0,    0,    0,    0,    0,    0,    0,    0,    0,    0,    0,    0,    0,    0,    0,    0,    0,    0,    0,    0,    0,    0,    0,    0,    0,    0,    0,    0,    0,    0,    0,    0,    0,    0,    0,    0,    0,    0,    0,    0,    0,    0,    0,    0,    0,    0,    0,    0,    0,    0,    0,
       0,    0,    0,    0,   -8,    0,  -19,    5,  -20,    4,   -9,    0,   -9,    0,    0,    0,  -14,    0,    0,    0,   -7,    0,   -7,   -3,  -12,  -13,   -8,    0,   -7,  -12,   -3,    0,    0,    0,    0,    0,    0,    0,    0,    0,    0,    0,    0,    0,    0,    0,    0,    0,   -7,    5,    0,  -18,    0,   -3,    0,    0,    0,    0,    0,    0,    0,    0,    0,    0,   -7,   -7,    0,    0,    0,    0,    0,    0,    0,    0,    0,    0,    0,    0,    0,    0,    0,    0,    0,    0,    0,    0,    0,    0,    0,    0,    0,    0,    0,    0,    0,    0,    0,    0,    0,    0,    0,    0,    0,    0,    0,    0,    0,    0,    0,    0,    0,    0,    0,    0,    0,    0,    0,    0,    0,    0,    0,    0,    0,    0,    0,    0,    0,    0,    0,    0,    0,    0,    0,    0,    0,    0,    0,    0,    0,    0,    0,    0,    0,    0,    0,    0,    0,    0,    0,    0,    0,    0,    0,    0,    0,    0,    0,    0,    0,    0,
       0,  -12,    0,    0,   -8,  -25,    0,    2,    0,    0,  -15,    0,    0,    0,    0,    0,    0,    0,    0,    0,    0,    0,    0,    0,    0,    0,    0,   -4,  -17,   -7,    0,    0,    0,    0,    0,    0,    0,    0,    0,    0,    0,    0,  -12,  -10,   -3,  -12,    0,    0,   -7,    0,    0,    0,    0,    0,    0,    0,    0,    0,    0,    0,    0,    0,    0,    0,    0,    0,   -9,    0,    0,    0,    0,    0,    0,    0,    0,    0,    0,    0,    0,    0,    0,    0,    0,    0,    0,    0,    0,    0,    0,    0,    0,    0,    0,    0,    0,    0,    0,    0,    0,    0,    0,    0,    0,    0,    0,    0,    0,    0,    0,    0,    0,    0,    0,    0,    0,    0,    0,    0,    0,    0,    0,    0,    0,    0,    0,    0,    0,    0,    0,    0,    0,    0,    0,    0,    0,    0,    0,    0,    0,    0,    0,    0,    0,    0,    0,    0,    0,    0,    0,    0,    0,    0,    0,  -21,  -19,    0,    0,    0,    0,    0,
       0,    0,    0,    0,    5,    0,  -10,    4,   -9,    0,    6,    0,    0,    0,    0,    0,    0,    0,    0,    0,    0,    0,    0,    0,    0,    0,    0,    0,    7,    7,    0,    0,    0,    0,    0,    0,    0,    0,    0,    0,    0,    0,    0,    0,    0,    0,    0,    0,    3,    4,    0,    0,    0,    0,    0,    0,    0,    0,    0,    0,    0,    0,    0,    0,    0,    0,    0,    0,    0,    0,    0,    0,    0,    0,    0,    0,    0,    0,    0,    0,    0,    0,    0,    0,    0,    0,    0,    0,    0,    0,    0,    0,    0,    0,    0,    0,    0,    0,    0,    0,    0,    0,    0,    0,    0,    0,    0,    0,    0,    0,    0,    0,    0,    0,    0,    0,    0,    0,    0,    0,    0,    0,    0,    0,    0,    0,    0,    0,    0,    0,    0,    0,    0,    0,    0,    0,    0,    0,    0,    0,    0,    0,    0,    0,    0,    0,    0,    0,    0,    0,    0,    0,    0,    4,    7,    0,    0,    0,    0,    0,
       0,   -8,    0,    0,   -7,   -5,    0,    0,   -7,    0,   -8,    0,    0,    0,    0,    0,    0,    0,    0,    0,    0,    0,    0,    0,    0,    0,    0,    0,    0,  -10,    0,    0,    0,    0,    0,    0,    0,    0,    0,    0,    0,    0,   -3,    0,   -4,   -3,    0,    0,   -6,    0,    0,    0,    0,    0,    0,    0,    0,    0,    0,    0,    0,    0,    0,    0,    0,    0,    0,    0,    0,    0,    0,    0,    0,    0,    0,    0,    0,    0,    0,    0,    0,    0,    0,    0,    0,    0,    0,    0,    0,    0,    0,    0,    0,    0,    0,    0,    0,    0,    0,    0,    0,    0,    0,    0,    0,    0,    0,    0,    0,    0,    0,    0,    0,    0,    0,    0,    0,    0,    0,    0,    0,    0,    0,    0,    0,    0,    0,    0,    0,    0,    0,    0,    0,    0,    0,    0,    0,    0,    0,    0,    0,    0,    0,    0,    0,    0,    0,    0,    0,    0,    0,    0,    0,   -7,   -5,    0,    0,    0,    0,    0,
       0,    8,    0,    0,   20,    0,   -8,   -7,    0,    0,   12,    0,    0,    0,    0,    0,    0,    0,    0,    0,    0,    0,    0,    0,    0,    0,    0,    0,   30,   23,   -6,    6,  -13,  -13,    0,    9,    6,    6,   -6,  -10,    3,   -5,   11,   11,   10,   13,    8,    0,   23,    0,    0,    0,    0,   -4,   22,   30,   45,    0,   40,   35,   37,    0,    0,    0,    0,    0,    0,    0,    0,    0,    0,    0,    0,    0,    0,    0,    0,    0,    0,    0,    0,    0,    0,    0,    0,    0,    0,    0,    0,    0,    0,    0,    0,    0,    0,    0,    0,    0,    0,    0,    0,    0,    0,    0,    0,    0,    0,    0,    0,    0,    0,    0,    0,    0,    0,    0,    0,    0,    0,    0,    0,    0,    0,    0,    0,    0,    0,    0,    0,    0,    0,    0,    0,    0,    0,    0,    0,    0,    0,    0,    0,    0,    0,    0,    0,    0,    0,    0,    0,    0,    0,    0,    0,    7,    8,    0,    0,    0,    0,    0,
       0,    0,    0,    0,    0,    0,    0,    0,    0,    0,    0,    0,    0,    0,    0,    0,    0,    0,    0,    0,    0,    0,    0,    0,    0,    0,    0,    0,    0,    0,    0,    0,    0,    0,    0,    0,    0,    6,    0,    0,    0,    0,    0,    0,    0,    0,    0,    0,    0,    0,    0,    0,    0,    0,    0,    0,    0,    0,    0,    0,    0,    0,    0,    0,    0,    0,    0,    0,    0,    0,    0,    0,    0,    0,    0,    0,    0,    0,    0,    0,    0,    0,    0,    0,    0,    0,    0,    0,    0,    0,    0,    0,    0,    0,    0,    0,    0,    0,    0,    0,    0,    0,    0,    0,    0,    0,    0,    0,    0,    0,    0,    0,    0,    0,    0,    0,    0,    0,    0,    0,    0,    0,    0,    0,    0,    0,    0,    0,    0,    0,    0,    0,    0,    0,    0,    0,    0,    0,    0,    0,    0,    0,    0,    0,    0,    0,    0,    0,    0,    0,    0,    0,    0,    0,    0,    0,    0,    0,    0,    0,
       0,   -9,    0,    0,    0,   -5,    0,    0,    0,    0,   -6,    0,    0,    0,    0,    0,    0,    0,    0,    0,    0,    0,    0,    0,    0,    0,    0,    0,    0,    0,    0,    0,    0,    0,    0,    0,    0,    0,    0,    0,    0,    0,    0,    0,    0,    0,    0,    0,    0,    0,    0,    0,    0,    0,    0,    0,    0,    0,    0,    0,    0,    0,    0,    0,    0,    0,    0,    0,    0,    0,    0,    0,    0,    0,    0,    0,    0,    0,    0,    0,    0,    0,    0,    0,    0,    0,    0,    0,    0,    0,    0,    0,    0,    0,    0,    0,    0,    0,    0,    0,    0,    0,    0,    0,    0,    0,    0,    0,    0,    0,    0,    0,    0,    0,    0,    0,    0,    0,    0,    0,    0,    0,    0,    0,    0,    0,    0,    0,    0,    0,    0,    0,    0,    0,    0,    0,    0,    0,    0,    0,    0,    0,    0,    0,    0,    0,    0,    0,    0,    0,    0,    0,    0,   -7,   -6,    0,    0,    0,    0,    0,
       0,    0,    0,    0,    0,    0,    0,    0,    0,    0,    0,    0,   -6,    0,    0,    0,   -6,    0,    0,    0,    0,    0,    0,    0,    0,    0,    0,    0,    0,    0,    0,    0,    0,    0,    0,    0,    0,    0,    0,    0,    0,    0,    0,    0,    0,    0,    0,    0,    0,    0,    0,  -12,    0,    0,    0,    0,    0,    0,    0,    0,    0,    0,    0,    0,    0,    0,    0,    0,    0,    0,    0,    0,    0,    0,    0,    0,    0,    0,    0,    0,    0,    0,    0,    0,    0,    0,    0,    0,    0,    0,    0,    0,    0,    0,    0,    0,    0,    0,    0,    0,    0,    0,    0,    0,    0,    0,    0,    0,    0,    0,    0,    0,    0,    0,    0,    0,    0,    0,    0,    0,    0,    0,    0,    0,    0,    0,    0,    0,    0,    0,    0,    0,    0,    0,    0,    0,    0,    0,    0,    0,    0,    0,    0,    0,    0,    0,    0,    0,    0,    0,    0,    0,    0,    0,    0,    0,    0,    0,    0,    0,
       0,    0,    0,    0,    0,    0,    0,    0,    0,    0,    0,    0,    0,    0,    0,    0,    0,    0,    0,    0,    0,    0,    0,    0,    0,    0,    0,    0,    0,    0,    0,    0,    0,    0,    0,    0,    0,    0,    0,    0,    0,    0,   -7,   -6,   -6,   -7,    0,    0,    0,    0,    0,    0,    0,    0,    0,    0,    0,    0,    0,    0,    0,    0,    0,    0,    0,    0,   -8,    0,    0,    0,    0,    0,    0,    0,    0,    0,    0,    0,    0,    0,    0,    0,    0,    0,    0,    0,    0,    0,    0,    0,    0,    0,    0,    0,    0,    0,    0,    0,    0,    0,    0,    0,    0,    0,    0,    0,    0,    0,    0,    0,    0,    0,    0,    0,    0,    0,    0,    0,    0,    0,    0,    0,    0,    0,    0,    0,    0,    0,    0,    0,    0,    0,    0,    0,    0,    0,    0,    0,    0,    0,    0,    0,    0,    0,    0,    0,    0,    0,    0,    0,    0,    0,    0,    0,    0,    0,    0,    0,    0,    0,
       0,    0,    0,    0,    0,    0,    0,    0,    0,    0,    0,    0,    0,    0,    0,    0,    0,    0,    0,    0,    0,    0,    0,    0,    0,    0,    0,    0,    0,    0,    0,    0,    0,    0,    0,    0,    0,   11,    0,    0,    0,    0,    0,    0,    0,    0,    0,    0,    0,    0,    0,    0,    0,    0,    0,    0,    0,    0,    0,    0,    0,    0,    0,    0,    0,    0,    0,    0,    0,    0,    0,    0,    0,    0,    0,    0,    0,    0,    0,    0,    0,    0,    0,    0,    0,    0,    0,    0,    0,    0,    0,    0,    0,    0,    0,    0,    0,    0,    0,    0,    0,    0,    0,    0,    0,    0,    0,    0,    0,    0,    0,    0,    0,    0,    0,    0,    0,    0,    0,    0,    0,    0,    0,    0,    0,    0,    0,    0,    0,    0,    0,    0,    0,    0,    0,    0,    0,    0,    0,    0,    0,    0,    0,    0,    0,    0,    0,    0,    0,    0,    0,    0,    0,    0,    0,    0,    0,    0,    0,    0,
       0,    0,    0,    0,    0,    0,    0,    0,    0,    0,    0,    0,  -11,    0,    0,    0,  -15,    0,    0,    0,    0,    0,    0,    0,   -8,   -4,    0,    0,    0,    0,   -5,    0,    0,    0,    0,    0,    0,    0,    0,    0,    0,    0,    0,    0,    0,    0,    0,    0,    0,    0,    0,  -19,    0,   -5,    0,    0,    0,    0,    0,    0,    0,    0,    0,    0,    0,    0,    0,    0,    0,    0,    0,    0,    0,    0,    0,    0,    0,    0,    0,    0,    0,    0,    0,    0,    0,    0,    0,    0,    0,    0,    0,    0,    0,    0,    0,    0,    0,    0,    0,    0,    0,    0,    0,    0,    0,    0,    0,    0,    0,    0,    0,    0,    0,    0,    0,    0,    0,    0,    0,    0,    0,    0,    0,    0,    0,    0,    0,    0,    0,    0,    0,    0,    0,    0,    0,    0,    0,    0,    0,    0,    0,    0,    0,    0,    0,    0,    0,    0,    0,    0,    0,    0,    0,    0,    0,    0,    0,    0,    0,    0,
       0,    0,    0,    0,    0,    0,    0,    0,    0,    0,    0,    0,    0,    0,    0,    0,    0,    0,    0,    0,    0,    0,   -6,    0,    0,   -7,    0,    0,    0,    0,    0,    0,    0,    0,    0,    0,    0,    0,    0,    0,    0,    0,    0,    0,    0,    0,    0,    0,    0,    0,    0,    0,    0,    0,    0,    0,    0,    0,    0,    0,    0,   -4,    0,    0,    0,    0,    0,    0,    0,    0,    0,    0,    0,    0,    0,    0,    0,    0,    0,    0,    0,    0,    0,    0,    0,    0,    0,    0,    0,    0,    0,    0,    0,    0,    0,    0,    0,    0,    0,    0,    0,    0,    0,    0,    0,    0,    0,    0,    0,    0,    0,    0,    0,    0,    0,    0,    0,    0,    0,    0,    0,    0,    0,    0,    0,    0,    0,    0,    0,    0,    0,    0,    0,    0,    0,    0,    0,    0,    0,    0,    0,    0,    0,    0,    0,    0,    0,    0,    0,    0,    0,    0,    0,    0,    0,    0,    0,    0,    0,    0,
       0,    0,    0,    0,   -4,    0,   -7,    7,  -13,    0,    0,    0,    0,    0,    0,    0,    0,    0,    0,    0,    0,    0,    0,    0,    0,    0,    0,    0,    0,    0,    0,    0,    0,    0,    0,    0,    0,    0,    0,    0,    0,    0,    0,    0,    0,    0,    0,    0,    0,    0,    0,    0,    0,    0,    0,    0,    0,    0,    0,    0,    0,    0,    0,    0,    0,    0,    0,    0,    0,    0,    0,    0,    0,    0,    0,    0,    0,    0,    0,    0,    0,    0,    0,    0,    0,    0,    0,    0,    0,    0,    0,    0,    0,    0,    0,    0,    0,    0,    0,    0,    0,    0,    0,    0,    0,    0,    0,    0,    0,    0,    0,    0,    0,    0,    0,    0,    0,    0,    0,    0,    0,    0,    0,    0,    0,    0,    0,    0,    0,    0,    0,    0,    0,    0,    0,    0,    0,    0,    0,    0,    0,    0,    0,    0,    0,    0,    0,    0,    0,    0,    0,    0,    0,    0,    3,    0,    0,    0,    0,    0,
       0,    0,    0,    0,    0,    0,    0,    0,    0,    0,    0,    0,    0,    0,    0,    0,    0,    0,    0,    0,    0,    0,    0,    0,    0,    0,    0,    0,    0,    0,    0,    0,    0,    0,    0,    0,    0,    0,    0,    0,    0,    0,    0,    0,    0,    0,    0,    0,    0,    0,    0,    0,    0,    0,    0,    0,    0,    0,    0,    0,    0,    0,    0,    0,    0,    0,    0,    0,    0,    0,    0,    8,    0,    0,    0,    0,    4,    0,    0,   -6,   -6,    7,    0,    0,    0,    0,    0,    0,    0,    0,    0,    0,    0,    0,    0,   -4,    0,    0,    0,    0,    0,    7,   -4,    0,    0,    0,    0,    0,    0,    0,    0,    0,    0,    0,    0,    0,    0,    0,    0,    0,    0,    0,    0,    0,    9,    0,    0,    0,    0,   -8,    0,    0,    0,    0,    0,    0,    0,    0,    0,    0,    0,    0,    0,    0,    0,    0,    0,    0,    0,    0,    0,    0,    0,    0,    0,    0,    0,    0,    0,    0,
       0,   -5,    0,    0,   -4,   -9,    0,    7,   -6,    0,   -5,    0,    0,    0,    0,    0,    0,    0,    0,    0,    0,    0,    0,    0,    0,    0,    0,   -3,    0,    0,    0,    0,    0,    0,    0,    0,    0,    0,    0,    0,    0,    0,    0,    0,    0,    0,    0,    0,    0,    0,    0,    0,    0,    0,    0,    0,    0,    0,    0,    0,    0,    0,    0,    0,    0,    0,    0,    0,   -5,    0,   -5,    0,    0,   -3,    0,    0,    0,    0,    0,    0,    0,   -5,   -5,   -4,   -7,    0,    0,    0,    0,    0,    0,   -6,    0,    0,    0,    0,    0,    0,   -5,   -5,    0,   -5,    0,    0,   -5,    0,    0,    0,    0,    0,    0,    0,    0,    0,    0,   -5,    0,    0,    0,    0,   -5,    0,   -4,    0,    0,    0,    0,    0,    0,  -12,    0,    0,    0,    0,    0,    0,    0,    0,    0,    0,    0,    0,    0,    0,    0,    0,    0,    0,    0,    0,    0,    0,    0,    0,    0,    0,    0,    0,    0,    0,
       0,    0,    0,   -6,    8,    0,  -27,  -18,  -33,  -20,    9,  -12,    0,    0,    0,    0,    0,    0,    0,    0,    0,    0,    0,    0,    0,    0,    0,   -4,    0,   10,    0,    0,    0,    0,    0,    0,    0,    0,    0,    0,    0,    0,    0,    0,    0,    0,    0,   -9,    0,  -25,  -22,    0,    0,    0,    0,    0,    0,    0,    0,    0,    0,    0,    0,    0,    0,    0,    0,    0,    9,   -6,    0,  -28,  -26,    0,  -27,  -24,    0,    0,   -3,   -8,   -8,    9,    0,    0,   -5,  -25,   -3,  -17,  -17,  -21,  -20,    0,   -3,  -21,  -22,  -25,  -17,  -21,    0,    0,  -24,  -25,  -17,  -17,    0,  -22,  -17,  -17,    0,  -19,  -24,    0,   13,    0,    0,    0,    0,   -6,  -21,    4,    0,    0,    0,  -28,  -36,  -25,   -5,  -20,    0,  -16,    0,    0,    0,    0,    0,    0,    0,    0,    0,    0,    0,    0,    0,    0,    0,    0,    0,    0,    0,    0,    0,    0,    0,    9,    7,    0,    0,    0,    0,    0,
       0,    0,    0,   -4,    5,   -3,    8,   -4,    4,    6,    5,    0,    0,    0,    0,    0,    0,    0,    0,    0,    0,    0,    0,    0,    0,    0,    0,    0,    0,    9,    0,    0,    0,    0,    0,    0,    0,    0,    0,    0,    0,    0,    0,    0,    0,    0,    0,   -5,    5,   -8,    5,    0,    0,    0,    0,    0,    0,    0,    0,    0,    0,    0,    0,    0,    0,    0,    0,    0,    7,   -6,    6,   10,    4,    0,    9,    5,    5,    4,    0,   -8,   -9,    9,    0,    0,    0,    3,    0,    0,    0,    5,    0,    4,    0,    5,    0,   -4,    0,    0,    0,    0,    0,    8,    0,    0,    0,    0,    0,    0,    3,    0,    2,    0,    0,    0,    3,    0,    0,   -6,    0,    4,    0,    0,    0,   -7,    9,    0,   -3,    0,    0,   -5,    0,    0,    0,    0,    0,    0,    0,    0,    0,    0,    0,    0,    0,    0,    0,    0,    0,    0,    0,    0,    0,    0,    0,    7,   12,    0,    0,    0,    0,    0,
       0,   -4,    0,   -4,   -3,  -12,    3,    9,   -5,    0,   -3,    0,    0,    0,    0,    0,    0,    0,    0,    0,    0,    0,    0,    0,    0,    0,    0,   -5,    0,    0,    0,    0,    0,    0,    0,    0,    0,    0,    0,    0,    0,    0,    0,    0,    0,    0,    0,    0,    0,    5,    0,    0,    0,    0,    0,    0,    0,    0,    0,    0,    0,    0,    0,    0,    0,    0,    0,    0,   -7,    0,    0,    0,    0,    0,    0,    0,    0,    0,    0,    0,    0,    0,   -4,   -4,   -7,    4,    0,    0,    0,    0,    0,    0,    0,    0,    0,    0,    0,    0,   -9,   -7,    0,   -4,    0,    0,   -8,    0,    0,    0,    0,    0,    0,    0,    0,    0,    0,   -6,    0,    0,    0,    0,   -8,    0,   -6,    0,    0,    0,    0,    0,    0,  -14,    0,    0,    0,    0,    0,    0,    0,    0,    0,    0,    0,    0,    0,    0,    0,    0,    0,    0,    0,    0,    0,    0,    0,   -7,    0,    0,    0,    0,    0,    0,
       0,    0,    0,    0,    0,    0,    0,    0,  -10,    0,    0,    0,    0,    0,    0,    0,    0,    0,    0,    0,    0,    0,    0,    0,    0,    0,    0,    0,    0,    0,    0,    0,    0,    0,    0,    0,    0,    0,    0,    0,    0,    0,    0,    0,    0,    0,    0,    0,    0,    0,    3,    0,    0,    0,    0,    0,    0,    0,    0,    0,    0,    0,    0,    0,    0,    0,    0,    0,    0,    0,    0,   -4,    0,    0,   -6,    0,    0,    0,    0,    0,    0,    0,    0,    0,    0,    0,    0,    0,    0,    0,    0,    0,    0,    0,    0,    0,    0,    0,    0,    0,    0,    0,    0,    0,    0,    0,    0,    0,    0,    0,    0,    0,    0,    0,    0,    0,    0,    0,    0,    0,    0,    0,    0,    0,    0,    0,    0,    0,    0,    0,    0,    0,    0,    0,    0,    0,    0,    0,    0,    0,    0,    0,    0,    0,    0,    0,    0,    0,    0,    0,    0,    0,    0,    5,    5,    0,    0,    0,    0,    0,
       0,  -20,    0,    0,  -11,   -8,    0,    7,   -6,    0,  -11,    0,    0,    0,    0,    0,    0,    0,    0,    0,    0,    0,    0,    0,    0,    0,    0,   -5,    0,  -13,    0,    0,    0,    0,    0,    0,    0,    0,    0,    0,    0,    0,    0,    0,    0,    0,    0,    0,   -9,    0,    0,    0,    0,    0,    0,    0,    0,    0,    0,    0,    0,    0,    0,    0,    0,    0,    0,    0,  -21,    0,   -5,    0,    0,   -4,    0,    0,   -6,    0,    0,    0,    0,   -5,   -4,   -4,   -9,    0,    0,    0,    0,    0,    0,   -6,    0,    0,    0,    0,    0,    0,   -4,   -4,    0,   -5,    0,    0,   -4,    0,    0,    0,    0,    0,    0,    0,    0,    0,    0,   -5,    0,    0,    0,  -24,   -4,    0,    0,    0,    0,    0,    0,    0,    0,  -10,    0,    0,    0,    0,    0,    0,    0,    0,    0,    0,    0,    0,    0,    0,    0,    0,    0,    0,    0,    0,    0,    0,    0,  -20,  -17,    0,    0,    0,    0,    0,
       0,  -14,    0,    0,    0,   -9,    7,    7,    0,    0,   -6,    0,    0,    0,    0,    0,    0,    0,    0,    0,    0,    0,    0,    0,    0,    0,    0,    0,    0,  -10,    0,    0,    0,    0,    0,    0,    0,    0,    0,    0,    0,    0,    0,    0,    0,    0,    0,    0,   -7,    0,    0,    0,    0,    0,    0,    0,    0,    0,    0,    0,    0,    0,    0,    0,    0,    0,    0,    0,  -15,    0,    0,    0,    0,    0,    0,    0,    0,    0,    0,    0,    0,    0,   -4,    0,    0,    0,    0,    0,    0,    0,    0,    0,    0,    0,    0,    0,    0,    0,   -5,    0,    0,    0,    0,    0,    0,    0,    0,    0,    0,    0,    0,    0,    0,    0,    0,   -5,    0,    0,    0,  -12,   -4,    0,   -4,    0,    8,    0,    0,    0,    0,  -10,    0,    0,    0,    0,    0,    0,    0,    0,    0,    0,    0,    0,    0,    0,    0,    0,    0,    0,    0,    0,    0,    0,    0,  -11,  -11,    0,    0,    0,    0,    0,
       0,    0,    0,   -6,    8,  -13,   10,  -17,    8,    3,    0,   -5,    0,    0,    0,    0,    0,    0,    0,    0,    0,    0,    0,    0,    0,    0,    0,    0,    0,    9,    0,    0,    0,    0,    0,    0,    0,    0,    0,    0,    0,    0,    0,    0,    0,    0,    0,   -5,    6,  -17,    0,    0,    0,    0,    0,    0,    0,    0,    0,    0,    0,    0,    0,    0,    0,    0,    0,    0,    8,  -12,    0,    7,    4,    4,    8,    6,    8,    0,    0,  -18,  -18,   12,    0,    0,    0,   -3,   -7,    0,    0,    6,   -7,    8,    0,    6,    0,  -13,    0,   -7,  -13,  -12,   -9,   11,  -17,    0,   -8,    5,    0,    5,    4,   -6,    3,    0,    0,    0,    4,   -6,    0,  -13,   -7,    6,  -13,    0,   -8,  -18,   13,    0,   -6,   -5,    0,  -19,    0,    0,    0,    0,    0,    0,    0,    0,    0,    0,    0,    0,    0,    0,    0,    0,    0,    0,    0,    0,    0,    0,    0,    0,    0,    0,    0,    0,    0,    0,
       0,    4,    0,  -10,   11,    0,  -27,  -10,  -31,   -4,    9,  -10,    0,    0,    0,    0,    0,    0,    0,    0,    0,    0,    0,    0,    0,    0,    0,    0,    0,   12,    0,    0,    0,    0,    0,    0,    0,    0,    0,    0,    0,    0,    0,    0,    0,    0,    0,   -6,    8,  -13,    0,    0,    0,    0,    0,    0,    0,    0,    0,    0,    0,    0,    0,    0,    0,    0,    0,    0,   11,   -7,    0,  -29,  -22,    6,  -22,  -20,    8,    0,   -3,   -8,   -7,   11,    0,    0,   -7,  -14,   -5,   -6,   -6,  -19,  -12,    0,    0,  -19,  -10,  -18,   -6,  -13,    0,    0,  -13,    0,    0,   -6,    0,    0,   -5,  -10,    7,  -11,  -13,    0,   18,    0,    7,    0,    0,   -7,  -12,    9,    0,    0,    0,    0,  -26,   -8,    0,   -7,    0,    0,    0,    0,    0,    0,    0,    0,    0,    0,    0,    0,    0,    0,    0,    0,    0,    0,    0,    0,    0,    0,    0,    0,    0,    9,   12,    0,    0,    0,    0,    0,
       0,  -19,    0,   -6,    0,  -27,   10,    0,    8,    6,  -11,    0,    0,    0,    0,    0,    0,    0,    0,    0,    0,    0,    0,    0,    0,    0,    0,    0,    0,   -9,    0,    0,    0,    0,    0,    0,    0,    0,    0,    0,    0,    0,    0,    0,    0,    0,    0,   -3,    0,   -5,    4,    0,    0,    0,    0,    0,    0,    0,    0,    0,    0,    0,    0,    0,    0,    0,    0,    0,  -27,   -6,    6,   11,    4,    0,   12,    6,    8,    4,    0,   -8,   -9,   12,  -14,    0,    0,    0,    0,    0,    0,    6,    0,    8,    0,    6,    0,   -4,    0,    0,   -9,   -7,    0,    8,   -8,    0,   -7,    5,    0,    5,    0,    0,    3,    0,    0,    0,    0,   -6,    0,   -7,    0,  -23,   -8,    0,  -12,   -6,   13,    0,   -6,    0,    0,  -14,    0,    0,    0,    0,    0,    0,    0,    0,    0,    0,    0,    0,    0,    0,    0,    0,    0,    0,    0,    0,    0,    0,    0,  -25,  -22,    0,    0,    0,    0,    0,
       0,    0,    0,    0,   -4,   -4,    0,    4,  -10,    4,   -7,    0,    0,    0,    0,    0,    0,    0,    0,    0,    0,    0,    0,    0,    0,    0,    0,    0,    0,   -8,    0,    0,    0,    0,    0,    0,    0,    0,    0,    0,    0,    0,    0,    0,    0,    0,    0,    0,   -6,    3,    4,    0,    0,    0,    0,    0,    0,    0,    0,    0,    0,    0,    0,    0,    0,    0,    0,    0,   -6,    0,   -3,    0,    0,    0,   -3,    0,   -4,    0,    0,    0,    0,   -7,    0,   -4,   -6,    0,    0,    0,    0,    0,    0,    0,    0,    0,    0,    0,    0,    0,    0,    0,    0,   -3,    0,    0,    0,    0,    0,    0,    0,    0,    0,    0,    0,    0,    0,    0,    0,    0,    0,   -7,    0,    0,    0,    0,    0,    0,    0,    0,    0,    0,    0,    0,    0,    0,    0,    0,    0,    0,    0,    0,    0,    0,    0,    0,    0,    0,    0,    0,    0,    0,    0,    0,    0,    0,    0,    0,    0,    0,    0,    0,
       0,   -6,    0,    0,    7,  -12,    9,    0,   12,    0,   -4,    0,    0,    0,    0,    0,    0,    0,    0,    0,    0,    0,    0,    0,    0,    0,    0,    0,    0,    6,    0,    0,    0,    0,    0,    0,    0,    0,    0,    0,    0,    0,    0,    0,    0,    0,    0,   -5,    6,   -5,    0,    0,    0,    0,    0,    0,    0,    0,    0,    0,    0,    0,    0,    0,    0,    0,    0,    0,   -9,    0,    0,    6,    5,    0,    6,    5,    6,    4,    0,    0,  -10,    6,  -10,    0,    0,    0,    0,    0,    0,    5,    0,    6,    0,    6,    0,    0,    0,    0,    0,    7,    0,    6,   -7,    0,    0,    0,    0,    0,    0,    0,    0,    0,    0,   20,    0,    0,    0,    0,    0,   -7,    0,    0,   -7,    0,   11,    0,    0,    0,    0,    0,    0,    0,    0,    0,    0,    0,    0,    0,    0,    0,    0,    0,    0,    0,    0,    0,    0,    0,    0,    0,    0,    0,    0,   -4,   -4,    0,    0,    0,    0,    0,
       0,    0,    0,   -6,    8,  -13,   10,  -17,    8,    3,    4,   -5,    0,    0,    0,    0,    0,    0,    0,    0,    0,    0,    0,    0,    0,    0,    0,    0,    0,    9,    0,    0,    0,    0,    0,    0,    0,    0,    0,    0,    0,    0,    0,    0,    0,    0,    0,   -4,    7,  -17,    0,    0,    0,    0,    0,    0,    0,    0,    0,    0,    0,    0,    0,    0,    0,    0,    0,    0,    8,  -11,    0,    7,    4,    6,    8,    6,    8,    0,    0,  -18,  -15,   12,    0,    0,    0,   -3,   -6,    0,    0,    6,   -6,    8,    0,    6,    0,  -13,    0,   -6,   -9,   -7,   -8,   11,  -12,    0,   -8,    0,    0,    0,    6,   -5,    3,    0,    0,    0,    6,   -6,    0,  -11,   -6,    8,   -9,    0,   -4,  -14,   13,    0,   -3,   -5,    0,  -15,    0,    0,    0,    0,    0,    0,    0,    0,    0,    0,    0,    0,    0,    0,    0,    0,    0,    0,    0,    0,    0,    0,    0,    0,    0,    0,    0,    0,    0,    0,
       0,    0,    0,    0,   -4,   -4,    0,    4,  -10,    4,   -7,    0,    0,    0,    0,    0,    0,    0,    0,    0,    0,    0,    0,    0,    0,    0,    0,    0,    0,   -8,    0,    0,    0,    0,    0,    0,    0,    0,    0,    0,    0,    0,    0,    0,    0,    0,    0,    0,   -6,    3,    4,    0,    0,    0,    0,    0,    0,    0,    0,    0,    0,    0,    0,    0,    0,    0,    0,    0,   -6,    0,   -4,    0,    0,    0,   -3,    0,   -3,    0,    0,    0,    0,   -7,    0,    0,   -5,    0,    0,    0,    0,    0,    0,    0,    0,    0,    0,    0,    0,    0,    0,    0,    0,   -3,    0,    0,    0,    0,    0,    0,    0,    0,    0,    0,    0,    0,    0,    0,    0,    0,    0,   -6,    0,    0,    0,    0,    0,    0,    0,    0,    0,    0,    0,    0,    0,    0,    0,    0,    0,    0,    0,    0,    0,    0,    0,    0,    0,    0,    0,    0,    0,    0,    0,    0,    0,    0,    0,    0,    0,    0,    0,    0,
       0,    0,    0,   -4,   -5,   -3,    0,    0,    0,    0,   -5,    0,    0,    0,    0,    0,    0,    0,    0,    0,    0,    0,    0,    0,    0,    0,    0,   -3,    0,   -4,    0,    0,    0,    0,    0,    0,    0,    0,    0,    0,    0,    0,    0,    0,    0,    0,    0,    0,   -4,    0,    0,    0,    0,    0,    0,    0,    0,    0,    0,    0,    0,    0,    0,    0,    0,    0,    0,    0,   -3,    0,    0,    0,    0,    0,    0,    0,    0,    0,    0,    0,    0,    0,    0,    0,    0,    0,    0,    0,    0,    0,    0,    0,    0,    0,    0,    0,    0,    0,    0,    0,   -4,    0,   -4,    0,    0,    0,    0,    0,    0,    0,    0,    0,    0,    0,    0,    0,    0,    0,    0,   -4,    0,    0,    0,    0,    0,    0,    0,    0,    0,    0,    0,    0,    0,    0,    0,    0,    0,    0,    0,    0,    0,    0,    0,    0,    0,    0,    0,    0,    0,    0,    0,    0,    0,   -7,   -5,    0,    0,    0,    0,    0,
       0,    0,    0,    0,   -7,    0,  -13,    7,  -17,    0,   -6,    0,    0,    0,    0,    0,    0,    0,    0,    0,    0,    0,    0,    0,    0,    0,    0,   -3,    0,   -7,    0,    0,    0,    0,    0,    0,    0,    0,    0,    0,    0,    0,    0,    0,    0,    0,    0,    0,   -8,    3,    0,    0,    0,    0,    0,    0,    0,    0,    0,    0,    0,    0,    0,    0,    0,    0,    0,    0,   -8,    0,    0,   -8,    0,   -8,   -8,    0,  -12,   -7,    0,    0,    0,  -13,    0,   -9,   -5,    0,    0,    0,    0,    0,    0,    0,    0,    0,    0,    0,    0,    0,    0,    0,    0,    0,    0,    0,    0,    0,    0,    0,    0,    0,    0,    0,    0,    0,    0,    0,    0,    0,    0,  -10,    0,    0,    0,    0,   -7,    0,    0,    0,   -8,    0,    0,    0,    0,    0,    0,    0,    0,    0,    0,    0,    0,    0,    0,    0,    0,    0,    0,    0,    0,    0,    0,    0,    0,    0,    3,    0,    0,    0,    0,    0,
       0,    0,    0,    0,   -3,    0,  -35,    0,  -26,    4,    0,    0,    0,    0,    0,    0,    0,    0,    0,    0,    0,    0,    0,    0,    0,    0,    0,   -5,    0,   -4,    0,    0,    0,    0,    0,    0,    0,    0,    0,    0,    0,    0,    0,    0,    0,    0,    0,    0,   -3,   -3,    4,    0,    0,    0,    0,    0,    0,    0,    0,    0,    0,    0,    0,    0,    0,    0,    0,    0,    4,    0,    0,  -30,  -20,    0,  -23,  -19,   -5,   -4,    0,    0,    0,   -7,    0,   -3,    0,   -7,    0,    0,    0,  -14,    0,    0,    0,  -14,   -4,   -5,    0,    0,    0,    4,    0,    4,    0,    0,    0,    0,    0,    0,    0,    0,    0,    0,    0,    0,    0,    0,    4,    0,    0,    0,    4,    0,    4,    0,  -20,    0,    0,    0,    0,    0,    0,    0,    0,    0,    0,    0,    0,    0,    0,    0,    0,    0,    0,    0,    0,    0,    0,    0,    0,    0,    0,    0,    0,   10,   10,    0,    0,    0,    0,    0,
       0,    6,    0,   -6,    8,    0,  -27,  -18,  -33,  -20,    9,  -12,    0,    0,    0,    0,    0,    0,    0,    0,    0,    0,    0,    0,    0,    0,    0,    0,    0,   10,    0,    0,    0,    0,    0,    0,    0,    0,    0,    0,    0,    0,    0,    0,    0,    0,    0,   -6,    6,  -25,  -22,    0,    0,    0,    0,    0,    0,    0,    0,    0,    0,    0,    0,    0,    0,    0,    0,    0,    9,    0,    0,  -28,  -22,    5,  -27,  -21,    6,    0,   -3,   -8,   -4,    9,    0,    0,    0,  -25,    0,    0,    0,  -15,  -16,    0,    0,  -16,   -7,  -25,    0,  -16,    0,    0,  -19,  -25,    0,    0,    0,    0,    0,  -12,    5,  -14,  -24,    0,   16,    0,    5,    0,    0,    0,  -16,    7,    0,    0,    6,    0,  -17,   -4,    0,   -5,    0,    0,    0,    0,    0,    0,    0,    0,    0,    0,    0,    0,    0,    0,    0,    0,    0,    0,    0,    0,    0,    0,    0,    0,    0,    9,    7,    0,    0,    0,    0,    0,
       0,   -4,    0,    0,  -11,    0,  -13,    6,  -13,    0,   -8,    0,    0,    0,    0,    0,    0,    0,    0,    0,    0,    0,    0,    0,    0,    0,    0,   -5,    0,  -12,    0,    0,    0,    0,    0,    0,    0,    0,    0,    0,    0,    0,    0,    0,    0,    0,    0,    0,   -9,    0,    0,    0,    0,    0,    0,    0,    0,    0,    0,    0,    0,    0,    0,    0,    0,    0,    0,    0,   -3,    0,    0,  -12,  -11,  -11,   -9,  -10,  -14,   -9,    0,    0,    0,  -13,    0,  -11,   -4,    0,    0,    0,    0,   -8,    0,    0,    0,   -9,   -3,    0,    0,    0,    0,    0,    0,    0,    0,    0,    0,    0,    0,    0,   -3,    0,    0,    0,    0,    0,   -3,    0,    0,    0,    0,  -11,    0,    0,    0,    0,  -12,    0,    0,    0,  -11,    0,    0,    0,    0,    0,    0,    0,    0,    0,    0,    0,    0,    0,    0,    0,    0,    0,    0,    0,    0,    0,    0,    0,    0,    0,    0,    0,    0,    0,    0,    0,
       0,    0,    0,   -6,    9,   -9,    8,  -11,    8,    6,    7,   -5,    0,    0,    0,    0,    0,    0,    0,    0,    0,    0,    0,    0,    0,    0,    0,    0,    0,   10,    0,    0,    0,    0,    0,    0,    0,    0,    0,    0,    0,    0,    0,    0,    0,    0,    0,   -5,    6,  -12,    0,    0,    0,    0,    0,    0,    0,    0,    0,    0,    0,    0,    0,    0,    0,    0,    0,    0,    9,   -9,    6,    8,    4,    5,   12,    6,    8,    3,    0,  -13,  -13,   12,    0,    0,    0,    0,   -6,    0,    0,    6,   -6,    8,    0,    6,    0,  -10,    0,   -6,   -7,   -6,   -7,    8,  -11,    0,   -7,    0,    0,    0,    5,   -5,    3,    0,    0,    0,    5,   -4,    0,  -10,   -6,    7,   -6,    0,    0,  -12,   13,    0,   -4,   -4,    0,  -13,    0,    0,    0,    0,    0,    0,    0,    0,    0,    0,    0,    0,    0,    0,    0,    0,    0,    0,    0,    0,    0,    0,    0,    3,    5,    0,    0,    0,    0,    0,
       0,    0,    0,    0,   -7,    0,  -13,    7,  -17,    0,   -6,    0,    0,    0,    0,    0,    0,    0,    0,    0,    0,    0,    0,    0,    0,    0,    0,   -3,    0,   -7,    0,    0,    0,    0,    0,    0,    0,    0,    0,    0,    0,    0,    0,    0,    0,    0,    0,    0,   -8,    3,    0,    0,    0,    0,    0,    0,    0,    0,    0,    0,    0,    0,    0,    0,    0,    0,    0,    0,   -8,    0,    0,   -8,    0,   -8,   -8,    0,  -11,   -7,    0,    0,    0,  -13,    0,   -8,   -5,    0,    0,    0,    0,    0,    0,    0,    0,    0,    0,    0,    0,    0,    0,    0,    0,    0,    0,    0,    0,    0,    0,    0,    0,    0,    0,    0,    0,    0,    0,    0,    0,    0,    0,  -10,    0,    0,    0,    0,   -7,    0,    0,    0,   -8,    0,    0,    0,    0,    0,    0,    0,    0,    0,    0,    0,    0,    0,    0,    0,    0,    0,    0,    0,    0,    0,    0,    0,    0,    0,    3,    0,    0,    0,    0,    0,
       0,   -8,    0,    0,   -7,  -10,    0,    5,    0,    0,  -11,    0,    0,    0,    0,    0,    0,    0,    0,    0,    0,    0,    0,    0,    0,    0,    0,    0,    0,  -11,    0,    0,    0,    0,    0,    0,    0,    0,    0,    0,    0,    0,    0,    0,    0,    0,    0,    0,   -6,    0,    0,    0,    0,    0,    0,    0,    0,    0,    0,    0,    0,    0,    0,    0,    0,    0,    0,    0,    0,    0,    0,    0,    0,    0,    0,    0,    0,    0,    0,    0,    0,    0,    0,    0,    0,    0,    0,    0,    0,    0,    0,    0,    0,    0,    0,    0,    0,    0,    0,    0,    0,    0,    0,    0,    0,    0,    0,    0,    0,    0,    0,    0,    0,    0,    0,    0,    0,    0,    0,    0,    0,    0,    0,    0,    0,    0,    0,    0,    0,   -5,    0,    0,    0,    0,    0,    0,    0,    0,    0,    0,    0,    0,    0,    0,    0,    0,    0,    0,    0,    0,    0,    0,    0,   -7,   -7,    0,    0,    0,    0,    0,
       0,    0,    0,    0,    0,   -6,    0,    8,   -6,    0,    0,    0,    0,    0,    0,    0,    0,    0,    0,    0,    0,    0,    0,    0,    0,    0,    0,   -4,    0,    0,    0,    0,    0,    0,    0,    0,    0,    0,    0,    0,    0,    0,    0,    0,    0,    0,    0,    0,    0,    0,    0,    0,    0,    0,    0,    0,    0,    0,    0,    0,    0,    0,    0,    0,    0,    0,    0,    0,    0,    0,    0,    0,    0,    0,    0,    0,    0,    0,    0,    0,    0,    0,    0,    0,    0,    0,    0,    0,    0,    0,    0,   -5,    0,    0,    0,    0,    0,    0,    0,    0,    0,   -4,    0,    0,    0,    0,    0,    0,    0,    0,    0,    0,    0,    0,    0,    0,    0,    0,    0,    0,    0,    0,    0,    0,    0,    0,    0,    0,    0,   -5,    0,    0,    0,    0,    0,    0,    0,    0,    0,    0,    0,    0,    0,    0,    0,    0,    0,    0,    0,    0,    0,    0,    0,    0,    0,    0,    0,    0,    0,    0,
       0,   -7,    0,    0,   -6,   -5,    0,    0,    0,    0,   -6,    0,    0,    0,    0,    0,    0,    0,    0,    0,    0,    0,    0,    0,    0,    0,    0,    0,    0,   -9,    0,    0,    0,    0,    0,    0,    0,    0,    0,    0,    0,    0,    0,    0,    0,    0,    0,    0,   -6,    0,    0,    0,    0,    0,    0,    0,    0,    0,    0,    0,    0,    0,    0,    0,    0,    0,    0,    0,    0,    0,    0,    0,    0,    0,    0,    0,    0,    0,    0,    0,    0,    0,    0,    0,    0,    0,    0,    0,    0,    0,    0,    0,    0,    0,    0,    0,    0,    0,    0,    0,    0,    0,    0,    0,    0,    0,    0,    0,    0,    0,    0,    0,    0,    0,    0,    0,    0,    0,    0,    0,    0,    0,    0,    0,    0,    0,    0,    0,    0,   -4,    0,    0,    0,    0,    0,    0,    0,    0,    0,    0,    0,    0,    0,    0,    0,    0,    0,    0,    0,    0,    0,    0,    0,   -5,   -4,    0,    0,    0,    0,    0,
       0,    0,    0,    0,    0,    0,  -19,    0,  -13,    5,    0,    0,    0,    0,    0,    0,    0,    0,    0,    0,    0,    0,    0,    0,    0,    0,    0,    0,    0,   -7,    0,    0,    0,    0,    0,    0,    0,    0,    0,    0,    0,    0,    0,    0,    0,    0,    0,    0,    0,    0,    5,    0,    0,    0,    0,    0,    0,    0,    0,    0,    0,    0,    0,    0,    0,    0,    0,    0,    0,    0,    0,    0,    0,    0,    0,    0,    0,    0,    0,    0,    0,    0,    0,    0,    0,    0,    0,    0,    0,  -10,    0,    6,    0,  -11,    0,    0,    0,    0,    6,    8,    0,    7,    0,    0,    6,    0,    0,    0,    0,    0,    0,    0,    0,    0,    0,    8,    8,    0,    0,    0,    8,    0,    0,    8,    0,    0,    0,    0,    0,    0,    0,    0,    0,    0,    0,    0,    0,    0,    0,    0,    0,    0,    0,    0,    0,    0,    0,    0,    0,    0,    0,    0,    0,    6,    7,    0,    0,    0,    0,    0,
       0,   -7,    0,    0,    7,   -7,    9,    0,   11,    0,   -4,    0,    0,    0,    0,    0,    0,    0,    0,    0,    0,    0,    0,    0,    0,    0,    0,    0,    0,    6,    0,    0,    0,    0,    0,    0,    0,    0,    0,    0,    0,    0,    0,    0,    0,    0,    0,    0,    6,   -3,    0,    0,    0,    0,    0,    0,    0,    0,    0,    0,    0,    0,    0,    0,    0,    0,    0,    0,    0,    0,    0,    0,    0,    0,    0,    0,    0,    0,    0,    0,    0,    0,    0,    0,    0,    0,    0,    0,    0,    5,    0,    6,    0,    6,    0,    0,    0,    0,   -4,    7,    0,    6,   -4,    0,   -3,    3,    0,    0,    0,    0,    0,    0,    0,   20,    0,    0,    0,    0,    0,    0,    0,    0,    0,    0,    0,    0,    0,    0,    0,    0,    0,    0,    0,    0,    0,    0,    0,    0,    0,    0,    0,    0,    0,    0,    0,    0,    0,    0,    0,    0,    0,    0,    0,   -6,   -4,    0,    0,    0,    0,    0,
       0,   -8,    0,    0,   -7,  -10,   -7,    4,   -4,    0,   -8,    0,    0,    0,    0,    0,    0,    0,    0,    0,    0,    0,    0,    0,    0,    0,    0,    0,    0,  -11,    0,    0,    0,    0,    0,    0,    0,    0,    0,    0,    0,    0,    0,    0,    0,    0,    0,    0,   -6,    4,    0,    0,    0,    0,    0,    0,    0,    0,    0,    0,    0,    0,    0,    0,    0,    0,    0,    0,    0,    0,    0,    0,    0,    0,    0,    0,    0,    0,    0,    0,    0,    0,    0,    0,    0,    0,    0,    0,    0,    0,    0,    0,    0,    0,    0,    0,    0,    0,    0,    0,    0,   -5,    0,    0,    0,    0,    0,    0,    0,    0,    0,    0,    0,    0,    0,    0,    0,    0,    0,    0,    0,    0,    0,    0,    0,    0,    0,    0,    0,   -3,    0,    0,    0,    0,    0,    0,    0,    0,    0,    0,    0,    0,    0,    0,    0,    0,    0,    0,    0,    0,    0,    0,    0,   -3,   -6,    0,    0,    0,    0,    0,
       0,    0,    0,   -4,    0,    4,    4,  -15,    7,    3,    0,   -7,    0,    0,    0,    0,    0,    0,    0,    0,    0,    0,    0,    0,    0,    0,    0,    0,    0,   -9,    0,    0,    0,    0,    0,    0,    0,    0,    0,    0,    0,    0,    0,    0,    0,    0,    0,   -4,    0,  -12,    0,    0,    0,    0,    0,    0,    0,    0,    0,    0,    0,    0,    0,    0,    0,    0,    0,    0,    0,    0,    0,    0,    0,    0,    0,    0,    0,    0,    0,    0,    0,    0,    0,    0,    0,   -3,    0,    0,    0,    6,   -5,    8,    4,    6,    0,  -12,    0,   -5,    5,    6,   -6,    7,    0,    0,    5,    5,    0,    5,    0,    0,    0,    0,    0,    0,    0,    6,    3,    0,   -5,    0,    6,    0,    0,    0,    0,    0,    0,    0,    0,    0,    0,    0,    0,    0,    0,    0,    0,    0,    0,    0,    0,    0,    0,    0,    0,    0,    0,    0,    0,    0,    0,    0,    0,    4,    8,    0,    0,    0,    0,    0,
       0,   -4,    0,    0,   -4,    0,    3,    5,    0,    0,   -4,    0,    0,    0,    0,    0,    0,    0,    0,    0,    0,    0,    0,    0,    0,    0,    0,    0,    0,   -8,    0,    0,    0,    0,    0,    0,    0,    0,    0,    0,    0,    0,    0,    0,    0,    0,    0,    0,   -4,    0,    0,    0,    0,    0,    0,    0,    0,    0,    0,    0,    0,    0,    0,    0,    0,    0,    0,    0,    0,    0,    0,    0,    0,    0,    0,    0,    0,    0,    0,    0,    0,    0,    0,    0,    0,    0,    0,    0,    0,    0,    0,    0,    0,    4,    0,    0,    0,    0,    0,    0,    0,    0,    0,    0,    0,    0,    0,    0,    0,    0,    0,    0,    0,    0,    0,    0,    0,    0,    0,    0,    0,    0,    0,    0,    0,    0,    0,    0,    0,    0,    0,    0,    0,    0,    0,    0,    0,    0,    0,    0,    0,    0,    0,    0,    0,    0,    0,    0,    0,    0,    0,    0,    0,    0,    0,    0,    0,    0,    0,    0,
       0,    0,    0,   -4,    0,    4,    4,  -15,    7,    3,    0,   -7,    0,    0,    0,    0,    0,    0,    0,    0,    0,    0,    0,    0,    0,    0,    0,    0,    0,   -9,    0,    0,    0,    0,    0,    0,    0,    0,    0,    0,    0,    0,    0,    0,    0,    0,    0,   -4,    0,  -12,    0,    0,    0,    0,    0,    0,    0,    0,    0,    0,    0,    0,    0,    0,    0,    0,    0,    0,    0,    0,    0,    0,    0,    0,    0,    0,    0,    0,    0,    0,    0,    0,    0,    0,    0,   -3,    0,    0,    0,    6,   -6,    8,    4,    6,    0,  -12,    0,   -6,    6,    8,   -7,    7,    0,    0,    6,    5,    0,    5,    0,   -4,    0,    0,    0,    0,    0,    8,    4,    0,   -6,    0,    7,    0,    0,    0,    0,    0,    0,    0,    0,    0,    0,    0,    0,    0,    0,    0,    0,    0,    0,    0,    0,    0,    0,    0,    0,    0,    0,    0,    0,    0,    0,    0,    0,    4,    8,    0,    0,    0,    0,    0,
       0,    0,    0,    0,   -5,    0,    0,    4,    0,    0,   -5,    0,    0,    0,    0,    0,    0,    0,    0,    0,    0,    0,    0,    0,    0,    0,    0,    0,    0,   -7,    0,    0,    0,    0,    0,    0,    0,    0,    0,    0,    0,    0,    0,    0,    0,    0,    0,    0,   -4,    0,    0,    0,    0,    0,    0,    0,    0,    0,    0,    0,    0,    0,    0,    0,    0,    0,    0,    0,    0,    0,    0,    0,    0,    0,    0,    0,    0,    0,    0,    0,    0,    0,    0,    0,    0,    0,    0,    0,    0,    0,    0,    0,    0,    0,    0,    0,    0,    0,    0,    0,    0,    0,    0,    0,    0,    0,    0,    0,    0,    0,    0,    0,    0,    0,    0,    0,    0,    0,    0,    0,    0,    0,    0,    0,    0,    0,    0,    0,    0,   -5,    0,    0,    0,    0,    0,    0,    0,    0,    0,    0,    0,    0,    0,    0,    0,    0,    0,    0,    0,    0,    0,    0,    0,    0,    0,    0,    0,    0,    0,    0,
       0,   -4,    0,    0,   -4,   -5,    0,    0,    0,    0,   -5,    0,    0,    0,    0,    0,    0,    0,    0,    0,    0,    0,    0,    0,    0,    0,    0,    0,    0,   -9,    0,    0,    0,    0,    0,    0,    0,    0,    0,    0,    0,    0,    0,    0,    0,    0,    0,    0,   -6,    0,    0,    0,    0,    0,    0,    0,    0,    0,    0,    0,    0,    0,    0,    0,    0,    0,    0,    0,    0,    0,    0,    0,    0,    0,    0,    0,    0,    0,    0,    0,    0,    0,    0,    0,    0,    0,    0,    0,    0,    0,    0,    0,    0,    0,    0,    0,    0,    0,    0,    0,    0,    0,    0,    0,    0,    0,    0,    0,    0,    0,    0,    0,    0,    0,    0,    0,    0,    0,    0,    0,    0,    0,    0,    0,    0,    0,    0,    0,    0,   -7,    0,    0,    0,    0,    0,    0,    0,    0,    0,    0,    0,    0,    0,    0,    0,    0,    0,    0,    0,    0,    0,    0,    0,    0,    0,    0,    0,    0,    0,    0,
       0,    0,    0,    0,   -5,    0,    0,    4,    0,    0,   -5,    0,    0,    0,    0,    0,    0,    0,    0,    0,    0,    0,    0,    0,    0,    0,    0,    0,    0,   -8,    0,    0,    0,    0,    0,    0,    0,    0,    0,    0,    0,    0,    0,    0,    0,    0,    0,    0,   -5,    0,    0,    0,    0,    0,    0,    0,    0,    0,    0,    0,    0,    0,    0,    0,    0,    0,    0,    0,    0,    0,    0,    0,    0,    0,    0,    0,    0,    0,    0,    0,    0,    0,    0,    0,    0,    0,    0,    0,    0,    0,    0,    0,    0,    0,    0,    0,    0,    0,    0,    0,    0,    0,    0,    0,    0,    0,    0,    0,    0,    0,    0,    0,    0,    0,    0,    0,    0,    0,    0,    0,    0,    0,    0,    0,    0,    0,    0,    0,    0,   -5,    0,    0,    0,    0,    0,    0,    0,    0,    0,    0,    0,    0,    0,    0,    0,    0,    0,    0,    0,    0,    0,    0,    0,    0,    0,    0,    0,    0,    0,    0,
       0,  -10,    0,    0,   -8,  -10,  -10,    4,   -9,    0,   -9,    0,    0,    0,    0,    0,    0,    0,    0,    0,    0,    0,    0,    0,    0,    0,    0,    0,    0,  -12,    0,    0,    0,    0,    0,    0,    0,    0,    0,    0,    0,    0,    0,    0,    0,    0,    0,    0,   -7,    4,    0,    0,    0,    0,    0,    0,    0,    0,    0,    0,    0,    0,    0,    0,    0,    0,    0,    0,    0,    0,    0,    0,    0,    0,    0,    0,    0,    0,    0,    0,    0,    0,    0,    0,    0,    0,    0,    0,    0,    0,    0,   -5,    0,    0,    0,    0,    0,    0,    0,    0,    0,   -6,    0,    0,    0,    0,    0,    0,    0,    0,    0,    0,    0,    0,    0,    0,    0,    0,    0,    0,    0,    0,    0,    0,    0,    0,    0,    0,    0,   -5,    0,    0,    0,    0,    0,    0,    0,    0,    0,    0,    0,    0,    0,    0,    0,    0,    0,    0,    0,    0,    0,    0,    0,   -9,   -8,    0,    0,    0,    0,    0,
       0,  -10,    0,    0,  -10,   -5,    0,    8,   -6,    0,   -6,    0,    0,    0,    0,    0,    0,    0,    0,    0,    0,    0,    0,    0,    0,    0,    0,   -5,    0,  -12,    0,    0,    0,    0,    0,    0,    0,    0,    0,    0,    0,    0,    0,    0,    0,    0,    0,    0,   -9,    0,    0,    0,    0,    0,    0,    0,    0,    0,    0,    0,    0,    0,    0,    0,    0,    0,    0,    0,    0,    0,    0,    0,    0,    0,    0,    0,    0,    0,    0,    0,    0,    0,    0,    0,    0,    0,    0,    0,    0,    0,    0,   -5,    0,    0,    0,    0,    0,    0,    0,    0,    0,    0,    0,    0,    0,    0,    0,    0,   -4,    0,    0,    0,    0,    0,    0,    0,    0,    0,    0,    0,    0,    0,    0,    0,    0,    0,    0,    0,    0,   -4,    0,    0,    0,    0,    0,    0,    0,    0,    0,    0,    0,    0,    0,    0,    0,    0,    0,    0,    0,    0,    0,    0,    0,   -7,   -8,    0,    0,    0,    0,    0,
       0,    0,    0,    0,    0,    0,    6,   -3,    0,    3,   -4,   -3,    0,    0,    0,    0,    0,    0,    0,    0,    0,    0,    0,    0,    0,    0,    0,    0,    0,  -12,    0,    0,    0,    0,    0,    0,    0,    0,    0,    0,    0,    0,    0,    0,    0,    0,    0,    0,   -6,   -5,    0,    0,    0,    0,    0,    0,    0,    0,    0,    0,    0,    0,    0,    0,    0,    0,    0,    0,    0,    0,    0,    0,    0,    0,    0,    0,    0,    0,    0,    0,    0,    0,    0,    0,    0,    0,    0,    0,    0,    0,    0,    5,    0,    0,    0,   -8,    0,    0,    0,    0,    0,    4,    0,    0,    0,    0,    0,    0,    0,    0,    0,    0,    0,    0,    0,    3,    0,    0,    0,    0,    3,    0,    0,    0,    0,    0,    0,    0,    0,    0,    0,    0,    0,    0,    0,    0,    0,    0,    0,    0,    0,    0,    0,    0,    0,    0,    0,    0,    0,    0,    0,    0,    0,    4,    8,    0,    0,    0,    0,    0,
       0,    0,    0,    0,    0,    0,  -12,    0,  -14,    0,    0,    0,    0,    0,    0,    0,    0,    0,    0,    0,    0,    0,    0,    0,    0,    0,    0,    0,    0,   -9,    0,    0,    0,    0,    0,    0,    0,    0,    0,    0,    0,    0,    0,    0,    0,    0,    0,    0,   -5,    0,    0,    0,    0,    0,    0,    0,    0,    0,    0,    0,    0,    0,    0,    0,    0,    0,    0,    0,    0,    0,    0,    0,    0,    0,    0,    0,    0,    0,    0,    0,    0,    0,    0,    0,    0,    0,    0,    0,    0,  -10,    0,    5,    0,   -9,    0,    0,    0,    0,    5,    6,   -3,    6,    0,    0,    5,    0,    0,    0,    0,    0,    0,    0,    0,    0,    0,    6,    6,    0,    0,    0,    6,    0,    0,    6,    0,    0,    0,    0,    0,    0,    0,    0,    0,    0,    0,    0,    0,    0,    0,    0,    0,    0,    0,    0,    0,    0,    0,    0,    0,    0,    0,    0,    0,    4,    6,    0,    0,    0,    0,    0,
       0,    0,    0,    0,    0,    0,  -10,    0,  -11,    0,    0,    0,    0,    0,    0,    0,    0,    0,    0,    0,    0,    0,    0,    0,    0,    0,    0,    0,    0,   -7,    0,    0,    0,    0,    0,    0,    0,    0,    0,    0,    0,    0,    0,    0,    0,    0,    0,    0,    0,    0,    0,    0,    0,    0,    0,    0,    0,    0,    0,    0,    0,    0,    0,    0,    0,    0,    0,    0,    0,    0,    0,    0,    0,    0,    0,    0,    0,    0,    0,    0,    0,    0,    0,    0,    0,    0,    0,    0,    0,   -8,    0,    6,    0,   -7,    0,    0,    0,    0,    6,    8,   -4,    7,    0,    0,    6,    0,    0,    0,    0,    0,    0,    0,    0,    0,    0,    8,    7,    0,    0,    0,    8,    0,    0,    4,    0,    0,    0,    0,    0,    0,    0,    0,    0,    0,    0,    0,    0,    0,    0,    0,    0,    0,    0,    0,    0,    0,    0,    0,    0,    0,    0,    0,    0,    4,    7,    0,    0,    0,    0,    0,
       0,  -15,    0,    0,  -12,   -6,    0,    8,   -7,    0,  -10,    0,    0,    0,    0,    0,    0,    0,    0,    0,    0,    0,    0,    0,    0,    0,    0,   -5,    0,  -13,    0,    0,    0,    0,    0,    0,    0,    0,    0,    0,    0,    0,    0,    0,    0,    0,    0,    0,   -9,    0,    0,    0,    0,    0,    0,    0,    0,    0,    0,    0,    0,    0,    0,    0,    0,    0,    0,    0,    0,    0,    0,    0,    0,    0,    0,    0,    0,    0,    0,    0,    0,    0,    0,    0,    0,    0,    0,    0,    0,    0,    0,   -7,   -3,    0,    0,    0,    0,    0,   -3,   -4,    0,   -5,   -2,    0,    0,    0,    0,   -3,   -4,    0,    0,    0,    0,    0,   -4,    0,    0,    0,    0,    0,    0,    0,    0,    0,    0,    0,    0,    0,    0,   -6,    0,    0,    0,    0,    0,    0,    0,    0,    0,    0,    0,    0,    0,    0,    0,    0,    0,    0,    0,    0,    0,    0,    0,  -15,  -12,    0,    0,    0,    0,    0,
       0,    0,    0,   -4,    0,    4,    6,   -7,    7,    5,    0,   -3,    0,    0,    0,    0,    0,    0,    0,    0,    0,    0,    0,    0,    0,    0,    0,    0,    0,  -10,    0,    0,    0,    0,    0,    0,    0,    0,    0,    0,    0,    0,    0,    0,    0,    0,    0,   -3,    0,   -9,    0,    0,    0,    0,    0,    0,    0,    0,    0,    0,    0,    0,    0,    0,    0,    0,    0,    0,    0,    0,    0,    0,    0,    0,    0,    0,    0,    0,    0,    0,    0,    0,    0,    0,    0,    0,    0,    0,    0,    6,   -4,    8,    4,    6,    0,   -8,    0,   -4,    5,    7,   -5,   11,    0,    0,    5,    5,    0,    5,    0,    0,    0,    0,    0,    0,    0,    7,    4,    0,   -4,    0,    6,    0,    0,    0,    0,    0,    0,    0,    0,    0,    0,    0,    0,    0,    0,    0,    0,    0,    0,    0,    0,    0,    0,    0,    0,    0,    0,    0,    0,    0,    0,    0,    0,    5,    9,    0,    0,    0,    0,    0,
       0,  -24,    0,    0,   -7,  -18,    0,    4,    0,    0,   -7,    0,    0,    0,    0,    0,    0,    0,    0,    0,    0,    0,    0,    0,    0,    0,    0,   -4,    0,  -11,    0,    0,    0,    0,    0,    0,    0,    0,    0,    0,    0,    0,    0,    0,    0,    0,    0,    0,   -7,    0,    0,    0,    0,    0,    0,    0,    0,    0,    0,    0,    0,    0,    0,    0,    0,    0,    0,    0,    0,    0,    0,    0,    0,    0,    0,    0,    0,    0,    0,    0,    0,    0,    0,    0,    0,    0,    0,    0,    0,    0,    0,    0,    0,    4,    0,    0,    0,    0,  -12,   -7,    0,    0,    0,    0,   -9,    0,    0,    0,    0,    0,    0,    0,    0,    0,    0,   -8,    0,    0,    0,    0,   -7,    0,    0,    0,    0,    0,    0,    0,    0,  -13,    0,    0,    0,    0,    0,    0,    0,    0,    0,    0,    0,    0,    0,    0,    0,    0,    0,    0,    0,    0,    0,    0,    0,  -21,  -24,    0,    0,    0,    0,    0,
       0,   -8,    0,    0,   -8,  -10,  -10,    4,   -9,    0,   -9,    0,    0,    0,    0,    0,    0,    0,    0,    0,    0,    0,    0,    0,    0,    0,    0,    0,    0,  -12,    0,    0,    0,    0,    0,    0,    0,    0,    0,    0,    0,    0,    0,    0,    0,    0,    0,    0,   -6,    4,    0,    0,    0,    0,    0,    0,    0,    0,    0,    0,    0,    0,    0,    0,    0,    0,    0,    0,    0,    0,    0,    0,    0,    0,    0,    0,    0,    0,    0,    0,    0,    0,    0,    0,    0,    0,    0,    0,    0,    0,    0,    0,    0,    0,    0,    0,    0,    0,    0,    0,    0,   -6,    0,    0,    0,    0,    0,    0,    0,    0,    0,    0,    0,    0,    0,    0,    0,    0,    0,    0,    0,    0,    0,    0,    0,    0,    0,    0,    0,    0,    0,    0,    0,    0,    0,    0,    0,    0,    0,    0,    0,    0,    0,    0,    0,    0,    0,    0,    0,    0,    0,    0,    0,   -9,   -8,    0,    0,    0,    0,    0,
       0,  -10,    0,    0,   -8,  -10,  -10,    4,   -9,    0,   -9,    0,    0,    0,    0,    0,    0,    0,    0,    0,    0,    0,    0,    0,    0,    0,    0,    0,    0,  -12,    0,    0,    0,    0,    0,    0,    0,    0,    0,    0,    0,    0,    0,    0,    0,    0,    0,    0,   -7,    4,    0,    0,    0,    0,    0,    0,    0,    0,    0,    0,    0,    0,    0,    0,    0,    0,    0,    0,    0,    0,    0,    0,    0,    0,    0,    0,    0,    0,    0,    0,    0,    0,    0,    0,    0,    0,    0,    0,    0,    0,    0,   -5,    0,    0,    0,    0,    0,    0,    0,    0,    0,   -6,    0,    0,    0,    0,    0,    0,    0,    0,    0,    0,    0,    0,    0,    0,    0,    0,    0,    0,    0,    0,    0,    0,    0,    0,    0,    0,    0,   -4,    0,    0,    0,    0,    0,    0,    0,    0,    0,    0,    0,    0,    0,    0,    0,    0,    0,    0,    0,    0,    0,    0,    0,   -9,   -8,    0,    0,    0,    0,    0,
       0,    0,    0,    0,   -5,    0,    0,    4,    0,    0,   -5,    0,    0,    0,    0,    0,    0,    0,    0,    0,    0,    0,    0,    0,    0,    0,    0,    0,    0,   -9,    0,    0,    0,    0,    0,    0,    0,    0,    0,    0,    0,    0,    0,    0,    0,    0,    0,    0,   -6,    0,    0,    0,    0,    0,    0,    0,    0,    0,    0,    0,    0,    0,    0,    0,    0,    0,    0,    0,    0,    0,    0,    0,    0,    0,    0,    0,    0,    0,    0,    0,    0,    0,    0,    0,    0,    0,    0,    0,    0,    0,    0,    0,    0,    0,    0,    0,    0,    0,    0,    0,    0,    0,    0,    0,    0,    0,    0,    0,    0,    0,    0,    0,    0,    0,    0,    0,    0,    0,    0,    0,    0,    0,    0,    0,    0,    0,    0,    0,    0,   -5,    0,    0,    0,    0,    0,    0,    0,    0,    0,    0,    0,    0,    0,    0,    0,    0,    0,    0,    0,    0,    0,    0,    0,    0,    0,    0,    0,    0,    0,    0,
       0,  -12,    0,   -5,    0,   -7,    0,    5,    0,    0,   -7,    0,    0,    0,    0,    0,    0,    0,    0,    0,    0,    0,    0,    0,    0,    0,    0,    0,    0,    0,    0,    0,    0,    0,    0,    0,    0,    0,    0,    0,    0,    0,    0,    0,    0,    0,    0,    0,    0,    0,    0,    0,    0,    0,    0,    0,    0,    0,    0,    0,    0,    0,    0,    0,    0,    0,    0,    0,    0,    0,    0,    0,    0,    0,    0,    0,    0,    0,    0,    0,    0,    0,    0,    0,    0,    0,    0,    0,    0,    0,    0,    0,    0,    0,    0,    0,    0,    0,    0,    0,    0,    0,    0,    0,    0,    0,    0,    0,   -5,    0,    0,    0,    0,    9,    0,    0,    0,    0,    0,    0,    0,    0,    0,    0,    0,    0,    0,    0,    0,   -4,    0,    0,    0,    0,    0,    0,    0,    0,    0,    0,    0,    0,    0,    0,    0,    0,    0,    0,    0,    0,    0,    0,    0,  -12,   -9,    0,    0,    0,    0,    0,
       0,    0,    0,    0,    0,    0,    5,    0,    0,    0,   -3,    0,    0,    0,    0,    0,    0,    0,    0,    0,    0,    0,    0,    0,    0,    0,    0,    0,    0,   -8,    0,    0,    0,    0,    0,    0,    0,    0,    0,    0,    0,    0,    0,    0,    0,    0,    0,    0,   -6,   -4,    0,    0,    0,    0,    0,    0,    0,    0,    0,    0,    0,    0,    0,    0,    0,    0,    0,    0,    0,    0,    0,    0,    0,    0,    0,    0,    0,    0,    0,    0,    0,    0,    0,    0,    0,    0,    0,    0,    0,    0,    0,    5,    0,    0,    0,    0,    0,    0,    0,    0,   -3,    5,    0,    0,    0,    0,    0,    0,    0,    0,    0,    0,    0,    0,    0,    0,    0,    0,    0,    0,    0,    0,    0,    0,    0,    0,    0,    0,    0,    0,    0,    0,    0,    0,    0,    0,    0,    0,    0,    0,    0,    0,    0,    0,    0,    0,    0,    0,    0,    0,    0,    0,    0,    0,    0,    0,    0,    0,    0,    0,
       0,    0,    0,    0,   -4,   -3,    0,    0,   -4,    0,  -12,    0,    0,    0,    0,    0,    0,    0,    0,    0,    0,    0,    0,    0,    0,    0,    0,    0,    0,  -11,    0,    0,    0,    0,    0,    0,    0,    0,    0,    0,    0,    0,    0,    0,    0,    0,    0,    0,   -6,    0,    0,    0,    0,    0,    0,    0,    0,    0,    0,    0,    0,    0,    0,    0,    0,    0,    0,    0,    0,    0,    0,    0,    0,    0,    0,    0,    0,    0,    0,    0,    0,    0,    0,    0,    0,    0,    0,    0,    0,    0,    0,    0,    0,    0,    0,    0,    0,    0,    0,    0,    0,    0,    0,    0,    0,    0,    0,    0,    0,    0,    0,    0,    0,    0,    0,    0,    0,    0,    0,    0,    0,    0,    0,    0,    0,    0,    0,    0,    0,   -3,    0,    0,    0,    0,    0,    0,    0,    0,    0,    0,    0,    0,    0,    0,    0,    0,    0,    0,    0,    0,    0,    0,    0,    0,    0,    0,    0,    0,    0,    0,
       0,    0,    0,    0,    4,    0,    0,    4,    0,    0,    0,    0,    0,    0,    0,    0,    0,    0,    0,    0,    0,    0,    0,    0,    0,    0,    0,    0,    0,    0,    0,    0,    0,    0,    0,    0,    0,    0,    0,    0,    0,    0,    0,    0,    0,    0,    0,    0,    0,    0,    0,    0,    0,    0,    0,    0,    0,    0,    0,    0,    0,    0,    0,    0,    0,    0,    0,    0,    0,    0,    0,    0,    0,    0,    0,    0,    0,    0,    0,    0,    0,    0,    0,    0,    0,    0,    0,    0,    0,    0,    0,    0,    0,    0,    0,    0,    0,    0,    0,    0,    0,    0,    0,    0,    0,    0,    0,    0,    0,    0,    0,    0,    0,    0,    0,    0,    0,    0,    0,    0,    0,    0,    0,    0,    0,    0,    0,    0,    0,   -5,    0,    0,    0,    0,    0,    0,    0,    0,    0,    0,    0,    0,    0,    0,    0,    0,    0,    0,    0,    0,    0,    0,    0,    0,    0,    0,    0,    0,    0,    0,
       0,    0,    0,   -4,    4,    0,    0,    4,    0,    0,    0,    0,    0,    0,    0,    0,    0,    0,    0,    0,    0,    0,    0,    0,    0,    0,    0,    0,    0,    3,    0,    0,    0,    0,    0,    0,    0,    0,    0,    0,    0,    0,    0,    0,    0,    0,    0,    0,    0,    0,    0,    0,    0,    0,    0,    0,    0,    0,    0,    0,    0,    0,    0,    0,    0,    0,    0,    0,    0,    0,    0,    0,    0,    0,    0,    0,    0,    0,    0,    0,    0,    0,    0,    0,    0,    0,    0,    0,    0,    0,    0,    0,    0,    0,    0,    0,    0,    0,    0,    0,    0,    0,    0,    0,    0,    0,    0,    0,    0,    0,    0,    0,    0,   10,    0,    0,    0,    0,    0,    0,    0,    0,    0,    0,    0,    0,    0,    0,    0,   -5,    0,    0,    0,    0,    0,    0,    0,    0,    0,    0,    0,    0,    0,    0,    0,    0,    0,    0,    0,    0,    0,    0,    0,    0,    0,    0,    0,    0,    0,    0,
       0,  -12,    0,   -4,   -5,   -7,    0,    5,    0,    0,   -7,    0,    0,    0,    0,    0,    0,    0,    0,    0,    0,    0,    0,    0,    0,    0,    0,    0,    0,  -11,    0,    0,    0,    0,    0,    0,    0,    0,    0,    0,    0,    0,    0,    0,    0,    0,    0,    0,   -9,    0,    0,    0,    0,    0,    0,    0,    0,    0,    0,    0,    0,    0,    0,    0,    0,    0,    0,    0,    0,    0,    0,    0,    0,    0,    0,    0,    0,    0,    0,    0,    0,    0,    0,    0,    0,    0,    0,    0,    0,    0,    0,    0,    0,    0,    0,    0,    0,    0,    0,    0,    0,    0,    0,    0,    0,    0,    0,    0,    0,    0,    0,    0,    0,   -3,    0,    0,    0,    0,    0,    0,    0,    0,    0,    0,    0,    0,    0,    0,    0,   -6,    0,    0,    0,    0,    0,    0,    0,    0,    0,    0,    0,    0,    0,    0,    0,    0,    0,    0,    0,    0,    0,    0,    0,  -11,   -9,    0,    0,    0,    0,    0,
       0,    0,    0,    0,   -5,    0,    0,    4,    0,    0,   -5,    0,    0,    0,    0,    0,    0,    0,    0,    0,    0,    0,    0,    0,    0,    0,    0,    0,    0,   -4,    0,    0,    0,    0,    0,    0,    0,    0,    0,    0,    0,    0,    0,    0,    0,    0,    0,    0,   -4,    0,    0,    0,    0,    0,    0,    0,    0,    0,    0,    0,    0,    0,    0,    0,    0,    0,    0,    0,    0,    0,    0,    0,    0,    0,    0,    0,    0,    0,    0,    0,    0,    0,    0,    0,    0,    0,    0,    0,    0,    0,    0,    0,    0,    0,    0,    0,    0,    0,    0,    0,    0,    0,    0,    0,    0,    0,    0,    0,    0,    0,    0,    0,    0,    0,    0,    0,    0,    0,    0,    0,    0,    0,    0,    0,    0,    0,    0,    0,    0,   -5,    0,    0,    0,    0,    0,    0,    0,    0,    0,    0,    0,    0,    0,    0,    0,    0,    0,    0,    0,    0,    0,    0,    0,    0,    0,    0,    0,    0,    0,    0,
       0,  -17,    0,    0,   -9,  -15,    0,    0,    0,    0,   -9,    0,    0,    0,    0,    0,    0,    0,    0,    0,    0,    0,    0,    0,    0,    0,    0,   -5,    0,  -13,    0,    0,    0,    0,    0,    0,    0,    0,    0,    0,    0,    0,    0,    0,    0,    0,    0,    0,   -9,    0,    0,    0,    0,    0,    0,    0,    0,    0,    0,    0,    0,    0,    0,    0,    0,    0,    0,    0,    0,    0,    0,    0,    0,    0,    0,    0,    0,    0,    0,    0,    0,    0,    0,    0,    0,    0,    0,    0,    0,    0,    0,    0,    0,    0,    0,    0,    0,    0,  -11,   -8,    0,    0,   -3,    0,   -7,    0,    0,   -3,   -4,    0,    0,    0,    0,    0,   -4,  -11,    0,    0,    0,    0,   -8,    0,    0,    0,    0,    0,    0,    0,    0,  -15,    0,    0,    0,    0,    0,    0,    0,    0,    0,    0,    0,    0,    0,    0,    0,    0,    0,    0,    0,    0,    0,    0,    0,  -15,  -12,    0,    0,    0,    0,    0,
       4,    7,    0,   -4,    9,    0,  -33,  -17,  -21,    0,   11,   -9,    0,    0,    0,    0,    0,    0,    0,    0,    0,    0,    0,    0,    0,    0,    0,    0,    0,   13,    0,    0,    0,    0,    0,    0,    0,    0,    0,    0,    0,    0,    0,    0,    0,    0,    0,    0,   13,  -20,    0,    0,    0,    0,    0,    0,    0,    0,    0,    0,    0,    0,    0,    0,    0,    0,    0,    0,   11,   -4,    0,  -27,  -17,   10,  -21,  -16,   10,    7,    0,   -4,   -5,    9,    8,    7,    0,   -6,    0,   -4,   -4,  -17,  -17,    0,    0,  -18,   -8,  -17,   -5,  -18,    0,    0,  -20,    0,    0,   -4,    0,    0,    0,  -14,   12,  -15,  -11,    0,    0,    0,   12,    0,    0,   -4,  -17,   12,    0,    0,    4,   -4,  -31,   -6,    0,   -6,    4,    0,    0,    0,    0,    0,    0,    0,    0,    0,    0,    0,    0,    0,    0,    0,    0,    0,    0,    0,    0,    0,    0,    0,    0,   10,   10,    0,    0,    0,    0,    0,
       0,    5,    0,    0,    0,    6,  -18,    0,  -14,    6,    0,    0,    0,    0,    0,    0,    0,    0,    0,    0,    0,    0,    0,    0,    0,    0,    0,    0,    0,   -4,    0,    0,    0,    0,    0,    0,    0,    0,    0,    0,    0,    0,    0,    0,    0,    0,    0,    0,    0,    0,    7,    0,    0,    0,    0,    0,    0,    0,    0,    0,    0,    0,    0,    0,    0,    0,    0,    0,    0,    0,    0,    0,    0,    0,    0,    0,    0,    0,    0,    0,    0,    0,    0,    0,    0,    0,    0,    0,    0,   -7,    0,    9,    6,   -8,    0,    0,    0,    0,   10,   11,    0,   10,    6,    0,   10,    6,    0,    0,    0,    0,    0,    0,    0,    0,    0,   11,   11,    0,    0,    0,   11,    0,    0,    8,    0,    0,    0,    0,    0,    0,    0,    0,    0,    0,    0,    0,    0,    0,    0,    0,    0,    0,    0,    0,    0,    0,    0,    0,    0,    0,    0,    0,    0,    7,   11,    0,    0,    0,    0,    0,
       0,   -6,    0,   -4,    0,   -6,    7,    0,    0,    0,   -6,    0,    0,    0,    0,    0,    0,    0,    0,    0,    0,    0,    0,    0,    0,    0,    0,    0,    0,    0,    0,    0,    0,    0,    0,    0,    0,    0,    0,    0,    0,    0,    0,    0,    0,    0,    0,    0,    0,    0,    0,    0,    0,    0,    0,    0,    0,    0,    0,    0,    0,    0,    0,    0,    0,    0,    0,    0,    0,    0,    0,    0,    0,    0,    0,    0,    0,    0,    0,    0,    0,    0,    0,    0,    0,    0,    0,    0,    0,    0,    0,    4,    0,    4,    0,    0,    0,    0,    0,    0,    0,    4,   -5,    0,    0,    0,    0,    0,    0,    0,    0,    0,    0,   12,    0,    0,    0,    0,    0,    0,    0,    0,    0,    0,    0,    0,    0,    0,    0,    0,    0,    0,    0,    0,    0,    0,    0,    0,    0,    0,    0,    0,    0,    0,    0,    0,    0,    0,    0,    0,    0,    0,    0,   -5,    0,    0,    0,    0,    0,    0,
       0,  -31,    0,   -4,    0,  -24,    7,    0,    0,    0,   -6,    0,    0,    0,    0,    0,    0,    0,    0,    0,    0,    0,    0,    0,    0,    0,    0,   -4,    0,    0,    0,    0,    0,    0,    0,    0,    0,    0,    0,    0,    0,    0,    0,    0,    0,    0,    0,    0,    0,    0,    0,    0,    0,    0,    0,    0,    0,    0,    0,    0,    0,    0,    0,    0,    0,    0,    0,    0,    0,    0,    0,    0,    0,    0,    0,    0,    0,    0,    0,    0,    0,    0,    0,    0,    0,    0,    0,    0,    0,    0,    0,    4,    0,    4,    0,    0,    0,    0,  -14,    0,    0,    4,   -7,    0,  -11,    0,    0,    0,    0,    0,    0,    0,    0,   12,    0,  -10,    0,    0,    0,    0,  -12,    0,    0,   -7,    0,    0,    0,    0,    0,    0,    0,    0,    0,    0,    0,    0,    0,    0,    0,    0,    0,    0,    0,    0,    0,    0,    0,    0,    0,    0,    0,    0,    0,  -27,  -30,    0,    0,    0,    0,    0,
       0,  -11,    0,    0,    0,   -3,    0,   10,    0,    0,   -7,    0,    0,    0,    0,    0,    0,    0,    0,    0,    0,    0,    0,    0,    0,    0,    0,   -4,    0,    0,    0,    0,    0,    0,    0,    0,    0,    0,    0,    0,    0,    0,    0,    0,    0,    0,    0,    0,    0,    0,    0,    0,    0,    0,    0,    0,    0,    0,    0,    0,    0,    0,    0,    0,    0,    0,    0,    0,  -15,    0,   -6,    0,    0,   -5,    0,    0,   -8,    0,    0,    0,    0,   -7,    0,   -5,   -6,    0,    0,    0,    0,    0,    0,   -4,    0,    0,    0,    0,    0,    0,    0,    0,    0,    0,    0,    0,    0,    0,    0,    0,    0,    0,    0,    0,    0,   11,    0,    0,    0,    0,    0,  -18,    0,    0,    0,    0,    0,    0,    0,    0,    0,    0,    0,    0,    0,    0,    0,    0,    0,    0,    0,    0,    0,    0,    0,    0,    0,    0,    0,    0,    0,    0,    0,    0,    0,  -11,   -8,    0,    0,    0,    0,    0,
       0,  -17,    0,    0,    0,  -11,    0,    8,    5,    0,   -8,    0,    0,    0,    0,    0,    0,    0,    0,    0,    0,    0,    0,    0,    0,    0,    0,    0,    0,    0,    0,    0,    0,    0,    0,    0,    0,    0,    0,    0,    0,    0,    0,    0,    0,    0,    0,    0,    0,    0,    0,    0,    0,    0,    0,    0,    0,    0,    0,    0,    0,    0,    0,    0,    0,    0,    0,    0,    0,    0,    0,    0,    0,    0,    0,    0,    0,    0,    0,    0,    0,    0,    0,    0,    0,    0,    0,    0,    0,    0,    0,    0,    0,    0,    0,    0,    0,    0,   -7,    0,    0,    0,    0,    0,   -5,    0,    0,    0,    0,    0,    0,    0,    0,   14,    0,   -5,    0,    0,    0,    0,   -4,    0,    0,    0,    0,    0,    0,    0,    0,    0,    0,    0,    0,    0,    0,    0,    0,    0,    0,    0,    0,    0,    0,    0,    0,    0,    0,    0,    0,    0,    0,    0,    0,  -15,  -15,    0,    0,    0,    0,    0,
       0,    0,    0,  -11,    8,    0,  -21,  -15,  -25,   -7,    6,  -15,    0,    0,    0,    0,    0,    0,    0,    0,    0,    0,    0,    0,    0,    0,    0,    0,    0,    9,    0,    0,    0,    0,    0,    0,    0,    0,    0,    0,    0,    0,    0,    0,    0,    0,    0,   -5,    9,  -21,   -7,    0,    0,    0,    0,    0,    0,    0,    0,    0,    0,    0,    0,    0,    0,    0,    0,    0,    7,  -11,   -4,  -24,  -21,    7,  -23,  -20,    9,    0,   -4,  -11,  -12,    7,    4,    0,   -9,  -11,   -7,   -9,   -9,  -22,  -19,    0,   -6,  -23,  -14,  -19,  -10,  -20,    0,    0,  -21,    0,   -6,   -9,    0,   -6,   -8,  -16,    7,  -18,  -14,    0,    0,    0,    7,    0,    0,  -11,  -19,   10,    0,    0,    0,   -6,  -20,  -11,    0,  -11,    0,    0,    0,    0,    0,    0,    0,    0,    0,    0,    0,    0,    0,    0,    0,    0,    0,    0,    0,    0,    0,    0,    0,    0,    0,    0,    4,    0,    0,    0,    0,    0,
       0,    0,    0,    0,    0,    0,  -11,    0,   -9,    0,    0,    0,    0,    0,    0,    0,    0,    0,    0,    0,    0,    0,    0,    0,    0,    0,    0,    0,    0,   -7,    0,    0,    0,    0,    0,    0,    0,    0,    0,    0,    0,    0,    0,    0,    0,    0,    0,    0,    0,    0,    3,    0,    0,    0,    0,    0,    0,    0,    0,    0,    0,    0,    0,    0,    0,    0,    0,    0,    0,    0,    0,    0,    0,    0,    0,    0,    0,    0,    0,    0,    0,    0,    0,    0,    0,    0,    0,    0,    0,   -8,    0,    6,    0,   -8,    0,    0,    0,    0,    6,    8,    0,    7,    0,    0,    6,    0,    0,    0,    0,    0,    0,    0,    0,    0,    0,    8,    7,    0,    0,    0,    8,    0,    0,    4,    0,    0,    0,    0,    0,    0,    0,    0,    0,    0,    0,    0,    0,    0,    0,    0,    0,    0,    0,    0,    0,    0,    0,    0,    0,    0,    0,    0,    0,    0,    7,    0,    0,    0,    0,    0,
       0,  -20,    0,   -5,   -4,   -9,    4,    5,    0,    0,  -10,    0,    0,    0,    0,    0,    0,    0,    0,    0,    0,    0,    0,    0,    0,    0,    0,   -5,    0,  -14,    0,    0,    0,    0,    0,    0,    0,    0,    0,    0,    0,    0,    0,    0,    0,    0,    0,    0,  -10,    0,    0,    0,    0,    0,    0,    0,    0,    0,    0,    0,    0,    0,    0,    0,    0,    0,    0,    0,  -21,    0,    0,    0,    0,    0,    0,    0,    0,    0,    0,    0,    0,    0,   -6,    0,    0,    0,    0,    0,    0,    0,    0,    0,    0,    0,    0,    0,    0,    0,    0,    0,    0,    0,    0,    0,    0,    0,    0,    0,    0,    0,    0,    0,    0,    0,    0,    0,    0,    0,    0,  -23,    0,    0,   -4,    0,    5,    0,    0,    0,    0,    0,    0,    0,    0,    0,    0,    0,    0,    0,    0,    0,    0,    0,    0,    0,    0,    0,    0,    0,    0,    0,    0,    0,    0,  -20,  -17,    0,    0,    0,    0,    0,
       0,  -11,    0,   -4,   -5,   -7,    0,    5,    0,    0,   -7,    0,    0,    0,    0,    0,    0,    0,    0,    0,    0,    0,    0,    0,    0,    0,    0,    0,    0,  -11,    0,    0,    0,    0,    0,    0,    0,    0,    0,    0,    0,    0,    0,    0,    0,    0,    0,    0,   -9,    0,    0,    0,    0,    0,    0,    0,    0,    0,    0,    0,    0,    0,    0,    0,    0,    0,    0,    0,    0,    0,    0,    0,    0,    0,    0,    0,    0,    0,    0,    0,    0,    0,    0,    0,    0,    0,    0,    0,    0,    0,    0,    0,    0,    0,    0,    0,    0,    0,    0,    0,    0,    0,    0,    0,    0,    0,    0,    0,    0,    0,    0,    0,    0,   -3,    0,    0,    0,    0,    0,    0,    0,    0,    0,    0,    0,    0,    0,    0,    0,   -6,    0,    0,    0,    0,    0,    0,    0,    0,    0,    0,    0,    0,    0,    0,    0,    0,    0,    0,    0,    0,    0,    0,    0,   -9,   -6,    0,    0,    0,    0,    0,
       0,    0,    0,    0,   -7,    0,    0,    4,   -6,    0,   -5,    0,    0,    0,    0,    0,    0,    0,    0,    0,    0,    0,    0,    0,    0,    0,    0,   -3,    0,   -9,    0,    0,    0,    0,    0,    0,    0,    0,    0,    0,    0,    0,    0,    0,    0,    0,    0,    0,   -6,    0,    0,    0,    0,    0,    0,    0,    0,    0,    0,    0,    0,    0,    0,    0,    0,    0,    0,    0,    0,    0,    0,    0,    0,   -6,    0,    0,    0,    0,    0,    0,    0,    0,    0,   -5,   -5,    0,    0,    0,    0,    0,    0,    0,    0,    0,    0,    0,    0,    0,    0,    0,    0,    0,    0,    0,    0,    0,    0,    0,    0,    0,    0,    0,    0,    0,    0,    0,    0,    0,    0,   -9,    0,    0,    0,    0,    0,    0,    0,    0,    0,    0,    0,    0,    0,    0,    0,    0,    0,    0,    0,    0,    0,    0,    0,    0,    0,    0,    0,    0,    0,    0,    0,    0,    0,    0,    0,    0,    0,    0,    0,    0,
       0,    0,    0,   -6,    0,  -12,    0,    0,    0,    0,    0,    0,    0,    0,    0,    0,    0,    0,    0,    0,    0,    0,    0,    0,    0,    0,    0,   -6,    0,    0,    0,    0,    0,    0,    0,    0,    0,    0,    0,    0,    0,    0,    0,    0,    0,    0,    0,    0,    0,    0,    0,    0,    0,    0,    0,    0,    0,    0,    0,    0,    0,    0,    0,    0,    0,    0,    0,    0,    0,   -5,    0,    0,    0,    0,    0,    0,    0,    0,    0,   -6,   -8,    0,    0,    0,    0,    0,    0,    0,    0,    0,    0,    0,    0,    0,    0,    0,    0,    0,  -12,    0,    0,    0,   -7,    0,  -10,    0,    0,    0,    0,    0,    0,    0,    0,    5,    0,   -9,    0,   -6,    0,    0,  -12,    0,  -11,   -5,    0,    0,   -5,    0,    0,    0,    0,    0,    0,    0,    0,    0,    0,    0,    0,    0,    0,    0,    0,    0,    0,    0,    0,    0,    0,    0,    0,    0,    0,    0,    0,    0,    0,    0,    0,    0,
       0,    0,    0,   -4,    0,    0,    6,    0,    0,    0,    0,    0,    0,    0,    0,    0,    0,    0,    0,    0,    0,    0,    0,    0,    0,    0,    0,    0,    0,    0,    0,    0,    0,    0,    0,    0,    0,    0,    0,    0,    0,    0,    0,    0,    0,    0,    0,    0,    0,   -3,    0,    0,    0,    0,    0,    0,    0,    0,    0,    0,    0,    0,    0,    0,    0,    0,    0,    0,    0,    0,    0,    0,    0,    0,    0,    0,    0,    0,    0,    0,    0,    0,    0,    0,    0,    0,    0,    0,    0,    0,    0,    4,    0,    4,    0,    0,    0,    0,    3,    5,    0,    4,    0,    0,    3,    0,    0,    0,    0,    0,    0,    0,    0,   12,    0,    5,    0,    0,    0,    0,    4,    0,    0,    0,    0,    0,    0,    0,    0,    0,    0,    0,    0,    0,    0,    0,    0,    0,    0,    0,    0,    0,    0,    0,    0,    0,    0,    0,    0,    0,    0,    0,    0,    0,    4,    0,    0,    0,    0,    0,
       0,    0,    0,    0,    0,    0,    0,    4,    0,    0,   -5,    0,    0,    0,    0,    0,    0,    0,    0,    0,    0,    0,    0,    0,    0,    0,    0,    0,    0,    0,    0,    0,    0,    0,    0,    0,    0,    0,    0,    0,    0,    0,    0,    0,    0,    0,    0,    0,    0,    0,    0,    0,    0,    0,    0,    0,    0,    0,    0,    0,    0,    0,    0,    0,    0,    0,    0,    0,    0,    0,    0,    0,    0,    0,    0,    0,    0,    0,    0,    0,    0,    0,    0,    0,    0,    0,    0,    0,    0,    0,    0,    0,    0,    0,    0,    0,    0,    0,    0,    0,    0,    0,    0,    0,    0,    0,    0,    0,    0,    0,    0,    0,    0,    8,    0,    0,    0,    0,    0,    0,    0,    0,    0,    0,    0,    0,    0,    0,    0,   -5,    0,    0,    0,    0,    0,    0,    0,    0,    0,    0,    0,    0,    0,    0,    0,    0,    0,    0,    0,    0,    0,    0,    0,    0,    0,    0,    0,    0,    0,    0,
       0,    0,    0,    0,    0,    0,    8,    0,    0,    0,    0,    0,    0,    0,    0,    0,    0,    0,    0,    0,    0,    0,    0,    0,    0,    0,    0,    0,    0,    0,    0,    0,    0,    0,    0,    0,    0,    0,    0,    0,    0,    0,    0,    0,    0,    0,    0,    0,    0,    0,    0,    0,    0,    0,    0,    0,    0,    0,    0,    0,    0,    0,    0,    0,    0,    0,    0,    0,    0,    0,    0,    4,    0,    0,    4,    0,    4,    0,    0,    0,   -6,    4,    0,    0,    0,    0,    0,    0,    0,    0,    0,    0,    0,    0,    0,    0,    0,    0,    0,    0,    0,    0,    0,    0,    0,    0,    0,    0,    0,    0,    0,    0,    0,    0,    0,    0,    0,    0,    0,    0,    0,    0,    0,    0,    9,    0,    0,    0,    0,    0,    0,    0,    0,    0,    0,    0,    0,    0,    0,    0,    0,    0,    0,    0,    0,    0,    0,    0,    0,    0,    0,    0,    0,    0,    0,    0,    0,    0,    0,    0,
       0,   -8,    0,    0,   -6,   -4,    0,    8,    0,    0,   -6,    0,    0,    0,    0,    0,    0,    0,    0,    0,    0,    0,    0,    0,    0,    0,    0,    0,    0,   -9,    0,    0,    0,    0,    0,    0,    0,    0,    0,    0,    0,    0,    0,    0,    0,    0,    0,    0,   -6,    0,    0,    0,    0,    0,    0,    0,    0,    0,    0,    0,    0,    0,    0,    0,    0,    0,    0,    0,    0,    0,    0,    0,    0,    0,    0,    0,    0,    0,    0,    0,    0,    0,    0,    0,    0,    0,    0,    0,    0,    0,    0,    0,    0,    0,    0,    0,    0,    0,    0,    0,    0,    0,    0,    0,    0,    0,    0,    0,    0,    0,    0,    0,    0,    0,    0,    0,    0,    0,    0,    0,    0,    0,    0,    0,    0,    0,    0,    0,    0,   -3,    0,    0,    0,    0,    0,    0,    0,    0,    0,    0,    0,    0,    0,    0,    0,    0,    0,    0,    0,    0,    0,    0,    0,   -6,   -6,    0,    0,    0,    0,    0,
       0,    0,    0,    0,   -7,    0,   -5,    7,  -11,    0,   -5,    0,    0,    0,    0,    0,    0,    0,    0,    0,    0,    0,    0,    0,    0,    0,    0,    0,    0,   -9,    0,    0,    0,    0,    0,    0,    0,    0,    0,    0,    0,    0,    0,    0,    0,    0,    0,    0,   -7,    0,    0,    0,    0,    0,    0,    0,    0,    0,    0,    0,    0,    0,    0,    0,    0,    0,    0,    0,    0,    0,    0,   -6,    0,   -7,   -6,    0,  -10,   -6,    0,    0,    0,   -9,    0,   -8,   -5,    0,    0,    0,    0,    0,    0,    0,    0,    0,    0,    0,    0,    0,    0,    0,    0,    0,    0,    0,    0,    0,    0,    0,    0,    0,    0,    0,    0,    0,    0,    0,    0,    0,    0,  -10,    0,    0,    0,    0,   -6,    0,    0,    0,   -7,    0,    0,    0,    0,    0,    0,    0,    0,    0,    0,    0,    0,    0,    0,    0,    0,    0,    0,    0,    0,    0,    0,    0,    0,    0,    0,    0,    0,    0,    0,    0,
       0,    0,    0,    0,    0,   -5,    0,    6,   -5,    0,    0,    0,    0,    0,    0,    0,    0,    0,    0,    0,    0,    0,    0,    0,    0,    0,    0,    0,    0,    0,    0,    0,    0,    0,    0,    0,    0,    0,    0,    0,    0,    0,    0,    0,    0,    0,    0,    0,    0,    0,    0,    0,    0,    0,    0,    0,    0,    0,    0,    0,    0,    0,    0,    0,    0,    0,    0,    0,    0,    0,   -4,    0,    0,    0,    0,    0,    0,    0,    0,    0,    0,    0,    0,    0,   -6,    0,    0,    0,    0,    0,    0,   -5,    0,    0,    0,    0,    0,    0,   -6,   -5,    0,   -4,    0,    0,   -6,    0,    0,    0,    0,    0,    0,    0,    0,    0,    0,   -3,    0,    0,    0,    0,   -6,    0,    0,    0,    0,    0,    0,    0,    0,  -12,    0,    0,    0,    0,    0,    0,    0,    0,    0,    0,    0,    0,    0,    0,    0,    0,    0,    0,    0,    0,    0,    0,    0,    0,    0,    0,    0,    0,    0,    0,
       0,    0,    0,   -4,    0,    0,    6,    0,    0,    0,   -5,    0,    0,    0,    0,    0,    0,    0,    0,    0,    0,    0,    0,    0,    0,    0,    0,    0,    0,    0,    0,    0,    0,    0,    0,    0,    0,    0,    0,    0,    0,    0,    0,    0,    0,    0,    0,   -4,    0,   -5,    0,    0,    0,    0,    0,    0,    0,    0,    0,    0,    0,    0,    0,    0,    0,    0,    0,    0,    0,    0,    0,    0,    0,    0,    0,    0,    0,    0,    0,    0,    0,    0,    0,    0,    0,    0,    0,    0,    0,    0,    0,    4,    0,    0,    0,    0,    0,    0,    0,    0,   -4,    4,    0,    0,    0,    0,    0,    0,    0,    0,    0,    0,    0,   13,    0,    0,    0,    0,    0,    0,    0,    0,    0,    0,    0,    0,    0,    0,    0,    0,    0,    0,    0,    0,    0,    0,    0,    0,    0,    0,    0,    0,    0,    0,    0,    0,    0,    0,    0,    0,    0,    0,    0,    0,    0,    0,    0,    0,    0,    0,
       0,    0,    0,    0,    0,    0,    0,    0,    0,    0,    0,    0,    0,    0,    0,    0,    0,    0,    0,    0,    0,    0,    0,    0,    0,    0,    0,    0,    0,    0,    0,    0,    0,    0,    0,    0,    0,    0,    0,    0,    0,    0,    0,    0,    0,    0,    0,    0,    0,    0,    0,    0,    0,    0,    0,    0,    0,    0,    0,    0,    0,    0,    0,    0,    0,    0,    0,    0,    0,    0,    0,    0,    0,    0,    0,    0,    0,    0,    0,    0,    0,    0,    0,    0,    0,    0,    0,    0,    0,    0,    0,    0,    0,    0,    0,    0,    0,    0,    0,    0,    0,    0,    0,    0,    0,    0,    0,    0,    0,    0,    0,    0,    0,    0,    0,    0,    0,    0,    0,    0,    0,    0,    0,    0,    0,    0,    0,    0,    0,    0,    0,    0,    0,    0,    0,    0,    0,    0,   -7,    0,   -4,   -1,    0,    0,    0,    0,    0,   -7,    0,   -3,    0,   -7,    0,    0,    0,    0,    0,    0,    0,    0,
       0,    0,    0,    0,    0,    0,    0,    0,    0,    0,    0,    0,    0,    0,    0,    0,    0,    0,    0,    0,    0,    0,    0,    0,    0,    0,    0,    0,    0,    0,    0,    0,    0,    0,    0,    0,    0,    0,    0,    0,    0,    0,    0,    0,    0,    0,    0,    0,    0,    0,    0,    0,    0,    0,    0,    0,    0,    0,    0,    0,    0,    0,    0,    0,    0,    0,    0,    0,    0,    0,    0,    0,    0,    0,    0,    0,    0,    0,    0,    0,    0,    0,    0,    0,    0,    0,    0,    0,    0,    0,    0,    0,    0,    0,    0,    0,    0,    0,    0,    0,    0,    0,    0,    0,    0,    0,    0,    0,    0,    0,    0,    0,    0,    0,    0,    0,    0,    0,    0,    0,    0,    0,    0,    0,    0,    0,    0,    0,    0,    0,    0,    0,    0,   -2,    0,    0,    0,    0,    0,   -2,    0,    0,    0,    0,   -8,    0,    0,   -8,    0,    0,   -3,    0,    0,    0,    0,    0,    0,    0,    0,    0,
       0,    0,    0,    0,    0,    0,    0,    0,    0,    0,    0,    0,    0,    0,    0,    0,    0,    0,    0,    0,    0,    0,    0,    0,    0,    0,    0,    0,    0,    0,    0,    0,    0,    0,    0,    0,    0,    0,    0,    0,    0,    0,    0,    0,    0,    0,    0,    0,    0,    0,    0,    0,    0,    0,    0,    0,    0,    0,    0,    0,    0,    0,    0,    0,    0,    0,    0,    0,    0,    0,    0,    0,    0,    0,    0,    0,    0,    0,    0,    0,    0,    0,    0,    0,    0,    0,    0,    0,    0,    0,    0,    0,    0,    0,    0,    0,    0,    0,    0,    0,    0,    0,    0,    0,    0,    0,    0,    0,    0,    0,    0,    0,    0,    0,    0,    0,    0,    0,    0,    0,    0,    0,    0,    0,    0,    0,    0,    0,    0,    0,    0,    3,    0,    0,    0,    0,    0,   -2,   -8,    0,   -2,   -4,    0,   -5,    0,    0,    0,   -3,    0,    0,    0,    0,    0,    0,    0,    0,    0,    0,    0,    0,
       0,    0,    0,    0,    0,    0,    0,    0,    0,    0,    0,    0,    0,    0,    0,    0,    0,    0,    0,    0,    0,    0,    0,    0,    0,    0,    0,    0,    0,    0,    0,    0,    0,    0,    0,    0,    0,    0,    0,    0,    0,    0,    0,    0,    0,    0,    0,    0,    0,    0,    0,    0,    0,    0,    0,    0,    0,    0,    0,    0,    0,    0,    0,    0,    0,    0,    0,    0,    0,    0,    0,    0,    0,    0,    0,    0,    0,    0,    0,    0,    0,    0,    0,    0,    0,    0,    0,    0,    0,    0,    0,    0,    0,    0,    0,    0,    0,    0,    0,    0,    0,    0,    0,    0,    0,    0,    0,    0,    0,    0,    0,    0,    0,    0,    0,    0,    0,    0,    0,    0,    0,    0,    0,    0,    0,    0,    0,    0,    0,    0,    0,  -13,    0,    0,   -7,    0,    0,   -2,    0,  -17,  -11,    0,   -3,   -2,   -8,    0,  -17,  -11,    0,    0,  -11,    0,    0,    0,    0,    0,    0,    0,    0,    0,
       0,    0,    0,    0,    0,    0,    0,    0,    0,    0,    0,    0,    0,    0,    0,    0,    0,    0,    0,    0,    0,    0,    0,    0,    0,    0,    0,    0,    0,    0,    0,    0,    0,    0,    0,    0,    0,    0,    0,    0,    0,    0,    0,    0,    0,    0,    0,    0,    0,    0,    0,    0,    0,    0,    0,    0,    0,    0,    0,    0,    0,    0,    0,    0,    0,    0,    0,    0,    0,    0,    0,    0,    0,    0,    0,    0,    0,    0,    0,    0,    0,    0,    0,    0,    0,    0,    0,    0,    0,    0,    0,    0,    0,    0,    0,    0,    0,    0,    0,    0,    0,    0,    0,    0,    0,    0,    0,    0,    0,    0,    0,    0,    0,    0,    0,    0,    0,    0,    0,    0,    0,    0,    0,    0,    0,    0,    0,    0,    0,    0,    0,   -4,    0,    0,    0,    0,    0,   -4,    0,    0,    0,    0,   -3,    0,   -5,    0,    0,   -7,    0,    0,   -7,    0,    0,    0,    0,    0,    0,    0,    0,    0,
       0,    0,    0,    0,    0,    0,    0,    0,    0,    0,    0,    0,    0,    0,    0,    0,    0,    0,    0,    0,    0,    0,    0,    0,    0,    0,    0,    0,    0,    0,    0,    0,    0,    0,    0,    0,    0,    0,    0,    0,    0,    0,    0,    0,    0,    0,    0,    0,    0,    0,    0,    0,    0,    0,    0,    0,    0,    0,    0,    0,    0,    0,    0,    0,    0,    0,    0,    0,    0,    0,    0,    0,    0,    0,    0,    0,    0,    0,    0,    0,    0,    0,    0,    0,    0,    0,    0,    0,    0,    0,    0,    0,    0,    0,    0,    0,    0,    0,    0,    0,    0,    0,    0,    0,    0,    0,    0,    0,    0,    0,    0,    0,    0,    0,    0,    0,    0,    0,    0,    0,    0,    0,    0,    0,    0,    0,    0,    0,    0,    0,    0,   -2,    0,    0,    0,    0,    0,    0,    0,    0,    0,    0,    0,    0,    0,    0,    0,    0,    0,    0,    0,    0,    0,    0,    0,    0,    0,    0,    0,    0,
       0,    0,    0,    0,    0,    0,    0,    0,    0,    0,    0,    0,    0,    0,    0,    0,    0,    0,    0,    0,    0,    0,    0,    0,    0,    0,    0,    0,    0,    0,    0,    0,    0,    0,    0,    0,    0,    0,    0,    0,    0,    0,    0,    0,    0,    0,    0,    0,    0,    0,    0,    0,    0,    0,    0,    0,    0,    0,    0,    0,    0,    0,    0,    0,    0,    0,    0,    0,    0,    0,    0,    0,    0,    0,    0,    0,    0,    0,    0,    0,    0,    0,    0,    0,    0,    0,    0,    0,    0,    0,    0,    0,    0,    0,    0,    0,    0,    0,    0,    0,    0,    0,    0,    0,    0,    0,    0,    0,    0,    0,    0,    0,    0,    0,    0,    0,    0,    0,    0,    0,    0,    0,    0,    0,    0,    0,    0,    0,    0,    0,    0,    0,    0,   -2,    0,    0,    0,   -7,    0,  -12,   -1,    0,    0,    0,    0,    0,   -7,   -5,   -2,   -2,   -2,    0,    0,    0,    0,    0,    0,    0,    0,    0,
       0,    0,    0,    0,    0,    0,    0,    0,    0,    0,    0,    0,    0,    0,    0,    0,    0,    0,    0,    0,    0,    0,    0,    0,    0,    0,    0,    0,    0,    0,    0,    0,    0,    0,    0,    0,    0,    0,    0,    0,    0,    0,    0,    0,    0,    0,    0,    0,    0,    0,    0,    0,    0,    0,    0,    0,    0,    0,    0,    0,    0,    0,    0,    0,    0,    0,    0,    0,    0,    0,    0,    0,    0,    0,    0,    0,    0,    0,    0,    0,    0,    0,    0,    0,    0,    0,    0,    0,    0,    0,    0,    0,    0,    0,    0,    0,    0,    0,    0,    0,    0,    0,    0,    0,    0,    0,    0,    0,    0,    0,    0,    0,    0,    0,    0,    0,    0,    0,    0,    0,    0,    0,    0,    0,    0,    0,    0,    0,    0,    0,    0,  -20,    0,    0,   -7,    0,   -5,   -5,    0,    0,   -5,    0,  -10,   -5,   -5,    0,    0,   -7,    0,    0,   -7,    0,   -7,    0,    0,    0,    0,    0,    0,    0,
       0,    0,    0,    0,    0,    0,    0,    0,    0,    0,    0,    0,    0,    0,    0,    0,    0,    0,    0,    0,    0,    0,    0,    0,    0,    0,    0,    0,    0,    0,    0,    0,    0,    0,    0,    0,    0,    0,    0,    0,    0,    0,    0,    0,    0,    0,    0,    0,    0,    0,    0,    0,    0,    0,    0,    0,    0,    0,    0,    0,    0,    0,    0,    0,    0,    0,    0,    0,    0,    0,    0,    0,    0,    0,    0,    0,    0,    0,    0,    0,    0,    0,    0,    0,    0,    0,    0,    0,    0,    0,    0,    0,    0,    0,    0,    0,    0,    0,    0,    0,    0,    0,    0,    0,    0,    0,    0,    0,    0,    0,    0,    0,    0,    0,    0,    0,    0,    0,    0,    0,    0,    0,    0,    0,    0,    0,    0,    0,    0,    0,    0,    0,    0,    0,    0,    0,    0,   -2,    0,    0,   -2,    0,    0,   -4,   -4,    0,   -7,   -7,    0,    0,    0,    0,    0,    0,    0,    0,    0,    0,    0,    0,
       0,    0,    0,    0,    0,    0,    0,    0,    0,    0,    0,    0,    0,    0,    0,    0,    0,    0,    0,    0,    0,    0,    0,    0,    0,    0,    0,    0,    0,    0,    0,    0,    0,    0,    0,    0,    0,    0,    0,    0,    0,    0,    0,    0,    0,    0,    0,    0,    0,    0,    0,    0,    0,    0,    0,    0,    0,    0,    0,    0,    0,    0,    0,    0,    0,    0,    0,    0,    0,    0,    0,    0,    0,    0,    0,    0,    0,    0,    0,    0,    0,    0,    0,    0,    0,    0,    0,    0,    0,    0,    0,    0,    0,    0,    0,    0,    0,    0,    0,    0,    0,    0,    0,    0,    0,    0,    0,    0,    0,    0,    0,    0,    0,    0,    0,    0,    0,    0,    0,    0,    0,    0,    0,    0,    0,    0,    0,    0,    0,    0,    0,  -13,   -2,    0,    0,    0,    0,   -2,    0,  -10,   -7,    0,    0,    0,   -2,    0,  -15,   -4,    0,    0,    0,    3,   -1,    0,    0,    0,    0,    0,    0,    0,
       0,    0,    0,    0,    0,    0,    0,    0,    0,    0,    0,    0,    0,    0,    0,    0,    0,    0,    0,    0,    0,    0,    0,    0,    0,    0,    0,    0,    0,    0,    0,    0,    0,    0,    0,    0,    0,    0,    0,    0,    0,    0,    0,    0,    0,    0,    0,    0,    0,    0,    0,    0,    0,    0,    0,    0,    0,    0,    0,    0,    0,    0,    0,    0,    0,    0,    0,    0,    0,    0,    0,    0,    0,    0,    0,    0,    0,    0,    0,    0,    0,    0,    0,    0,    0,    0,    0,    0,    0,    0,    0,    0,    0,    0,    0,    0,    0,    0,    0,    0,    0,    0,    0,    0,    0,    0,    0,    0,    0,    0,    0,    0,    0,    0,    0,    0,    0,    0,    0,    0,    0,    0,    0,    0,    0,    0,    0,    0,    0,    0,    0,    0,    0,    0,    0,    0,    0,    0,    0,    0,   -7,    0,   -2,   -7,   -8,    0,    0,   -9,    0,    0,    0,    0,    0,    0,    0,    0,    0,    0,    0,    0,
       0,    0,    0,    0,    0,    0,    0,    0,    0,    0,    0,    0,    0,    0,    0,    0,    0,    0,    0,    0,    0,    0,    0,    0,    0,    0,    0,    0,    0,    0,    0,    0,    0,    0,    0,    0,    0,    0,    0,    0,    0,    0,    0,    0,    0,    0,    0,    0,    0,    0,    0,    0,    0,    0,    0,    0,    0,    0,    0,    0,    0,    0,    0,    0,    0,    0,    0,    0,    0,    0,    0,    0,    0,    0,    0,    0,    0,    0,    0,    0,    0,    0,    0,    0,    0,    0,    0,    0,    0,    0,    0,    0,    0,    0,    0,    0,    0,    0,    0,    0,    0,    0,    0,    0,    0,    0,    0,    0,    0,    0,    0,    0,    0,    0,    0,    0,    0,    0,    0,    0,    0,    0,    0,    0,    0,    0,    0,    0,    0,    0,    0,    0,    0,    0,    0,    0,    0,   -4,   -6,    0,   -3,    0,    0,    0,    0,    0,    0,    0,    0,    0,    0,    0,    0,    0,    0,    0,    0,    0,    0,    0,
       0,    0,    0,    0,    0,    0,    0,    0,    0,    0,    0,    0,    0,    0,    0,    0,    0,    0,    0,    0,    0,    0,    0,    0,    0,    0,    0,    0,    0,    0,    0,    0,    0,    0,    0,    0,    0,    0,    0,    0,    0,    0,    0,    0,    0,    0,    0,    0,    0,    0,    0,    0,    0,    0,    0,    0,    0,    0,    0,    0,    0,    0,    0,    0,    0,    0,    0,    0,    0,    0,    0,    0,    0,    0,    0,    0,    0,    0,    0,    0,    0,    0,    0,    0,    0,    0,    0,    0,    0,    0,    0,    0,    0,    0,    0,    0,    0,    0,    0,    0,    0,    0,    0,    0,    0,    0,    0,    0,    0,    0,    0,    0,    0,    0,    0,    0,    0,    0,    0,    0,    0,    0,    0,    0,    0,    0,    0,    0,    0,    0,    0,    0,    0,    0,    0,    0,    0,   -2,    0,  -10,    0,   -2,    0,    0,   -2,    0,   -4,   -2,    0,    0,   -7,    0,    0,    0,    0,    0,    0,    0,    0,    0,
       0,    0,    0,    0,    0,    0,    0,    0,    0,    0,    0,    0,    0,    0,    0,    0,    0,    0,    0,    0,    0,    0,    0,    0,    0,    0,    0,    0,    0,    0,    0,    0,    0,    0,    0,    0,    0,    0,    0,    0,    0,    0,    0,    0,    0,    0,    0,    0,    0,    0,    0,    0,    0,    0,    0,    0,    0,    0,    0,    0,    0,    0,    0,    0,    0,    0,    0,    0,    0,    0,    0,    0,    0,    0,    0,    0,    0,    0,    0,    0,    0,    0,    0,    0,    0,    0,    0,    0,    0,    0,    0,    0,    0,    0,    0,    0,    0,    0,    0,    0,    0,    0,    0,    0,    0,    0,    0,    0,    0,    0,    0,    0,    0,    0,    0,    0,    0,    0,    0,    0,    0,    0,    0,    0,    0,    0,    0,    0,    0,    0,    0,    0,    0,    0,    0,    0,    0,   -5,    0,    0,    0,    0,    0,    0,   -3,    0,    0,    0,    0,    0,    0,    0,    0,    0,    0,    0,    0,    0,    0,    0,
       0,    0,    0,    0,    0,    0,    0,    0,    0,    0,    0,    0,    0,    0,    0,    0,    0,    0,    0,    0,    0,    0,    0,    0,    0,    0,    0,    0,    0,    0,    0,    0,    0,    0,    0,    0,    0,    0,    0,    0,    0,    0,    0,    0,    0,    0,    0,    0,    0,    0,    0,    0,    0,    0,    0,    0,    0,    0,    0,    0,    0,    0,    0,    0,    0,    0,    0,    0,    0,    0,    0,    0,    0,    0,    0,    0,    0,    0,    0,    0,    0,    0,    0,    0,    0,    0,    0,    0,    0,    0,    0,    0,    0,    0,    0,    0,    0,    0,    0,    0,    0,    0,    0,    0,    0,    0,    0,    0,    0,    0,    0,    0,    0,    0,    0,    0,    0,    0,    0,    0,    0,    0,    0,    0,    0,    0,    0,    0,    0,    0,    0,    0,    0,    0,    0,    0,    0,    0,    0,   -5,   -7,   -5,    0,    0,   -5,    0,  -12,   -2,    0,    0,    0,   -5,    0,    0,    0,    0,    0,    0,    0,    0,
       0,    0,    0,    0,    0,    0,    0,    0,    0,    0,    0,    0,    0,    0,    0,    0,    0,    0,    0,    0,    0,    0,    0,    0,    0,    0,    0,    0,    0,    0,    0,    0,    0,    0,    0,    0,    0,    0,    0,    0,    0,    0,    0,    0,    0,    0,    0,    0,    0,    0,    0,    0,    0,    0,    0,    0,    0,    0,    0,    0,    0,    0,    0,    0,    0,    0,    0,    0,    0,    0,    0,    0,    0,    0,    0,    0,    0,    0,    0,    0,    0,    0,    0,    0,    0,    0,    0,    0,    0,    0,    0,    0,    0,    0,    0,    0,    0,    0,    0,    0,    0,    0,    0,    0,    0,    0,    0,    0,    0,    0,    0,    0,    0,    0,    0,    0,    0,    0,    0,    0,    0,    0,    0,    0,    0,    0,    0,    0,    0,    0,   -2,   -3,    0,   -2,    0,    0,    0,    0,   -7,    0,    0,    0,   -3,    0,   -8,    0,    0,   -7,    0,    0,    0,    0,    0,    0,    0,    0,    0,    0,    0,    0,
       0,    0,    0,    0,    0,    0,    0,    0,    0,    0,    0,    0,    0,    0,    0,    0,    0,    0,    0,    0,    0,    0,    0,    0,    0,    0,    0,    0,    0,    0,    0,    0,    0,    0,    0,    0,    0,    0,    0,    0,    0,    0,    0,    0,    0,    0,    0,    0,    0,    0,    0,    0,    0,    0,    0,    0,    0,    0,    0,    0,    0,    0,    0,    0,    0,    0,    0,    0,    0,    0,    0,    0,    0,    0,    0,    0,    0,    0,    0,    0,    0,    0,    0,    0,    0,    0,    0,    0,    0,    0,    0,    0,    0,    0,    0,    0,    0,    0,    0,    0,    0,    0,    0,    0,    0,    0,    0,    0,    0,    0,    0,    0,    0,    0,    0,    0,    0,    0,    0,    0,    0,    0,    0,    0,    0,    0,    0,    0,    0,    0,    0,  -13,    0,    0,    0,    0,    0,   -7,    0,  -10,   -2,    0,    0,   -5,   -7,    0,  -10,   -7,    0,    0,   -7,    0,   -8,    0,    0,    0,    0,    0,    0,    0,
       0,    0,    0,    0,    0,    0,    0,    0,    0,    0,    0,    0,    0,    0,    0,    0,    0,    0,    0,    0,    0,    0,    0,    0,    0,    0,    0,    0,    0,    0,    0,    0,    0,    0,    0,    0,    0,    0,    0,    0,    0,    0,    0,    0,    0,    0,    0,    0,    0,    0,    0,    0,    0,    0,    0,    0,    0,    0,    0,    0,    0,    0,    0,    0,    0,    0,    0,    0,    0,    0,    0,    0,    0,    0,    0,    0,    0,    0,    0,    0,    0,    0,    0,    0,    0,    0,    0,    0,    0,    0,    0,    0,    0,    0,    0,    0,    0,    0,    0,    0,    0,    0,    0,    0,    0,    0,    0,    0,    0,    0,    0,    0,    0,    0,    0,    0,    0,    0,    0,    0,    0,    0,    0,    0,    0,    0,    0,    0,    0,    0,    0,   -9,    0,    0,    0,    0,    0,   -2,    0,    0,   -9,    0,   -5,    0,   -7,    0,    0,   -5,    0,    0,   -5,    0,    0,    0,    0,    0,    0,    0,    0,    0,
       0,    0,    0,    0,    0,    0,    0,    0,    0,    0,    0,    0,    0,    0,    0,    0,    0,    0,    0,    0,    0,    0,    0,    0,    0,    0,    0,    0,    0,    0,    0,    0,    0,    0,    0,    0,    0,    0,    0,    0,    0,    0,    0,    0,    0,    0,    0,    0,    0,    0,    0,    0,    0,    0,    0,    0,    0,    0,    0,    0,    0,    0,    0,    0,    0,    0,    0,    0,    0,    0,    0,    0,    0,    0,    0,    0,    0,    0,    0,    0,    0,    0,    0,    0,    0,    0,    0,    0,    0,    0,    0,    0,    0,    0,    0,    0,    0,    0,    0,    0,    0,    0,    0,    0,    0,    0,    0,    0,    0,    0,    0,    0,    0,    0,    0,    0,    0,    0,    0,    0,    0,    0,    0,    0,    0,    0,    0,    0,    0,    0,    0,    0,    0,  -16,    0,  -17,    0,    0,   -6,    0,   -2,   -2,    0,  -12,  -13,  -13,    0,   -3,    0,    0,    0,   -7,    0,    0,    0,    0,    0,    0,    0,    0,
       0,    0,    0,    0,    0,    0,    0,    0,    0,    0,    0,    0,  -27,    0,  -10,  -10,  -32,   -7,  -10,    5,    6,    6,    9,   11,    5,    9,    7,    0,    0,    0,   -9,    0,  -11,  -14,    0,    0,    0,    0,    0,   -7,    0,    0,    4,    4,    0,    4,    0,    0,    0,    0,    0,  -65,    0,   -9,    0,    0,    0,  -23,    0,    0,    0,    0,    0,    0,    0,    0,    0,   -7,    6,    0,    5,  -32,  -20,    0,  -27,  -18,    4,    0,   -7,  -10,   -4,    5,    5,    0,    0,   -9,    0,    0,    0,  -14,  -11,    0,    0,  -15,   -5,  -14,    0,  -10,    0,    0,  -18,    0,    0,    0,    0,    0,    0,   -7,    5,   -8,   -7,    0,    0,    0,    5,    0,    0,    0,   -9,    5,    0,    0,    0,    0,  -34,   -5,    0,   -3,    0,    0,    0,    0,    0,    0,    0,    0,    0,    0,    0,    0,    0,    0,    0,    0,    0,    0,    0,    0,    0,    0,    0,    0,    0,    0,    0,    0,    0,    0,    0,    0,
       0,    0,    0,    0,    0,    0,    0,    0,    0,    0,    0,    0,  -33,    0,  -12,  -12,  -35,    0,  -12,   -7,    6,    4,    9,   10,    5,    7,    6,    0,    0,    0,  -21,   -3,  -24,  -24,   -6,   -3,   -3,    0,  -14,  -26,    0,  -11,   -3,   -3,    0,   -3,  -11,    0,    0,    0,    0,  -43,   -7,  -21,   -3,   -3,   -3,  -24,   -3,   -3,   -3,    0,    0,    0,    0,    0,    0,  -10,    6,   -6,   -7,  -35,  -22,    0,  -33,  -21,    0,    0,    0,  -12,   -8,    5,    0,    0,   -4,  -21,    0,   -7,   -7,  -19,  -16,    0,   -5,  -21,  -10,  -24,   -8,  -16,    0,    0,  -23,    0,    0,   -7,    0,   -5,   -6,  -13,    0,  -15,  -26,    0,    0,    0,    0,    0,    0,   -6,  -16,    4,    0,    0,    0,   -4,  -36,  -10,   -4,   -9,    0,   -6,    0,    0,    0,    0,    0,    0,    0,    0,    0,    0,    0,    0,    0,    0,    0,    0,    0,    0,    0,    0,    0,    0,    0,    0,    0,    0,    0,    0,    0,    0,
       0,    0,    0,    0,    0,    0,    0,    0,    0,    0,    0,    0,    7,    0,  -11,  -11,    7,    0,  -11,    3,  -25,   -7,  -42,  -25,    8,  -36,    7,    0,    0,    0,    3,    3,    0,    0,    3,    3,    3,   10,    3,    4,    0,    3,  -14,  -10,    7,  -14,    8,    0,    0,    0,    0,    8,    0,    3,    3,    3,    3,    0,    3,    3,    3,    0,    0,    0,    0,    0,    0,    0,    0,    0,    0,    0,    0,    0,    0,    0,    0,    0,    0,    0,    0,    0,    0,    0,    0,    0,    0,    0,    0,    0,    0,    0,    0,    0,    0,    0,    0,    0,    0,    0,    0,    0,    0,    0,    0,    0,    0,    0,    0,    0,    0,    0,    0,    0,    0,    0,    0,    0,    0,    0,    0,    0,    0,    0,    0,    0,    0,    0,    0,    0,    0,    0,    0,    0,    0,    0,    0,    0,    0,    0,    0,    0,    0,    0,    0,    0,    0,    0,    0,    0,    0,    0,    0,    0,    0,    0,    0,    0,    0,    0,
       0,    0,    0,    0,    0,    0,    0,    0,    0,    0,    0,    0,    0,    0,    0,    0,    0,    0,    0,    0,    0,    0,    0,    0,    0,    0,    0,    0,    0,    0,    0,    0,    0,    0,    0,    0,    0,    0,    0,    0,    0,    0,    0,    0,    0,    0,    0,    0,    0,    0,    0,    0,    0,    0,    0,    0,    0,    0,    0,    0,    0,    0,    0,    0,    0,    0,    0,    0,    0,    0,    0,    0,    0,    0,    0,    0,    0,    0,    0,    0,    0,    0,    0,    0,    0,    0,    0,    0,    0,    0,    0,    0,    0,    0,    0,    0,    0,    0,    0,    0,    0,    0,    0,    0,    0,    0,    0,    0,    0,    0,    0,    0,    0,    0,    0,    0,    0,    0,    0,    0,    0,    0,    0,    0,    0,    0,    0,    0,    0,    0,    0,    0,    0,    0,    0,    0,    0,    0,    0,    0,    0,    0,    0,    0,    0,    0,    0,    0,    0,    0,    0,    0,    0,    0,    0,    0,  -13,   -8,  -10,   17,
};

static const EpdLigaturePair ubuntu_10_boldLigaturePairs[] = {
    { 0x00660066, 0xFB00 }, // f f -> U+FB00
    { 0x00660069, 0xFB01 }, // f i -> U+FB01
    { 0x0066006C, 0xFB02 }, // f l -> U+FB02
    { 0xFB000069, 0xFB03 }, // U+FB00 i -> U+FB03
    { 0xFB00006C, 0xFB04 }, // U+FB00 l -> U+FB04
};

static const EpdFontData ubuntu_10_bold = {
    ubuntu_10_boldBitmaps,
    ubuntu_10_boldGlyphs,
    ubuntu_10_boldIntervals,
    73,
    24,
    20,
    -4,
    false,
    nullptr,
    0,
    nullptr,
    ubuntu_10_boldKernLeftClasses,
    ubuntu_10_boldKernRightClasses,
    ubuntu_10_boldKernMatrix,
    578,
    578,
    174,
    160,
    ubuntu_10_boldLigaturePairs,
    5,
};
